query_id,enquiry_date,buyer_glid,seller_glid,subject,message,mcat_id,product_name,search_keyword,source_module,read_status,first_read_date,buyer_city,buyer_state,buyer_country,buyer_company,buyer_designation,seller_city,seller_company
3159525382,2026-07-18 09:42:03,214845565,95568576,Enquiry for Sandisk Pendrive Usb 2.0 from Shivratan via IndiaMART,I am interested in Sandisk Pendrive Usb 2.0,182083.0,Sandisk Pendrive Usb 2.0,,ANDWEB,-3,2026-07-20 18:59:01,New Delhi,Delhi,India,NECI COMPUTER INSTITUTE,,New Delhi,Alfa Enterprises
3159589335,2026-07-18 12:30:08,258662847,95568576,Enquiry for SanDisk Pendrive 256 Gb Usb 2.0 Cruzer Blade from Shrey via IndiaMART,I am interested in SanDisk Pendrive 256 Gb Usb 2.0 Cruzer Blade,182083.0,SanDisk Pendrive 256 Gb Usb 2.0 Cruzer Blade,,IMOB,-3,2026-07-20 18:57:42,Noida,Uttar Pradesh,India,,,New Delhi,Alfa Enterprises
3159676461,2026-07-18 16:05:41,150194540,95568576,Enquiry for Sandisk Pendrive 64 Gb from SUKHVEER via IndiaMART,I am interested in Sandisk Pendrive 64 Gb,182083.0,Sandisk Pendrive 64 Gb,,IMOB,-3,2026-07-20 18:58:17,Dhuri,Punjab,India,,,New Delhi,Alfa Enterprises
3159739351,2026-07-18 19:00:31,92694135,95568576,Enquiry for Sandisk Cruzer Blade 128gb Usb 2.0 Pen Drive from Sachin via IndiaMART,I am interested in Sandisk Cruzer Blade 128gb Usb 2.0 Pen Drive,182083.0,Sandisk Cruzer Blade 128gb Usb 2.0 Pen Drive,,ANDWEB,-3,2026-07-20 18:58:32,Baberu,Uttar Pradesh,India,Online Shop,,New Delhi,Alfa Enterprises
3161525448,2026-07-24 00:39:52,54847772,95568576,Enquiry for Sandisk Cruzer Blade Usb 2.0 Pen Drive 32 Gb from Mrsvprasad via IndiaMART,I am interested in Sandisk Cruzer Blade Usb 2.0 Pen Drive 32 Gb,182083.0,Sandisk Cruzer Blade Usb 2.0 Pen Drive 32 Gb,,DIR,-3,2026-07-26 12:38:14,Prakasam,Andhra Pradesh,India,prasadstudio,,New Delhi,Alfa Enterprises
3161766174,2026-07-24 18:28:50,257398538,95568576,Enquiry for Sandisk Pendrive 128 Gb from HARSH via IndiaMART,I am interested in Sandisk Pendrive 128 Gb,182083.0,Sandisk Pendrive 128 Gb,,ANDWEB,-3,2026-07-26 12:38:09,Ghaziabad,Uttar Pradesh,India,,,New Delhi,Alfa Enterprises
3162008000,2026-07-25 14:10:54,105820822,95568576,Enquiry for Sandisk Pendrive 16 Gb Usb 2.0 from Subhash via IndiaMART,I am interested in Sandisk Pendrive 16 Gb Usb 2.0,182083.0,Sandisk Pendrive 16 Gb Usb 2.0,sandisk pen drive,ANDWEB,-3,2026-07-25 14:17:13,New Delhi,Delhi,India,,,New Delhi,Alfa Enterprises
3162167551,2026-07-25 22:23:48,140665220,95568576,Enquiry for Sandisk Pendrive Usb 2.0 Cruzer Blade from MIR via IndiaMART,I am interested in Sandisk Pendrive Usb 2.0 Cruzer Blade,182083.0,Sandisk Pendrive Usb 2.0 Cruzer Blade,,IMOB,-3,2026-07-25 23:22:32,Pulwama,Jammu & Kashmir,India,,,New Delhi,Alfa Enterprises
3162542154,2026-07-27 09:47:56,163172637,95568576,Enquiry for Lexar Up200 32 GB Pen Drive from NKs Pappu,"Capacity:   32 GB
 Brand:   Lexar
 USB Version:   2.0
 Usage/Application:   Resale",33874.0,Lexar Up200 32 GB Pen Drive,,ASTBUY,-3,2026-07-28 12:35:52,New Delhi,Delhi,India,,,New Delhi,Alfa Enterprises
3162726588,2026-07-27 17:00:38,180235629,95568576,Enquiry for Sandisk Cruzer Blade 8gb Pen Drive from SHRI SAI XEROX,"SanDisk pen drive from Nehru Place, SanDisk pen drive

Capacity: 8 GB
USB Version: 3.2
Body Material: Plastic
Probable Order Value: Rs. 2.5 - 2.8 Lakh
Probable Requirement Type: Business Use
Quantity: 1000   Piece",182083.0,Sandisk Cruzer Blade 8gb Pen Drive,,ASTBUY,-3,2026-07-28 12:35:37,Faridabad,Haryana,India,,,New Delhi,Alfa Enterprises
3163054783,2026-07-28 14:51:18,64788613,95568576,Enquiry for Sandisk Pendrive 16 Gb from Vandana via IndiaMART,I am interested in Sandisk Pendrive 16 Gb,182083.0,Sandisk Pendrive 16 Gb,,PRODDTL,-3,2026-07-30 12:25:42,New Delhi,Delhi,India,,,New Delhi,Alfa Enterprises
3163393661,2026-07-29 13:30:06,56042767,95568576,Enquiry for Sandisk Pendrive 16 Gb from Aditya via IndiaMART,8 gb 1000 pcs,182083.0,Sandisk Pendrive 16 Gb,sandisk pen drive,ANDWEB,-3,2026-07-30 12:25:20,Patna,Bihar,India,Ayushka Solutions,,New Delhi,Alfa Enterprises
3163669597,2026-07-30 09:47:54,60135206,95568576,Enquiry for 16 Gb Pendrive Sandisk from Popatpopatra Memon,"Buyer Filled Details:   128 GB, 32 GB, 128 GB
 Probable Order Value:   Rs. 7,400 - 11,000
 Quantity:   40   Piece
 Capacity:   64 GB
 Storage Capacity:   64 GB",182083.0,16 Gb Pendrive Sandisk,,ASTBUY,-3,2026-07-30 12:26:57,New Delhi,Delhi,India,,,New Delhi,Alfa Enterprises
3163672953,2026-07-30 09:57:14,272504319,95568576,Enquiry for Sandisk Pendrive 32 Gb via IndiaMART,I am interested in Sandisk Pendrive 32 Gb,182083.0,Sandisk Pendrive 32 Gb,,IMOB,-3,2026-07-30 12:24:58,Nawada,Bihar,India,,,New Delhi,Alfa Enterprises
3163935330,2026-07-30 20:32:53,80666657,95568576,Enquiry for 32 Gb USB 3.0 Plastic Plastic Sandisk Pendrive from Narender via IndiaMART,I am interested in 32 Gb USB 3.0 Plastic Plastic Sandisk Pendrive,182083.0,32 Gb USB 3.0 Plastic Plastic Sandisk Pendrive,,IMOB,-3,2026-07-30 20:33:10,New Delhi,Delhi,India,,,New Delhi,Alfa Enterprises
3164005412,2026-07-31 03:00:53,105830635,95568576,Enquiry for Sandisk Pendrive 32 Gb from Rishi via IndiaMART,I am interested in Sandisk Pendrive 32 Gb,182083.0,Sandisk Pendrive 32 Gb,,IMOB,-3,2026-07-31 20:09:20,Mumbai,Maharashtra,India,Big Imports And Gifts,Owner,New Delhi,Alfa Enterprises
3164056444,2026-07-31 10:18:49,272555449,95568576,Enquiry for Sandisk Pendrive 16 Gb from Vasu via IndiaMART,I am interested in Sandisk Pendrive 16 Gb,182083.0,Sandisk Pendrive 16 Gb,pendrive cabinet sandisk,ANDWEB,-3,2026-07-31 20:09:05,Gaurela,Chhattisgarh,India,,,New Delhi,Alfa Enterprises
3164193202,2026-07-31 15:48:15,222390045,95568576,Enquiry for HP Pendrive 32 Gb from Ankur Arora,"Storage Capacity:   32 GB
 USB Version:   3.2
 Material:   Metal
 Buyer Filled Details:   3.0
 Probable Order Value:   Rs. 6,800 - 12,000
 Probable Requirement Type:   Business Use
 Quantity:   40   Piece",182082.0,HP Pendrive 32 Gb,,ASTBUY,-3,2026-07-31 20:05:30,New Delhi,Delhi,India,,,New Delhi,Alfa Enterprises
3164239434,2026-07-31 17:43:27,87046401,95568576,Enquiry for Samsung Evo Plus Memory Card 128 Gb from ATIN via IndiaMART,I am interested in Samsung Evo Plus Memory Card 128 Gb,184855.0,Samsung Evo Plus Memory Card 128 Gb,,MDC,-3,2026-07-31 20:07:00,Noida,Uttar Pradesh,India,,,New Delhi,Alfa Enterprises
3164240658,2026-07-31 17:47:19,87046401,95568576,Enquiry for Samsung Evo Plus Memory Card 256 Gb from ATIN via IndiaMART,I am interested in Samsung Evo Plus Memory Card 256 Gb,184855.0,Samsung Evo Plus Memory Card 256 Gb,,MDC,-3,2026-07-31 20:07:00,Noida,Uttar Pradesh,India,,,New Delhi,Alfa Enterprises
3164267538,2026-07-31 19:00:15,218646360,95568576,Enquiry for Sandisk Pendrive 16 Gb from SURESH via IndiaMART,I am interested in Sandisk Pendrive 16 Gb,182083.0,Sandisk Pendrive 16 Gb,,ANDWEB,-3,2026-07-31 20:06:25,Fatehpur Sikri,Uttar Pradesh,India,Suresh Gifting Point,,New Delhi,Alfa Enterprises
3164297542,2026-07-31 20:32:13,137512127,95568576,Enquiry for Usb Sandisk Pendrive 2.0 Cruzer Blade from GANAPATI via IndiaMART,ok,182083.0,Usb Sandisk Pendrive 2.0 Cruzer Blade,,MDC,-3,2026-07-31 20:34:18,Koraput,Odisha,India,Ganesh Communication,,New Delhi,Alfa Enterprises
3164303758,2026-07-31 20:52:13,231501372,95568576,Enquiry for SanDisk 64 GB SDXC UHS-I Memory Card from RENISHJEN via IndiaMART,I am interested in SanDisk 64 GB SDXC UHS-I Memory Card,184308.0,SanDisk 64 GB SDXC UHS-I Memory Card,,IMOB,-3,2026-07-31 21:04:27,Rajkot,Gujarat,India,,,New Delhi,Alfa Enterprises
3164465075,2026-08-01 12:32:41,240229077,95568576,Enquiry for Sandisk Cruzer Blade 128gb Usb 2.0 Pen Drive from Jani via IndiaMART,I am interested in Sandisk Cruzer Blade 128gb Usb 2.0 Pen Drive,182083.0,Sandisk Cruzer Blade 128gb Usb 2.0 Pen Drive,,IMOB,-3,2026-08-01 14:05:37,Guntur,Andhra Pradesh,India,,,New Delhi,Alfa Enterprises
3164671692,2026-08-01 22:14:09,265016586,95568576,Enquiry for SanDisk 256 GB USB 3.2 Type-A Flash Drive from Ateek via IndiaMART,I am interested in SanDisk 256 GB USB 3.2 Type-A Flash Drive,182083.0,SanDisk 256 GB USB 3.2 Type-A Flash Drive,,IOSWEB,-3,2026-08-03 00:46:57,New Delhi,Delhi,India,,,New Delhi,Alfa Enterprises
3164718392,2026-08-02 06:57:49,44765693,95568576,Enquiry for Sandisk Pendrive 128 Gb from Shashank via IndiaMART,I am interested in Sandisk Pendrive 128 Gb,182083.0,Sandisk Pendrive 128 Gb,sandisk 3.0 pendrive,IMOB,-3,2026-08-03 00:46:18,Satna,Madhya Pradesh,India,FILMSHASHTRA,,New Delhi,Alfa Enterprises
3164735807,2026-08-02 09:02:57,55410288,95568576,Enquiry for Sandisk Pendrive 32 Gb from Rajgowsami via IndiaMART,I am interested in Sandisk Pendrive 32 Gb,182083.0,Sandisk Pendrive 32 Gb,sandisk pendrive,ANDWEB,-3,2026-08-03 00:46:04,Orai,Uttar Pradesh,India,Goswami Digital Studio,,New Delhi,Alfa Enterprises
3164797724,2026-08-02 12:31:23,66034674,95568576,Enquiry for Sandisk 64gb Micro SD Card from ANKIT,"Storage Capacity: 64 GB
Product Series: Ultra
Card Type: Micro SD
Probable Order Value: Rs. 9,100 - 12,000
Probable Requirement Type: Business Use
Quantity: 20   Piece",184308.0,Sandisk 64gb Micro SD Card,,ASTBUY,-3,2026-08-03 00:45:42,New Delhi,Delhi,India,ANKIT PAL,,New Delhi,Alfa Enterprises
3164836278,2026-08-02 14:24:47,271249708,95568576,Enquiry for Sandisk Pendrive 16 Gb from Bikashchandra via IndiaMART,I am interested in Sandisk Pendrive 16 Gb,182083.0,Sandisk Pendrive 16 Gb,,ANDWEB,-3,2026-08-03 00:45:33,Jajpur,Odisha,India,C.A.TRENDYCHOICE,,New Delhi,Alfa Enterprises
3164937054,2026-08-02 20:02:26,271587726,95568576,Enquiry for SanDisk 64gb Extreme Microsd Card from Abhi,"Storage Capacity: 64 GB
Product Series: Extreme Pro
Card Type: Micro SD
Probable Order Value: Rs. 5,900 - 6,500
Probable Requirement Type: Business Use
Quantity: 13   Piece",184308.0,SanDisk 64gb Extreme Microsd Card,,ASTBUY,-3,2026-08-03 00:45:25,New Delhi,Delhi,India,,,New Delhi,Alfa Enterprises
3165066338,2026-08-03 10:39:36,269843967,95568576,Enquiry for HP 128 GB 712w USB 3.2 Flash Drive Blue from Dhruv,"Probable Requirement Type: Business Use
Quantity: 50   Piece
Storage Capacity: 128 GB
USB Version: 3.2
Material: Metal
Probable Order Value: Rs. 22,000 - 35,000",182082.0,HP 128 GB 712w USB 3.2 Flash Drive Blue,,ASTBUY,-3,2026-08-03 17:32:15,New Delhi,Delhi,India,,,New Delhi,Alfa Enterprises
3165132757,2026-08-03 13:21:39,272702802,95568576,Enquiry for Sandisk Pendrive 16 Gb from Nik via IndiaMART,"sandisk pendrive : filter{ Capacity: 16 GB }, sandisk pendrive, pen drive : filter{ Capacity: 16 GB }, pen drives",182083.0,Sandisk Pendrive 16 Gb,,DIR,-3,2026-08-03 17:30:30,New Delhi,Delhi,India,,,New Delhi,Alfa Enterprises
3165171850,2026-08-03 14:47:41,77069742,95568576,Enquiry for Plastic USB Pen Drive from Samar,,87558.0,Plastic USB Pen Drive,,ASTBUY,-3,2026-08-03 17:30:27,Delhi,Delhi,India,,,New Delhi,Alfa Enterprises
3165222076,2026-08-03 16:46:55,2098523,95568576,Enquiry for Sandisk Pendrive 16 Gb from Sanjay via IndiaMART,"Looking for USB Flash Drive 3.0
SanDisk   16 GB
SDC248-016G-135",182083.0,Sandisk Pendrive 16 Gb,,PRODDTL,-3,2026-08-03 17:30:14,New Delhi,Delhi,India,AMP Impex Private Limited,Manager-Business Development,New Delhi,Alfa Enterprises
3165238850,2026-08-03 17:29:38,142502816,95568576,Enquiry for SanDisk Standard SD Card 8gb Memory Cards from Manish,"Probable Requirement Type: Business Use
Quantity: 300   Piece
Storage Capacity: 8 GB
Product Series: Ultra
Card Type: SD Card
Probable Order Value: Rs. 1 to 2 Lakh",184308.0,SanDisk Standard SD Card 8gb Memory Cards,,ASTBUY,-3,2026-08-03 17:29:45,Delhi,Delhi,India,Sanri Made India Pvt.ltd.,,New Delhi,Alfa Enterprises
3165626577,2026-08-04 17:53:42,108781752,95568576,Enquiry for 32 Gb USB 3.0 Plastic Plastic Sandisk Pendrive from Tara via IndiaMART,"sandisk 32gb pendrive 3.0, sandisk 32gb pendrive 2.0, pendrive 32 gb, pendrive 32 gb : filter{ Capacity: 32 GB }, pan drive 32 gb, Sandisk ki ho",182083.0,32 Gb USB 3.0 Plastic Plastic Sandisk Pendrive,,DIR,-3,2026-08-04 19:11:35,Delhi,Delhi,India,Anu Wedlock studio,,New Delhi,Alfa Enterprises
3165687055,2026-08-04 20:42:03,191943818,95568576,Enquiry for Sandisk Pendrive 32 Gb from Ram Shanker,"Probable Order Value: Rs. 2.8 - 3 Lakh
Probable Requirement Type: Business Use
Quantity: 500   Piece
Capacity: 32 GB",182083.0,Sandisk Pendrive 32 Gb,,ASTBUY,-3,2026-08-05 08:24:14,New Delhi,Delhi,India,Pacific Creation,,New Delhi,Alfa Enterprises
3165697340,2026-08-04 21:12:26,235396732,95568576,Enquiry for Sandisk Cruzer Blade 128gb Usb 2.0 Pen Drive from Madhusmita via IndiaMART,I am interested in Sandisk Cruzer Blade 128gb Usb 2.0 Pen Drive,182083.0,Sandisk Cruzer Blade 128gb Usb 2.0 Pen Drive,,IMOB,-3,2026-08-05 08:26:26,Bhubaneswar,Odisha,India,,,New Delhi,Alfa Enterprises
3166106039,2026-08-05 22:47:44,271802974,95568576,Enquiry for Sandisk Pendrive 16 Gb from Tanishq via IndiaMART,sandisk pendrive,182083.0,Sandisk Pendrive 16 Gb,,DIR,-3,2026-08-06 15:33:43,Timarni,Madhya Pradesh,India,Your Essential,Proprieter,New Delhi,Alfa Enterprises
3166198606,2026-08-06 10:38:45,233621114,95568576,Enquiry for SanDisk Ultra 128gb Microsdxc Uhs I Memory Card from Jjitusinghrathore,"Storage Capacity: 128 GB
Probable Requirement Type: Business Use",184308.0,SanDisk Ultra 128gb Microsdxc Uhs I Memory Card,,ASTBUY,-3,2026-08-06 15:34:06,New Delhi,Delhi,India,,,New Delhi,Alfa Enterprises
3166241195,2026-08-06 12:15:09,272850188,95568576,Enquiry for SanDisk Ultra Flair 64gb USB 3.0 Pen Drive from MS,"Probable Requirement Type: Business Use
Quantity: 3000   piece
Capacity: 64 GB
Buyer Filled Details: The buyer is located in New Delhi and specifically requested the stainless steel version of the pen drive.
Probable Order Value: Rs. 13.5 - 14.1 Lakh",182083.0,SanDisk Ultra Flair 64gb USB 3.0 Pen Drive,,ASTBUY,-3,2026-08-06 15:34:11,New Delhi,Delhi,India,,,New Delhi,Alfa Enterprises
3166399211,2026-08-06 18:12:25,121001853,95568576,Enquiry for Sandisk Pendrive 16 Gb from Amrat via IndiaMART,I am interested in Sandisk Pendrive 16 Gb,182083.0,Sandisk Pendrive 16 Gb,,ANDWEB,-3,2026-08-07 19:51:22,Jodhpur,Rajasthan,India,Mobile Accessories Wholsale,,New Delhi,Alfa Enterprises
3166607706,2026-08-07 11:35:21,264893165,95568576,Enquiry for Sandisk Pendrive 16 Gb from Abishek via IndiaMART,I am interested in Sandisk Pendrive 16 Gb,182083.0,Sandisk Pendrive 16 Gb,,ANDWEB,-3,2026-08-07 19:51:13,Thoothukudi,Tamil Nadu,India,Ash Musicals,Musicals,New Delhi,Alfa Enterprises
3166633538,2026-08-07 12:32:00,38922949,95568576,Enquiry for HP 16 GB USB Flash Drive from Sachin via IndiaMART,"san disk ultra pen drive near new delhi, hp pen drive, kingston pen drive, require 3.0 usb 32gb 2pen drives",182083.0,HP 16 GB USB Flash Drive,,DIR,-3,2026-08-07 19:51:08,New Delhi,Delhi,India,Aggarwal Iron & Steel Works,Owner,New Delhi,Alfa Enterprises
3166639877,2026-08-07 12:43:49,202239896,95568576,Enquiry for Sandisk 100% Original Company Ultra Dual Drive 256 Gb from Pankaj Chugh,"Quantity: 512   Piece
Capacity: 256 GB
Storage Capacity: 512 GB
Probable Order Value: Rs. 2.3 - 3.1 Lakh
Probable Requirement Type: Business Use",182083.0,Sandisk 100% Original Company Ultra Dual Drive 256 Gb,,ASTBUY,-3,2026-08-07 19:51:05,Gurugram,Haryana,India,Honda Ram & Sons,,New Delhi,Alfa Enterprises
3166737806,2026-08-07 16:33:13,213298178,95568576,Enquiry for Pen Drives from PREMJIT SINGH SO CHHOTELAL SINGH,"Capacity: 32 Gb
Flash Type: Studio",33874.0,Pen Drives,,ASTBUY,-3,2026-08-07 19:50:36,New Delhi,Delhi,India,,,New Delhi,Alfa Enterprises
3166870427,2026-08-07 23:06:24,191951326,95568576,Enquiry for HP Memory Card from Satwant Singh,"Probable Requirement Type: Business Use
Quantity: 16   Units
Capacity: 16 GB
Card Format: MicroSD Card
Buyer Filled Details: CompactFlash
Probable Order Value: Rs. 7,200 - 14,000",192458.0,HP Memory Card,,ASTBUY,-3,2026-08-08 19:08:05,Ghaziabad,Uttar Pradesh,India,,,New Delhi,Alfa Enterprises
3167129469,2026-08-08 17:53:34,8173584,95568576,Enquiry for EVO 16 from Surender Kumar Yadav,"Quantity:   10   piece
 Probable Order Value:   Rs. 4,500 - 6,000
 Probable Requirement Type:   Business Use",184855.0,EVO 16,,ASTBUY,-3,2026-08-08 19:07:41,New Delhi,Delhi,India,Cine Aryan,,New Delhi,Alfa Enterprises
3167300476,2026-08-09 10:28:20,37479793,95568576,Enquiry for Usb Pen Drive from Aman via IndiaMART,I am interested in Usb Pen Drive,87558.0,Usb Pen Drive,,IMOB,-3,2026-08-09 13:32:22,Patna,Bihar,India,,,New Delhi,Alfa Enterprises
3167851422,2026-08-10 20:00:37,6020547,95568576,Enquiry for Samsung 8 GB MicroSD Memory Card from Harendra via IndiaMART,QTY 200,17989.0,Samsung 8 GB MicroSD Memory Card,,DIR,-3,2026-08-11 15:54:31,Bikaner,Rajasthan,India,Arora Enterprises,Owner,New Delhi,Alfa Enterprises
3167881040,2026-08-10 21:34:34,18926052,95568576,Enquiry for Cheapest Memory Card from Sunil Grover,"Quantity: 2000   piece
Capacity: 4 GB
Brand: SanDisk
Memory Card Format: SD Card
Probable Order Value: Rs. 2 to 5 Lakh
Probable Requirement Type: Business Use",184308.0,Cheapest Memory Card,,ASTBUY,-3,2026-08-11 15:54:13,New Delhi,Delhi,India,Professional Touch,,New Delhi,Alfa Enterprises
3167915946,2026-08-10 23:55:17,98444530,95568576,Enquiry for Cruzer Blade Usb Flash Drive from Arun via IndiaMART,I am interested in Cruzer Blade Usb Flash Drive,33874.0,Cruzer Blade Usb Flash Drive,pen drive,ANDWEB,-3,2026-08-11 15:53:46,Panipat,Haryana,India,sk digital studio,,New Delhi,Alfa Enterprises
3167926971,2026-08-11 00:39:08,98444530,95568576,Enquiry for Cruzer Blade Usb Flash Drive from Arun via IndiaMART,I am interested in Cruzer Blade Usb Flash Drive,33874.0,Cruzer Blade Usb Flash Drive,,ANDWEB,-3,2026-08-11 15:53:46,Panipat,Haryana,India,sk digital studio,,New Delhi,Alfa Enterprises
3168137404,2026-08-11 16:01:54,25071326,95568576,Enquiry for Sandisk Memory Card 16 Gb from VIKAS Kushawaha,"Class: 10
Application: Mobile Phone
Probable Requirement Type: Business Use",184308.0,Sandisk Memory Card 16 Gb,,ASTBUY,-3,2026-08-11 16:11:04,New Delhi,Delhi,India,Vikas Transport Agency,,New Delhi,Alfa Enterprises
3168202683,2026-08-11 18:35:43,90725767,95568576,Enquiry for 32 Gb USB 3.0 Plastic Plastic Sandisk Pendrive from Mohd via IndiaMART,I am interested in 32 Gb USB 3.0 Plastic Plastic Sandisk Pendrive,182083.0,32 Gb USB 3.0 Plastic Plastic Sandisk Pendrive,,IOSWEB,-3,2026-08-12 15:59:09,New Delhi,Delhi,India,The Mobile Campus,,New Delhi,Alfa Enterprises
3168355210,2026-08-12 09:53:02,21410018,95568576,Enquiry for SanDisk Pen Drive from Dr. Anuj,Capacity: 128 GB,182083.0,SanDisk Pen Drive,,ASTBUY,-3,2026-08-12 15:59:00,Delhi,Delhi,India,,,New Delhi,Alfa Enterprises
3168703437,2026-08-13 07:47:34,207836323,95568576,Enquiry for SanDisk Pen Drive from Mohit,"Buyer searched for SanDisk Ultra 128 GB USB 3.0 pen drive with metal body near Delhi

Storage Capacity: 128 GB
Brand: HP
Probable Order Value: Rs. 2 - 2.7 Lakh
Probable Requirement Type: Business Use
Quantity: 500   Piece",182083.0,SanDisk Pen Drive,,ASTBUY,-3,2026-08-13 11:57:11,Delhi,Delhi,India,oppo mobile Store,,New Delhi,Alfa Enterprises
3168923660,2026-08-13 17:20:46,115946338,95568576,Enquiry for Usb Pen Drive from Shalini via IndiaMART,I am interested in Usb Pen Drive,87558.0,Usb Pen Drive,,IMOB,-3,2026-08-13 17:29:09,New Delhi,Delhi,India,CMP co limited,,New Delhi,Alfa Enterprises
3168925808,2026-08-13 17:27:26,190703197,95568576,Enquiry for Sandisk Pendrive 16 Gb from Aradhana via IndiaMART,I am interested in Sandisk Pendrive 16 Gb,182083.0,Sandisk Pendrive 16 Gb,,DIR,-3,2026-08-13 17:28:32,New Delhi,Delhi,India,I 3 IT Solution,,New Delhi,Alfa Enterprises
3169253664,2026-08-14 16:15:45,64103343,95568576,Enquiry for Sandisk Pen Drive 16gb from Sanjay Chowdhry,"Storage Capacity: 16 GB
USB Version: 2.0
Body Material: Plastic
Probable Order Value: Rs. 20,000 - 27,000
Probable Requirement Type: Business Use
Quantity: 50   Piece
Capacity: 16 GB",182083.0,Sandisk Pen Drive 16gb,,ASTBUY,-3,2026-08-14 16:18:47,New Delhi,Delhi,India,Ductoan Medical (India) Private Limited,Owner,New Delhi,Alfa Enterprises
3169318205,2026-08-14 19:22:38,52486738,95568576,Enquiry for Sandisk Pendrive 16 Gb from Charanjeet via IndiaMART,I am interested in Sandisk Pendrive 16 Gb,182083.0,Sandisk Pendrive 16 Gb,sandisk pen drive,ANDWEB,-3,2026-08-14 21:02:18,New Delhi,Delhi,India,Expression,,New Delhi,Alfa Enterprises
3169318338,2026-08-14 19:23:17,52486738,95568576,Enquiry for Sandisk Pendrive 64 Gb Usb 2.0 from Charanjeet via IndiaMART,I am interested in Sandisk Pendrive 64 Gb Usb 2.0,182083.0,Sandisk Pendrive 64 Gb Usb 2.0,,ANDWEB,-3,2026-08-14 21:02:18,New Delhi,Delhi,India,Expression,,New Delhi,Alfa Enterprises
3169382523,2026-08-14 23:44:32,247843680,95568576,Enquiry for Sandisk Pendrive 64 Gb Usb 2.0 from Dommeti via IndiaMART,"Quantity: 2, Quantity Unit: piece,",182083.0,Sandisk Pendrive 64 Gb Usb 2.0,,IMOB,-3,2026-08-15 01:47:11,Bhimavaram,Andhra Pradesh,India,I am student,,New Delhi,Alfa Enterprises
3169382620,2026-08-14 23:45:19,247843680,95568576,Enquiry for Sandisk Pendrive 64 Gb Usb 2.0 from Dommeti via IndiaMART,"Quantity: 2, Quantity Unit: piece,",182083.0,Sandisk Pendrive 64 Gb Usb 2.0,,IMOB,-3,2026-08-15 01:47:11,Bhimavaram,Andhra Pradesh,India,I am student,,New Delhi,Alfa Enterprises
3169489930,2026-08-15 13:06:21,213319006,95568576,Enquiry for Sandisk Pendrive 16 Gb from RIZWAN via IndiaMART,I am interested in Sandisk Pendrive 16 Gb,182083.0,Sandisk Pendrive 16 Gb,,ANDWEB,-3,2026-08-15 13:06:27,Dholpur,Rajasthan,India,,,New Delhi,Alfa Enterprises
3169537656,2026-08-15 15:39:04,52326917,95568576,Enquiry for Sandisk Pen Drive from Jitender Singh,"Buyer Searched for toilet cleaner tablets

Capacity: 32 GB
Storage Capacity: 32 GB
Probable Order Value: Rs. 24,000 - 28,000
Probable Requirement Type: Business Use
Quantity: 100   Piece",182083.0,Sandisk Pen Drive,,ASTBUY,-3,2026-08-15 15:53:58,New Delhi,Delhi,India,Royal Enterprises,,New Delhi,Alfa Enterprises
3169541934,2026-08-15 15:56:19,273307519,95568576,Enquiry for Sandisk Pendrive 64 Gb Usb 2.0 from Bataiy via IndiaMART,I am interested in Sandisk Pendrive 64 Gb Usb 2.0,182083.0,Sandisk Pendrive 64 Gb Usb 2.0,,IMOB,-3,2026-08-15 15:56:47,,,India,,,New Delhi,Alfa Enterprises
3169808408,2026-08-16 14:19:47,14147170,95568576,Enquiry for Sandisk Ultra Fair 64 Gb USB 3.1 Flash Drive from KIRAN SHARMA,"Capacity: 64 GB
Storage Capacity: 64 GB
Probable Order Value: Rs. 16,000 - 18,000
Probable Requirement Type: Business Use
USB Version: 3.0
Body Material: Metal
Quantity: 30   Piece",182083.0,Sandisk Ultra Fair 64 Gb USB 3.1 Flash Drive,,ASTBUY,0,,New Delhi,Delhi,India,Friends Communication Service,Owner,New Delhi,Alfa Enterprises
3169870683,2026-08-16 17:40:39,241981866,95568576,Enquiry for 128 Gb Sandisk Pendrive from PARMANAND via IndiaMART,I am interested in 128 Gb Sandisk Pendrive,182083.0,128 Gb Sandisk Pendrive,,ANDWEB,-3,2026-08-18 14:24:13,Kunkuri,Chhattisgarh,India,,,New Delhi,Alfa Enterprises
3170081502,2026-08-17 12:19:08,236296001,95568576,Enquiry for Sandisk Pendrive 16 Gb from Gaurav via IndiaMART,I am interested in Sandisk Pendrive 16 Gb,182083.0,Sandisk Pendrive 16 Gb,,IMOB,-3,2026-08-17 12:32:43,New Delhi,Delhi,India,,,New Delhi,Alfa Enterprises
3170115847,2026-08-17 13:34:16,115787,95568576,Enquiry for Samsung 128 GB MicroSDXC Memory Card from Sachin via IndiaMART,I need v30 127 gb mem card preferably sandisk or samsung,184855.0,Samsung 128 GB MicroSDXC Memory Card,,IMOB,-3,2026-08-17 14:48:04,New Delhi,Delhi,India,Singal Packaging,CEO,New Delhi,Alfa Enterprises
3170151745,2026-08-17 14:52:20,4865366,95568576,Enquiry for Sandisk Pendrive 64 Gb Usb 2.0 from Sowjanya via IndiaMART,I am interested in Sandisk Pendrive 64 Gb Usb 2.0,182083.0,Sandisk Pendrive 64 Gb Usb 2.0,,DIR,-3,2026-08-18 14:22:38,Hyderabad,Telangana,India,Saffron Database Solutions Private Limited,Director,New Delhi,Alfa Enterprises
3170227800,2026-08-17 17:49:37,37356648,95568576,Enquiry for Sandisk Cruzer Blade 128gb Usb 2.0 Pen Drive from Rajesh via IndiaMART,I am interested in Sandisk Cruzer Blade 128gb Usb 2.0 Pen Drive,182083.0,Sandisk Cruzer Blade 128gb Usb 2.0 Pen Drive,,PRODDTL,-3,2026-08-18 13:29:51,Hazaribag,Jharkhand,India,,,New Delhi,Alfa Enterprises
3170256367,2026-08-17 19:02:26,238304062,95568576,Enquiry for Sandisk Pendrive 256 Gb from Mithuna via IndiaMART,I am interested in Sandisk Pendrive 256 Gb,182083.0,Sandisk Pendrive 256 Gb,,IOSWEB,-3,2026-08-18 13:29:48,Chikkaballapur,Karnataka,India,,,New Delhi,Alfa Enterprises
3170273072,2026-08-17 19:49:29,191153625,95568576,Enquiry for Sandisk Pendrive 16 Gb from VICKY via IndiaMART,I am interested in Sandisk Pendrive 16 Gb,182083.0,Sandisk Pendrive 16 Gb,,ANDWEB,-3,2026-08-18 13:29:45,Chamba,Himachal Pradesh,India,,,New Delhi,Alfa Enterprises
3170362126,2026-08-18 06:12:23,273429133,95568576,Enquiry for HP 128gb Memory Card from Amaan,"Brand: HP Storage Capacity: 128 GB Card Type: microSDXC Speed Class: Class 10, UHS-I U1

Probable Requirement Type: Business Use
Quantity: 1000   Units
Capacity: 128 GB
Card Format: MicroSD Card
Speed Class: U1
Probable Order Value: Rs. 3.8 - 4.5 Lakh",192458.0,HP 128gb Memory Card,,ASTBUY,-3,2026-08-18 13:26:04,New Delhi,Delhi,India,,,New Delhi,Alfa Enterprises
3170379202,2026-08-18 08:23:30,87514635,95568576,Enquiry for 32 Gb Sandisk Pen Drive from Raju,"Buyer Searched for SanDisk ultra Pen Drive

Probable Order Value: Rs. 11,000 - 15,000
Probable Requirement Type: Business Use
Quantity: 25   Piece
Capacity: 32 GB
USB Version: 3.0
Body Material: Metal",182083.0,32 Gb Sandisk Pen Drive,,ASTBUY,-3,2026-08-18 13:25:42,Faridabad,Haryana,India,Siya Enterprises,,New Delhi,Alfa Enterprises
3170486101,2026-08-18 13:09:28,148655669,95568576,Enquiry for Usb Pen Drive from Girish via IndiaMART,I am interested in Usb Pen Drive,87558.0,Usb Pen Drive,,PRODDTL,-3,2026-08-18 13:27:57,New Delhi,Delhi,India,Airconnect Infosystems Private Limited,,New Delhi,Alfa Enterprises
3170717854,2026-08-18 23:03:45,121001853,95568576,Enquiry for Sandisk Pendrive 16 Gb from Amrat via IndiaMART,I am interested in Sandisk Pendrive 16 Gb,182083.0,Sandisk Pendrive 16 Gb,,ANDWEB,-3,2026-08-18 23:03:50,Jodhpur,Rajasthan,India,Mobile Accessories Wholsale,,New Delhi,Alfa Enterprises
3171132086,2026-08-20 03:18:52,243264512,95568576,Enquiry for Sandisk Pendrive 64 Gb Usb 2.0 from OMJI via IndiaMART,I am interested in Sandisk Pendrive 64 Gb Usb 2.0,182083.0,Sandisk Pendrive 64 Gb Usb 2.0,,IMOB,-3,2026-08-20 12:04:01,New Delhi,Delhi,India,,,New Delhi,Alfa Enterprises
3171375424,2026-08-20 17:38:45,273563958,95568576,Enquiry for Sandisk Pendrive 16 Gb from NEERAJ via IndiaMART,I am interested in Sandisk Pendrive 16 Gb,182083.0,Sandisk Pendrive 16 Gb,,IMOB,-3,2026-08-20 17:38:55,New Delhi,Delhi,India,,,New Delhi,Alfa Enterprises
3171509912,2026-08-21 06:46:18,117026171,95568576,Enquiry for Samsung 8 GB MicroSD Memory Card from Prbhakar via IndiaMART,I am interested in Samsung 8 GB MicroSD Memory Card,17989.0,Samsung 8 GB MicroSD Memory Card,,IMOB,-3,2026-08-21 12:14:45,New Delhi,Delhi,India,,,New Delhi,Alfa Enterprises
3171516167,2026-08-21 07:44:08,8590098,95568576,Enquiry for Sandisk Pendrive 16 Gb from Aneesh via IndiaMART,I am interested in Sandisk Pendrive 16 Gb,182083.0,Sandisk Pendrive 16 Gb,,IMOB,-3,2026-08-21 11:01:30,Kizhuvalam Koonthalloor,Kerala,India,Klikidea Private Limited,,New Delhi,Alfa Enterprises
3171652708,2026-08-21 14:25:32,895983,95568576,Enquiry for Pen Drive from BI Biotech India,"Brand: SanDisk
USB Version: 2.0
Usage/Application: Resale
Probable Order Value: Rs. 12,000 - 16,000
Probable Requirement Type: Business Use
Quantity: 30   Piece
Capacity: 8 GB",182083.0,Pen Drive,,ASTBUY,-3,2026-08-21 14:37:29,New Delhi,Delhi,India,BI Biotech IndiaPvt. Ltd.,Director,New Delhi,Alfa Enterprises
3171784783,2026-08-21 20:33:48,78252099,95568576,Enquiry for SanDisk Pen Drive from Hemant,"Color: Black, Silver
Transfer Speed: Up To 150mb/s",182083.0,SanDisk Pen Drive,,ASTBUY,-3,2026-08-21 22:08:07,New Delhi,Delhi,India,H.K. Communication,,New Delhi,Alfa Enterprises
3171797256,2026-08-21 21:16:16,30000628,95568576,Enquiry for Usb Pen Drive from Murari via IndiaMART,I am interested in Usb Pen Drive,87558.0,Usb Pen Drive,,ANDWEB,-3,2026-08-21 22:08:21,New Delhi,Delhi,India,Mother Dairy Milk Shop No 427,,New Delhi,Alfa Enterprises
3171798293,2026-08-21 21:20:43,30000628,95568576,Enquiry for Pan Drive 32 Gb from Murari via IndiaMART,I am interested in Pan Drive 32 Gb,87558.0,Pan Drive 32 Gb,,ANDWEB,-3,2026-08-21 22:08:21,New Delhi,Delhi,India,Mother Dairy Milk Shop No 427,,New Delhi,Alfa Enterprises
3172004342,2026-08-22 15:04:05,123033354,95568576,Enquiry for Uhc Card from Ankush,"Probable Requirement Type: Business Use
Punching Size: 50 x 50 mm
Machine Grade: Standard",17989.0,Uhc Card,,ASTBUY,-3,2026-08-23 21:02:06,New Delhi,Delhi,India,,,New Delhi,Alfa Enterprises
3172266108,2026-08-23 12:36:22,163761756,95568576,Enquiry for Sandisk Pen Drive 128 Gb from Vikash via IndiaMART,I am interested in Sandisk Pen Drive 128 Gb,182083.0,Sandisk Pen Drive 128 Gb,sandisk pen drive,IMOB,-3,2026-08-23 21:02:03,Ghazipur,Uttar Pradesh,India,,,New Delhi,Alfa Enterprises
3172328267,2026-08-23 15:52:10,245999607,95568576,Enquiry for SanDisk Pen Drive 8 Gb from ABHISHEK,Capacity: 8 GB,182083.0,SanDisk Pen Drive 8 Gb,,ASTBUY,-3,2026-08-23 21:01:31,New Delhi,Delhi,India,,,New Delhi,Alfa Enterprises
3172344924,2026-08-23 16:46:39,227123021,95568576,Enquiry for Sandisk Pendrive 16 Gb from Anmol via IndiaMART,I am interested in Sandisk Pendrive 16 Gb,182083.0,Sandisk Pendrive 16 Gb,,DIR,-3,2026-08-23 21:00:52,Lucknow,Uttar Pradesh,India,RBL Enterprices,,New Delhi,Alfa Enterprises
3172525385,2026-08-24 10:42:11,164386549,95568576,Enquiry for SD Memory Card from Navnit Kumar,"Brand: SanDisk
Card Type/Format: Micro SD
Probable Order Value: Rs. 14,000 - 18,000
Probable Requirement Type: Business Use
Quantity: 10   Piece
Storage Capacity: 128 GB",17989.0,SD Memory Card,,ASTBUY,-3,2026-08-24 18:39:44,New Delhi,Delhi,India,Invehelp.com,,New Delhi,Alfa Enterprises
3172579893,2026-08-24 13:01:39,58430253,95568576,Enquiry for SanDisk Pen Drive from Kunal Arora,"Buyer Filled Details: The buyer is looking for either USB 2.0 or 3.0 pen drives with no specific model number requirement
Probable Order Value: Rs. 1 - 1.4 Lakh
Probable Requirement Type: Business Use
Quantity: 250   piece
Capacity: 16 GB
Storage Capacity: 16 GB",182083.0,SanDisk Pen Drive,,ASTBUY,-3,2026-08-24 18:36:59,Faridabad,Haryana,India,ARS engineering,,New Delhi,Alfa Enterprises
3172598391,2026-08-24 13:44:09,141569315,95568576,Enquiry for SanDisk Ultra Flair 64gb USB 3.0 Pen Drive from Suraj Gupta,Capacity: 64 GB,182083.0,SanDisk Ultra Flair 64gb USB 3.0 Pen Drive,,ASTBUY,-3,2026-08-24 18:36:22,Delhi,Delhi,India,cyber cafe,,New Delhi,Alfa Enterprises
3172674456,2026-08-24 16:53:46,147860300,95568576,"Enquiry for SAMSUNG Pro Plus Microsd Memory Card Adapter, 512gb from Kuldeep Sharma","Quantity: 400   piece
Memory Storage Capacity: 512 GB
Why do you need this: For Business Use
Probable Order Value: Rs. 2 - 2.8 Lakh",184855.0,"SAMSUNG Pro Plus Microsd Memory Card Adapter, 512gb",,ASTBUY,-3,2026-08-24 18:33:54,Noida,Uttar Pradesh,India,Radha Network Solutions,sale head,New Delhi,Alfa Enterprises
3172836145,2026-08-25 08:58:08,243612264,95568576,Enquiry for Sandisk Pendrive 32 Gb from BHAGYESH via IndiaMART,I am interested in Sandisk Pendrive 32 Gb,182083.0,Sandisk Pendrive 32 Gb,,ANDWEB,-3,2026-08-27 00:20:54,Pune,Maharashtra,India,,,New Delhi,Alfa Enterprises
3172853391,2026-08-25 10:03:23,272777779,95568576,Enquiry for 32 Gb Sandisk Cruzer Blade Pen Drive from Jonshan Yadav,"Buyer Searched for SanDisk Pen Drive

Body Material: Plastic
Probable Order Value: Rs. 40,000 - 50,000
Probable Requirement Type: Business Use
Quantity: 100   Piece
Capacity: 32 GB
USB Version: 2.0",182083.0,32 Gb Sandisk Cruzer Blade Pen Drive,,ASTBUY,-3,2026-08-25 14:35:57,New Delhi,Delhi,India,,,New Delhi,Alfa Enterprises
3173167218,2026-08-26 10:44:10,16031728,95568576,Enquiry for Sandisk Cruzer Blade Usb 2.0 Pen Drive 32 Gb from Ahamed via IndiaMART,I am interested in Sandisk Cruzer Blade Usb 2.0 Pen Drive 32 Gb,182083.0,Sandisk Cruzer Blade Usb 2.0 Pen Drive 32 Gb,sandisk pen drive,ANDWEB,-3,2026-08-27 00:19:52,Panruti,Tamil Nadu,India,Jani Empire Fancy Stationery and Gadgets,Owner,New Delhi,Alfa Enterprises
3173440685,2026-08-27 00:33:25,16031728,95568576,Enquiry for Sandisk Cruzer Blade Usb 2.0 Pen Drive 32 Gb from Ahamed via IndiaMART,I am interested in Sandisk Cruzer Blade Usb 2.0 Pen Drive 32 Gb,182083.0,Sandisk Cruzer Blade Usb 2.0 Pen Drive 32 Gb,,ANDWEB,-3,2026-08-27 00:46:19,Panruti,Tamil Nadu,India,Jani Empire Fancy Stationery and Gadgets,Owner,New Delhi,Alfa Enterprises
3173771046,2026-08-27 18:55:10,255217301,95568576,Enquiry for Sandisk Pendrive 128 Gb from Imran via IndiaMART,I am interested in Sandisk Pendrive 128 Gb,182083.0,Sandisk Pendrive 128 Gb,,IMOB,-3,2026-08-29 01:21:21,Dandeli,Karnataka,India,,,New Delhi,Alfa Enterprises
3174002555,2026-08-28 12:27:15,145878277,95568576,Enquiry for Samsung 8 GB MicroSD Memory Card from SUNDAR via IndiaMART,I am interested in Samsung 8 GB MicroSD Memory Card,17989.0,Samsung 8 GB MicroSD Memory Card,,IMOB,-3,2026-08-29 01:21:49,Meerut,Uttar Pradesh,India,,,New Delhi,Alfa Enterprises
3174596410,2026-08-30 14:25:30,103497641,95568576,Enquiry for Pendrive 32 Gb from Pawan Sisodiya,"Buyer searched for 32 GB pen drive laser

Capacity: 32 GB
Brand: Lexar
USB Version: 3.2
Usage/Application: Resale
Probable Order Value: Rs. 35,000 - 38,000
Probable Requirement Type: Business Use
Quantity: 100   Piece",33874.0,Pendrive 32 Gb,,ASTBUY,-3,2026-08-30 17:26:36,New Delhi,Delhi,India,harsh photo studio,,New Delhi,Alfa Enterprises
3174826109,2026-08-31 11:23:48,221101323,95568576,Enquiry for Sandisk Pendrive 32 Gb from Pavan via IndiaMART,I am interested in Sandisk Pendrive 32 Gb,182083.0,Sandisk Pendrive 32 Gb,,DIR,-3,2026-08-31 13:29:11,Lucknow,Uttar Pradesh,India,Patel Enterprises,,New Delhi,Alfa Enterprises
3174829172,2026-08-31 11:31:58,162179781,95568576,Enquiry for Sandisk Pendrive 16 Gb from NITISH via IndiaMART,I am interested in Sandisk Pendrive 16 Gb,182083.0,Sandisk Pendrive 16 Gb,,DIR,-3,2026-08-31 13:55:55,Delhi,Delhi,India,,,New Delhi,Alfa Enterprises
3174835961,2026-08-31 11:48:11,221101323,95568576,Enquiry for 32 Gb USB 2.0 Sandisk Pendrive from Pavan via IndiaMART,I am interested in 32 Gb USB 2.0 Sandisk Pendrive,182083.0,32 Gb USB 2.0 Sandisk Pendrive,,MDC,-3,2026-08-31 13:29:11,Lucknow,Uttar Pradesh,India,Patel Enterprises,,New Delhi,Alfa Enterprises
3174946169,2026-08-31 16:10:09,72150596,95568576,Enquiry for Sandisk Pendrive 128 Gb from Vikram via IndiaMART,I am interested in Sandisk Pendrive 128 Gb,182083.0,Sandisk Pendrive 128 Gb,,DIR,-3,2026-09-14 21:10:29,Indore,Madhya Pradesh,India,Mission Agro.,,New Delhi,Alfa Enterprises
3174946982,2026-08-31 16:11:43,72150596,95568576,Enquiry for Sandisk Pendrive 256 Gb from Vikram via IndiaMART,I am interested in Sandisk Pendrive 256 Gb,182083.0,Sandisk Pendrive 256 Gb,,DIR,-3,2026-09-14 21:10:29,Indore,Madhya Pradesh,India,Mission Agro.,,New Delhi,Alfa Enterprises
3175011460,2026-08-31 18:58:00,213319006,95568576,Enquiry for Sandisk Pendrive 16 Gb from RIZWAN via IndiaMART,I am interested in Sandisk Pendrive 16 Gb,182083.0,Sandisk Pendrive 16 Gb,,ANDWEB,0,,Dholpur,Rajasthan,India,,,New Delhi,Alfa Enterprises
3175028425,2026-08-31 19:49:22,61186303,95568576,Enquiry for 64gb Pen Drive from Anuj,"Buyer Filled Details: Distribution
Probable Order Value: Rs. 18,000 - 22,000
Probable Requirement Type: Business Use
Quantity: 50   Piece
Capacity: 64 GB
Brand: SanDisk
USB Version: 2.0
Usage/Application: Studio Use",182083.0,64gb Pen Drive,,ASTBUY,-3,2026-09-01 01:03:44,New Delhi,Delhi,India,Anuj Enterprises,,New Delhi,Alfa Enterprises
3175177980,2026-09-01 11:15:28,236296001,95568576,Enquiry for Usb Pen Drive from Gaurav via IndiaMART,I am interested in Usb Pen Drive,87558.0,Usb Pen Drive,,IMOB,-3,2026-09-01 15:41:54,New Delhi,Delhi,India,,,New Delhi,Alfa Enterprises
3175202287,2026-09-01 12:12:17,47204268,95568576,Enquiry for Sandisk 64 Gb Memory Card from Utkarsh,"Class 10 SD Card 64GB

Probable Order Value: Rs. 14,000 - 15,000
Probable Requirement Type: Business Use
Quantity: 30   Piece
Storage Capacity: 64 GB
Product Series: Ultra
Card Type: SD Card",184308.0,Sandisk 64 Gb Memory Card,,ASTBUY,-3,2026-09-01 15:41:23,Noida,Uttar Pradesh,India,Sses Solutions Utkarsh Private Limited,CEO,New Delhi,Alfa Enterprises
3175249509,2026-09-01 14:03:45,148655669,95568576,Enquiry for Usb Pen Drive from Girish via IndiaMART,I am interested in Usb Pen Drive,87558.0,Usb Pen Drive,,PRODDTL,-3,2026-09-01 15:32:31,New Delhi,Delhi,India,Airconnect Infosystems Private Limited,,New Delhi,Alfa Enterprises
3175262113,2026-09-01 14:32:20,104300301,95568576,Enquiry for Sandisk Pendrive 16 Gb from DAWOOD via IndiaMART,I am interested in Sandisk Pendrive 16 Gb,182083.0,Sandisk Pendrive 16 Gb,,IMOB,-3,2026-09-01 15:29:00,Pulwama,Jammu & Kashmir,India,Bildhd,,New Delhi,Alfa Enterprises
3175345487,2026-09-01 18:00:45,98643612,95568576,Enquiry for Sandisk Pen Drive 64 GB from Rishabh Jain,"Probable Order Value: Rs. 2 to 5 Lakh
Probable Requirement Type: Business Use
Quantity: 1000   Piece
Capacity: 8 GB
Storage Capacity: 64 GB
USB Version: 3.0
Body Material: Plastic",182083.0,Sandisk Pen Drive 64 GB,,ASTBUY,-3,2026-09-01 18:27:11,New Delhi,Delhi,India,Mahavir Enterprises,,New Delhi,Alfa Enterprises
3175576211,2026-09-02 12:50:07,245637748,95568576,Enquiry for 64GB USB 3.0 Sandisk Pen Drive from Parveen Kumar,"Buyer Searched for sandisk ultra 128 gb usb 3.0 pen drive & sandisk pen drive 32 gb

USB Version: 3.0
Body Material: Metal
Probable Order Value: Rs. 28,000 - 30,000
Probable Requirement Type: Business Use
Quantity: 50   Piece
Capacity: 16 GB",182083.0,64GB USB 3.0 Sandisk Pen Drive,,ASTBUY,-3,2026-09-02 14:32:16,Delhi,Delhi,India,,,New Delhi,Alfa Enterprises
3175649606,2026-09-02 15:42:11,91402124,95568576,Enquiry for Sandisk Ultra Flair 3.0 Pendrive from Aakash Singhal,"Body Material: Metal
Probable Order Value: Rs. 11.7 - 15.6 Lakh
Probable Requirement Type: Business Use
Quantity: 2600   Piece
Capacity: 32 GB
Storage Capacity: 32 GB
USB Version: 3.0",182083.0,Sandisk Ultra Flair 3.0 Pendrive,,ASTBUY,-3,2026-09-02 15:43:23,New Delhi,Delhi,India,Paras Travel Line,,New Delhi,Alfa Enterprises
3175742400,2026-09-02 19:44:44,98308148,95568576,Enquiry for SanDisk Pendrive 256 Gb Usb 2.0 Cruzer Blade from Krishna via IndiaMART,I am interested in SanDisk Pendrive 256 Gb Usb 2.0 Cruzer Blade,182083.0,SanDisk Pendrive 256 Gb Usb 2.0 Cruzer Blade,,IMOB,-3,2026-09-03 02:04:23,Adilabad,Telangana,India,NTK Brothers,Owner,New Delhi,Alfa Enterprises
3175791230,2026-09-02 22:27:17,251281095,95568576,Enquiry for Sandisk Pendrive 16 Gb from Varun via IndiaMART,I am interested in Sandisk Pendrive 16 Gb,182083.0,Sandisk Pendrive 16 Gb,,ANDWEB,-3,2026-09-03 02:04:03,Noida,Uttar Pradesh,India,,,New Delhi,Alfa Enterprises
3175840449,2026-09-03 08:03:52,222870654,95568576,Enquiry for Samsung 8 GB MicroSD Memory Card from Vikas via IndiaMART,I am interested in Samsung 8 GB MicroSD Memory Card,17989.0,Samsung 8 GB MicroSD Memory Card,,ANDWEB,-3,2026-09-03 11:15:44,Sonipat,Haryana,India,Foll,,New Delhi,Alfa Enterprises
3175871894,2026-09-03 10:17:18,35260108,95568576,Enquiry for 8 Gb Sandisk Pen Drive from Yash,"Capacity: 8 GB
Storage Capacity: 16 GB
Probable Order Value: Rs. 49,000 - 65,000
Probable Requirement Type: Business Use
Quantity: 120   Piece",182083.0,8 Gb Sandisk Pen Drive,,ASTBUY,-3,2026-09-03 11:11:57,Ghaziabad,Uttar Pradesh,India,Advance Fire and Safety,,New Delhi,Alfa Enterprises
3176348233,2026-09-04 15:54:39,115911053,95568576,Enquiry for SD Memory Card from Venu Madhav,Probable Requirement Type: Business Use,17989.0,SD Memory Card,,ASTBUY,-3,2026-09-04 22:31:01,Ghaziabad,Uttar Pradesh,India,,,New Delhi,Alfa Enterprises
3176729870,2026-09-05 18:47:08,15793515,95568576,Enquiry for 128 Gb Pendrive from Aditya Singh,"Quantity: 30   Piece
Capacity: 128 GB
Brand: SanDisk
Probable Order Value: Rs. 10,000 - 14,000",33874.0,128 Gb Pendrive,,ASTBUY,-3,2026-09-05 18:54:24,New Delhi,Delhi,India,,,New Delhi,Alfa Enterprises
3176945579,2026-09-06 14:34:36,262900119,95568576,Enquiry for Sandisk Pendrive 32 Gb from Tarun via IndiaMART,I am interested in Sandisk Pendrive 32 Gb,182083.0,Sandisk Pendrive 32 Gb,,ANDWEB,-3,2026-09-06 15:39:37,Garhmukteshwar,Uttar Pradesh,India,T R P Creation,,New Delhi,Alfa Enterprises
3176951695,2026-09-06 14:56:27,77136645,95568576,Enquiry for Sandisk Pendrive 16 Gb from Uttam via IndiaMART,I am interested in Sandisk Pendrive 16 Gb,182083.0,Sandisk Pendrive 16 Gb,,IMOB,-3,2026-09-06 15:41:46,Ranipur,Uttar Pradesh,India,Mahi Photo,,New Delhi,Alfa Enterprises
3177057983,2026-09-06 21:00:12,96673666,95568576,Enquiry for Sandisk Cruzer Blade 128gb Usb 2.0 Pen Drive from Rohit via IndiaMART,I am interested in Sandisk Cruzer Blade 128gb Usb 2.0 Pen Drive,182083.0,Sandisk Cruzer Blade 128gb Usb 2.0 Pen Drive,,IMOB,-3,2026-09-07 11:24:11,Jaipur,Rajasthan,India,,,New Delhi,Alfa Enterprises
3177121256,2026-09-07 07:26:25,96673666,95568576,Enquiry for Sandisk Cruzer Blade 128gb Usb 2.0 Pen Drive from Rohit via IndiaMART,I am interested in Sandisk Cruzer Blade 128gb Usb 2.0 Pen Drive,182083.0,Sandisk Cruzer Blade 128gb Usb 2.0 Pen Drive,,IMOB,-3,2026-09-07 11:24:11,Jaipur,Rajasthan,India,,,New Delhi,Alfa Enterprises
3177139227,2026-09-07 09:29:31,51776805,95568576,Enquiry for Sandisk 32 GB Pen Drive from Mohammad Nadeem,"May be 64 gb

Probable Order Value: Rs. 25,000 - 29,000
Probable Requirement Type: Business Use
Quantity: 100   Piece
Capacity: 32 GB
Storage Capacity: 32 GB
USB Version: 2.0
Body Material: Plastic",182083.0,Sandisk 32 GB Pen Drive,,ASTBUY,-3,2026-09-07 11:23:33,Delhi,Delhi,India,Al Shama studio solution,,New Delhi,Alfa Enterprises
3177159724,2026-09-07 10:28:41,274412447,95568576,Enquiry for Sandisk Cruzer Blade 128gb Usb 2.0 Pen Drive from Vestige via IndiaMART,I am interested in Sandisk Cruzer Blade 128gb Usb 2.0 Pen Drive,182083.0,Sandisk Cruzer Blade 128gb Usb 2.0 Pen Drive,,ANDWEB,-3,2026-09-07 11:23:22,,,India,,,New Delhi,Alfa Enterprises
3177245544,2026-09-07 14:03:25,239121112,95568576,Enquiry for Sandisk Pendrive 32 Gb Usb 2.0 from Rohit via IndiaMART,I am interested in Sandisk Pendrive 32 Gb Usb 2.0,182083.0,Sandisk Pendrive 32 Gb Usb 2.0,,IMOB,-3,2026-09-07 14:38:22,Jaipur,Rajasthan,India,,,New Delhi,Alfa Enterprises
3177246145,2026-09-07 14:04:35,274424285,95568576,Enquiry for Sandisk Pendrive 16 Gb from Pradeep via IndiaMART,I am interested in Sandisk Pendrive 16 Gb,182083.0,Sandisk Pendrive 16 Gb,,IMOB,-3,2026-09-07 14:38:03,Pilibhit,Uttar Pradesh,India,,,New Delhi,Alfa Enterprises
3177294795,2026-09-07 16:06:35,188814885,95568576,Enquiry for Macro SD Memory Card from Sudhanshu,"Quantity:   100   Piece
 Storage Capacity:   1 GB
 Brand:   कोई भी
 Probable Order Value:   Rs. 12,000 - 35,000
 Probable Requirement Type:   Business Use",17989.0,Macro SD Memory Card,,ASTBUY,0,,Delhi,Delhi,India,,,New Delhi,Alfa Enterprises
3177792116,2026-09-09 00:02:27,274501897,95568576,Enquiry for Cruzer Blade Usb Flash Drive from SHARAD via IndiaMART,I am interested in Cruzer Blade Usb Flash Drive,33874.0,Cruzer Blade Usb Flash Drive,,DIR,-3,2026-09-16 13:16:46,Delhi,Delhi,India,,,New Delhi,Alfa Enterprises
3177794602,2026-09-09 00:16:30,268978993,95568576,Enquiry for HP 32 GB USB 2.0 Type-A Flash Drive from Raja via IndiaMART,Capacity: 128 GB Brand: HP,182082.0,HP 32 GB USB 2.0 Type-A Flash Drive,,ANDWEB,-3,2026-09-09 02:03:21,Dibai,Uttar Pradesh,India,R K Collection,,New Delhi,Alfa Enterprises
3177819497,2026-09-09 07:59:26,274501937,95568576,Enquiry for HP 32 Gb MicroSD Card from Raja Gadgets Electronics,"Quantity: 100   Pieces
Capacity: 32 GB
Card Format: MicroSD Card
Speed Class: U1
Probable Order Value: Rs. 29,000 - 32,000
Probable Requirement Type: Business Use",192458.0,HP 32 Gb MicroSD Card,,ASTBUY,-3,2026-09-09 16:00:32,New Delhi,Delhi,India,,,New Delhi,Alfa Enterprises
3177943381,2026-09-09 14:05:49,98011141,95568576,Enquiry for Sandisk Memory Card 16 Gb from Ashish,"Storage Capacity: 16 GB
Buyer Filled Details: Buyer needs the memory cards for a radio device.
Probable Order Value: Rs. 14,000 - 28,000
Probable Requirement Type: Business Use
Quantity: 100   Piece",184308.0,Sandisk Memory Card 16 Gb,,ASTBUY,-3,2026-09-09 15:46:14,Bahadurgarh,Haryana,India,R.K Lifters & Movers,,New Delhi,Alfa Enterprises
3177970510,2026-09-09 15:12:28,226122870,95568576,Enquiry for Sandisk Pendrive 32 Gb from Mohit via IndiaMART,I am interested in Sandisk Pendrive 32 Gb,182083.0,Sandisk Pendrive 32 Gb,,IMOB,-3,2026-09-09 15:47:41,New Delhi,Delhi,India,Media For Macko,,New Delhi,Alfa Enterprises
3178075051,2026-09-09 20:06:05,26103773,95568576,Enquiry for SanDisk Pendrive 256 Gb Usb 2.0 from Shreyans via IndiaMART,I am interested in SanDisk Pendrive 256 Gb Usb 2.0,182083.0,SanDisk Pendrive 256 Gb Usb 2.0,,ANDWEB,-3,2026-09-09 23:21:59,New Delhi,Delhi,India,Mahesh Hardware,CEO,New Delhi,Alfa Enterprises
3178181031,2026-09-10 09:40:20,62759537,95568576,Enquiry for Sandisk Pendrive 16 Gb from ERK via IndiaMART,I am interested in Sandisk Pendrive 16 Gb,182083.0,Sandisk Pendrive 16 Gb,,ANDWEB,-3,2026-09-10 18:05:07,New Delhi,Delhi,India,ERK Industries,,New Delhi,Alfa Enterprises
3178394159,2026-09-10 19:01:37,274422770,95568576,Enquiry for Sandisk Pendrive 32 Gb from Prakash via IndiaMART,I am interested in Sandisk Pendrive 32 Gb,182083.0,Sandisk Pendrive 32 Gb,,DIR,-3,2026-09-10 19:16:43,Jaipur,Rajasthan,India,CG INNOVATIONS PRIVATE LIMITED,,New Delhi,Alfa Enterprises
3178416374,2026-09-10 20:14:13,13657413,95568576,Enquiry for Sandisk 32gb USB Flash Drive from Deepak Gupta,"Quantity: 1200   piece
Capacity: 16 GB, 32 GB
Storage Capacity: 16 GB, 32 GB
Probable Order Value: Rs. 3.2 - 3.4 Lakh
Probable Requirement Type: Business Use",182083.0,Sandisk 32gb USB Flash Drive,,ASTBUY,-3,2026-09-10 20:37:06,Gurugram,Haryana,India,Shivam Enterprises,Owner,New Delhi,Alfa Enterprises
3178572443,2026-09-11 12:00:12,129677134,95568576,Enquiry for Sandisk Pendrive 16 Gb from Abhi via IndiaMART,I am interested in Sandisk Pendrive 16 Gb,182083.0,Sandisk Pendrive 16 Gb,,IMOB,-3,2026-09-11 12:29:36,Delhi,Delhi,India,Mahakal Medical,,New Delhi,Alfa Enterprises
3178607692,2026-09-11 13:32:57,158044775,95568576,Enquiry for Usb Sandisk Pendrive 2.0 Cruzer Blade from Sujal via IndiaMART,I am interested in Usb Sandisk Pendrive 2.0 Cruzer Blade,182083.0,Usb Sandisk Pendrive 2.0 Cruzer Blade,,IMOB,-3,2026-09-14 21:10:10,Delhi,Delhi,India,,,New Delhi,Alfa Enterprises
3178617218,2026-09-11 14:04:04,274501897,95568576,Enquiry for Cruzer Blade Usb  Flash Drive from SHARAD via IndiaMART,I am interested in Cruzer Blade Usb  Flash Drive,33874.0,Cruzer Blade Usb  Flash Drive,,PRODDTL,-3,2026-09-16 13:16:46,Delhi,Delhi,India,REGUS SOFTWARE & ENTERPRISE SOLUTIONS,,New Delhi,Alfa Enterprises
3178630887,2026-09-11 14:43:19,190100482,95568576,Enquiry for Pendrive 128gb Kingston Sandisk from MANIK S Rawat,"Nothing

Quantity: 30   Piece
Capacity: 128 GB
Storage Capacity: 128 GB
USB Version: 3.0
Body Material: Plastic
Probable Order Value: Rs. 12,000 - 16,000
Probable Requirement Type: Business Use",182083.0,Pendrive 128gb Kingston Sandisk,,ASTBUY,-3,2026-09-14 21:10:08,New Delhi,Delhi,India,,,New Delhi,Alfa Enterprises
3178720394,2026-09-11 18:30:44,129607347,95568576,Enquiry for USB Pen Drive from Master Subham,"Quantity: 100   Piece
Buyer Filled Details: Buyer wants a minimum of 100 pieces.
Probable Order Value: Rs. 32,000 - 42,000
Probable Requirement Type: Business Use",87558.0,USB Pen Drive,,ASTBUY,-3,2026-09-11 20:37:56,New Delhi,Delhi,India,,,New Delhi,Alfa Enterprises
3179358329,2026-09-13 19:22:41,268883691,95568576,Enquiry for SanDisk 256 GB USB 3.2 Type-A Flash Drive from WAHID via IndiaMART,I am interested in SanDisk 256 GB USB 3.2 Type-A Flash Drive,182083.0,SanDisk 256 GB USB 3.2 Type-A Flash Drive,,ANDWEB,-3,2026-09-13 19:58:15,Fatehpur,Uttar Pradesh,India,,,New Delhi,Alfa Enterprises
3179735643,2026-09-15 00:56:27,31219496,95568576,Enquiry for Sandisk Pendrive 16 Gb from Harsh via IndiaMART,I am interested in Sandisk Pendrive 16 Gb,182083.0,Sandisk Pendrive 16 Gb,,IMOB,-3,2026-09-15 02:30:48,New Delhi,Delhi,India,Space Age Infratech Pvt. Ltd.,,New Delhi,Alfa Enterprises
3179846547,2026-09-15 12:55:27,5197606,95568576,Enquiry for Sandisk Cruzer Blade Usb 2.0 Pen Drive 32 Gb from Praveen via IndiaMART,no,182083.0,Sandisk Cruzer Blade Usb 2.0 Pen Drive 32 Gb,,DIR,-3,2026-09-15 13:29:37,New Delhi,Delhi,India,Shakun Digital Studio,,New Delhi,Alfa Enterprises
3179887927,2026-09-15 14:37:55,82510225,95568576,Enquiry for SanDisk Pen Drive from Vikash,"300 QTY

Probable Order Value: Rs. 1.8 Lakh
Probable Requirement Type: Business Use
Quantity: 300   Piece
Capacity: 32 GB
Storage Capacity: 32 GB
USB Version: 3.0
Body Material: Plastic",182083.0,SanDisk Pen Drive,,ASTBUY,-3,2026-09-15 16:30:48,Delhi,Delhi,India,Techtreno Solutions,,New Delhi,Alfa Enterprises
3179940367,2026-09-15 16:52:16,274796425,95568576,Enquiry for Samsung 8 GB MicroSD Memory Card from RØMËØ via IndiaMART,I am interested in Samsung 8 GB MicroSD Memory Card,17989.0,Samsung 8 GB MicroSD Memory Card,,IMOB,-3,2026-09-15 17:00:53,Ghaziabad,Uttar Pradesh,India,,,New Delhi,Alfa Enterprises
3180045548,2026-09-15 22:22:25,222674683,95568576,Enquiry for Usb Pen Drive from Ayush via IndiaMART,I am interested in Usb Pen Drive,87558.0,Usb Pen Drive,,IMOB,-3,2026-09-16 00:43:05,New Delhi,Delhi,India,,,New Delhi,Alfa Enterprises
3180077971,2026-09-16 02:42:48,73075064,95568576,Enquiry for Sandisk Pendrive 16 Gb from Srisiva via IndiaMART,I am interested in Sandisk Pendrive 16 Gb,182083.0,Sandisk Pendrive 16 Gb,,IOSWEB,-3,2026-09-16 13:15:08,Vijayawada,Andhra Pradesh,India,,,New Delhi,Alfa Enterprises
3180123359,2026-09-16 10:09:13,234654484,95568576,Enquiry for Sandisk Ultra Go Micro SD Card from Vinod Gupta,"Quantity:   12   Piece
 Storage Capacity:   128 GB
 Product Series:   Ultra
 Card Type:   Micro SD
 Probable Order Value:   Rs. 3,000 to 10,000
 Probable Requirement Type:   Business Use",184308.0,Sandisk Ultra Go Micro SD Card,,ASTBUY,-3,2026-09-16 13:12:34,New Delhi,Delhi,India,,,New Delhi,Alfa Enterprises
3180246599,2026-09-16 15:11:45,31247963,95568576,Enquiry for SanDisk Sdhc 16 Gb Memory Card from Deepak Chawla,"Probable Requirement Type: Business Use
Quantity: 200   Piece
Storage Capacity: 16 GB
Product Series: Ultra
Card Type: SD Card
Probable Order Value: Rs. 50,000 - 58,000",184308.0,SanDisk Sdhc 16 Gb Memory Card,,ASTBUY,-3,2026-09-17 01:01:32,Delhi,Delhi,India,P&C SOLUTION,,New Delhi,Alfa Enterprises
3180395501,2026-09-16 22:58:29,86440084,95568576,Enquiry for Sandisk Pendrive 32 Gb Usb 2.0 from Sahil via IndiaMART,I am interested in Sandisk Pendrive 32 Gb Usb 2.0,182083.0,Sandisk Pendrive 32 Gb Usb 2.0,,DIR,-3,2026-09-17 01:02:06,New Delhi,Delhi,India,M.S. Sharma Enterprises,,New Delhi,Alfa Enterprises
3180413028,2026-09-17 00:31:20,104440016,95568576,Enquiry for Sandisk Pendrive 16 Gb from Moheswar via IndiaMART,I am interested in Sandisk Pendrive 16 Gb,182083.0,Sandisk Pendrive 16 Gb,,IMOB,-3,2026-09-17 12:09:42,Dhemaji,Assam,India,,,New Delhi,Alfa Enterprises
3180534450,2026-09-17 13:09:19,245161014,95568576,Enquiry for SanDisk Micro Sd/sdhc 64gb Class 10 Memory Card from Shivangi,"Storage Capacity: 64 GB
Product Series: Ultra
Card Type: Micro SD
Probable Order Value: Rs. 50,000 to 1 Lakh
Probable Requirement Type: Business Use
Quantity: 200   Piece",184308.0,SanDisk Micro Sd/sdhc 64gb Class 10 Memory Card,,ASTBUY,-3,2026-09-17 14:15:45,Noida,Uttar Pradesh,India,Its Planners And Engineers Pvt Ltd,,New Delhi,Alfa Enterprises
3180591003,2026-09-17 15:31:47,54971715,95568576,Enquiry for Cruzer Blade Usb  Flash Drive from Adeep via IndiaMART,I am interested in Cruzer Blade Usb  Flash Drive,33874.0,Cruzer Blade Usb  Flash Drive,,ANDWEB,-3,2026-09-17 18:30:31,New Delhi,Delhi,India,,,New Delhi,Alfa Enterprises
3180894228,2026-09-18 14:08:36,223311835,95568576,Enquiry for SD Memory Card from Shahrukh,"Storage Capacity: 32 GB
Brand: SanDisk
Card Type/Format: SD Card
Probable Requirement Type: Business Use",17989.0,SD Memory Card,,ASTBUY,-3,2026-09-18 14:10:32,New Delhi,Delhi,India,Gazi Enterprises,Owner,New Delhi,Alfa Enterprises
3180916194,2026-09-18 15:03:10,15856941,95568576,Enquiry for Cruzer Blade Usb  Flash Drive from Pawan via IndiaMART,I am interested in Cruzer Blade Usb  Flash Drive,33874.0,Cruzer Blade Usb  Flash Drive,,MDC,-3,2026-09-18 18:17:48,New Delhi,Delhi,India,Complete Solutions,OWNER,New Delhi,Alfa Enterprises
3180942821,2026-09-18 16:15:12,237974887,95568576,Enquiry for Samsung 8 GB MicroSD Memory Card from Vardaan via IndiaMART,I am interested in Samsung 8 GB MicroSD Memory Card,17989.0,Samsung 8 GB MicroSD Memory Card,,IMOB,-3,2026-09-18 18:17:40,New Delhi,Delhi,India,Raj Enterprises,,New Delhi,Alfa Enterprises
3180958915,2026-09-18 16:59:35,223654550,95568576,Enquiry for SanDisk Pen Drive 4 Gb from KARTIK,"Body Material: Metal
Probable Order Value: Rs. 20,000 - 28,000
Probable Requirement Type: Business Use
Quantity: 100   Piece
Capacity: 8 GB
Storage Capacity: 32 GB
USB Version: 3.1",182083.0,SanDisk Pen Drive 4 Gb,,ASTBUY,-3,2026-09-18 18:09:17,Baghpat,Uttar Pradesh,India,,,New Delhi,Alfa Enterprises
3181020677,2026-09-18 19:57:55,274953830,95568576,Enquiry for Samsung 8 GB MicroSD Memory Card from Abhinav via IndiaMART,I am interested in Samsung 8 GB MicroSD Memory Card,17989.0,Samsung 8 GB MicroSD Memory Card,,IMOB,0,,Ghaziabad,Uttar Pradesh,India,,,New Delhi,Alfa Enterprises
3181164198,2026-09-19 11:31:47,274985492,95568576,Enquiry for HP 16 GB USB Flash Drive from Pranit via IndiaMART,I am interested in HP 16 GB USB Flash Drive,182082.0,HP 16 GB USB Flash Drive,,DIR,-3,2026-09-19 11:33:16,Ghaziabad,Uttar Pradesh,India,,,New Delhi,Alfa Enterprises
3181554883,2026-09-20 15:15:04,275051977,95568576,Enquiry for Samsung 8 GB MicroSD Memory Card from KOSHAR via IndiaMART,I am interested in Samsung 8 GB MicroSD Memory Card,17989.0,Samsung 8 GB MicroSD Memory Card,sd memory card,IMOB,-3,2026-09-20 15:25:42,Chandigarh,Chandigarh,India,,,New Delhi,Alfa Enterprises
3181760152,2026-09-21 10:42:55,191093591,95568576,Enquiry for Samsung 8 GB MicroSD Memory Card from Shubham via IndiaMART,"Buyer Searched for sd card, 9v2.5 amp & 9v2.5a adaptor c-type",17989.0,Samsung 8 GB MicroSD Memory Card,,DIR,0,,Delhi,Delhi,India,SLTPL,,New Delhi,Alfa Enterprises
3182696247,2026-09-23 19:49:13,2330440,95568576,Enquiry for HP 64 GB MicroSD Card from Vikas Khanna,"Card Format: MicroSD Card
Probable Order Value: Rs. 50,000 to 1 Lakh
Probable Requirement Type: Business Use
Quantity: 100   Pieces
Capacity: 64 GB",192458.0,HP 64 GB MicroSD Card,,ASTBUY,-3,2026-09-23 21:48:53,Delhi,Delhi,India,Computer Maintenance Centre,,New Delhi,Alfa Enterprises
3182747745,2026-09-23 22:44:33,231048233,95568576,Enquiry for HP Pen Drive from NITESH Kumar Sharma,"Brand: HP Capacity: 64 GB USB Version: USB 3.2 Color: Black

USB Version: 3.2
Material: Metal
Probable Order Value: Rs. 46,000 - 72,000
Probable Requirement Type: Business Use
Quantity: 100   Piece
Storage Capacity: 64 GB",182082.0,HP Pen Drive,,ASTBUY,-3,2026-09-24 12:55:20,New Delhi,Delhi,India,Sharma Computer World,,New Delhi,Alfa Enterprises
3183117472,2026-09-25 00:00:34,268883691,95568576,Enquiry for SanDisk 256 GB USB 3.2 Type-A Flash Drive from WAHID via IndiaMART,I am interested in SanDisk 256 GB USB 3.2 Type-A Flash Drive,182083.0,SanDisk 256 GB USB 3.2 Type-A Flash Drive,,ANDROID,-3,2026-09-25 10:33:27,Fatehpur,Uttar Pradesh,India,,,New Delhi,Alfa Enterprises
3183618547,2026-09-26 14:43:53,77676296,95568576,Enquiry for 32GB Memory Card from Ravi Shankar,"Quantity: 300   Piece
Storage Capacity: 32 GB
Probable Order Value: Rs. 84,000 - 90,000
Probable Requirement Type: Business Use",184308.0,32GB Memory Card,,ASTBUY,-3,2026-09-26 17:41:34,Faridabad,Haryana,India,,,New Delhi,Alfa Enterprises
3183907207,2026-09-27 13:02:42,6210578,95568576,Enquiry for Samsung Evo Plus Memory Card 32gb from B L  Sahu,"Why do you need this: For Business Use
Probable Order Value: Rs. 28,000 - 30,000
Quantity: 50   piece
Memory Storage Capacity: 32 GB",184855.0,Samsung Evo Plus Memory Card 32gb,,ASTBUY,0,,New Delhi,Delhi,India,MUDRAKSHI HYTECH INDIA PVT. LTD.,,New Delhi,Alfa Enterprises
3184303975,2026-09-28 15:37:00,274567738,95568576,Enquiry for SANDISK Mobile Phone Memory Card 256gb from Kamal Singh,"Buyer Searched for sandisk memory card 1tb near new delhi

Capacity: 256 GB
Buyer Filled Details: 1tb",53275.0,SANDISK Mobile Phone Memory Card 256gb,,ASTBUY,0,,New Delhi,Delhi,India,,,New Delhi,Alfa Enterprises
3185037456,2026-09-30 14:58:51,4137967,95568576,Enquiry for Sdhc Memory Cards from Dipesh Mittal,"Capacity: 4 GB
Speed Class: Class 10
Application: DSLR camera",184041.0,Sdhc Memory Cards,,ASTBUY,0,,New Delhi,Delhi,India,DM International,Proprietor,New Delhi,Alfa Enterprises
3185155722,2026-09-30 20:15:51,42450518,95568576,Enquiry for SanDisk Ultra Sdhc Uhs-i Memory Card from MD Nehal Ansari,"Storage Capacity: 32 GB
Product Series: Ultra
Card Type: SD Card
Probable Order Value: Rs. 10,000 to 20,000
Probable Requirement Type: Business Use
Quantity: 20   Piece",184308.0,SanDisk Ultra Sdhc Uhs-i Memory Card,,ASTBUY,0,,New Delhi,Delhi,India,Sane Traders,,New Delhi,Alfa Enterprises
3185620132,2026-10-02 09:22:08,183493549,95568576,Enquiry for HP Pen Drive 16gb from Bhavesh Kumar,"Capacity: 16 Gb
Usb Version: Usb 3.0
Probable Requirement Type: Business Use",182082.0,HP Pen Drive 16gb,,ASTBUY,0,,Barmer,Rajasthan,India,M/s Thar Collection,,New Delhi,Alfa Enterprises
3150313744,2026-06-20 23:32:41,78622294,243689317,"Enquiry for Chopper, 900 ml from Kishor via IndiaMART","I am interested in Chopper, 900 ml",1514.0,"Chopper, 900 ml",,ANDWEB,-3,2026-06-22 10:24:14,Surat,Gujarat,India,,,Surat,Maruti Enterprise
3150822670,2026-06-22 17:08:20,213267831,243689317,Enquiry for Motivational Water Bottle from Man via IndiaMART,I am interested in Motivational Water Bottle,654722.0,Motivational Water Bottle,,ANDWEB,-3,2026-06-22 17:08:22,Surat,Gujarat,India,Waylon,,Surat,Maruti Enterprise
3176832102,2026-09-06 07:59:48,267994240,243689317,Enquiry for Golf Silicone Toilet Brush from Karthy via IndiaMART,I am interested in Golf Silicone Toilet Brush,39901.0,Golf Silicone Toilet Brush,,ANDWEB,-3,2026-09-07 16:41:50,Chennai,Tamil Nadu,India,,,Surat,Maruti Enterprise
3130023694,2026-04-21 20:43:01,116607767,682581,Enquiry for Electronic Starter Auto/off from Shoeb,"Probable Requirement Type: Business Use
Quantity: 1   piece
Motor Power (HP): 10 HP
Protection Type: Overload
Phase: Three Phase
Probable Order Value: Rs. 400 - 1,000",27659.0,Electronic Starter Auto/off,,ASTBUY,0,,Surat,Gujarat,India,,,Surat,Advance Electro Controls
3130031252,2026-04-21 21:10:15,116607767,682581,Electronic Starter Auto/off Enquiry by Phone on 21-APR-2026 at 08:43 PM,I am interested in Electronic Starter Auto/off,27659.0,Electronic Starter Auto/off,Electronic Starter Auto/off,PNSBLENQ,0,,Surat,Gujarat,India,,,Surat,Advance Electro Controls
3142510134,2026-05-29 11:13:10,54878477,682581,Enquiry for Single Phase Preventer from Mr. via IndiaMART,I am interested in Single Phase Preventer,101814.0,Single Phase Preventer,,IMOB,0,,Barshi,Maharashtra,India,Ganesh Plasto Pack,,Surat,Advance Electro Controls
3145451397,2026-06-07 10:02:59,115339459,682581,Enquiry for Single Phase Preventer from Sagar via IndiaMART,I am interested in Single Phase Preventer,101814.0,Single Phase Preventer,,IMOB,0,,Barshi,Maharashtra,India,A V Industries,,Surat,Advance Electro Controls
3145834393,2026-06-08 13:12:38,18991504,682581,Enquiry for Three Phase Motor Starter from Vinod via IndiaMART,I am interested in Three Phase Motor Starter,226794.0,Three Phase Motor Starter,,PRODDTL,0,,Surat,Gujarat,India,Varsala Designs,Managing Director,Surat,Advance Electro Controls
3145909375,2026-06-08 16:01:37,115339459,682581,Enquiry for Single Phase Preventer from Sagar via IndiaMART,I am interested in Single Phase Preventer,101814.0,Single Phase Preventer,,IMOB,0,,Barshi,Maharashtra,India,A V Industries,,Surat,Advance Electro Controls
3147381615,2026-06-12 16:05:03,54878477,682581,Enquiry for Single Phase Preventer from Mr. via IndiaMART,I am interested in Single Phase Preventer,101814.0,Single Phase Preventer,,IMOB,0,,Barshi,Maharashtra,India,Ganesh Plasto Pack,,Surat,Advance Electro Controls
3147612755,2026-06-13 11:24:11,137079262,682581,Enquiry for Three Phase Motor Starter from Sagar via IndiaMART,I am interested in Three Phase Motor Starter,226794.0,Three Phase Motor Starter,,FCP,0,,Ulhasnagar,Maharashtra,India,Vardhan Electronics,CEO,Surat,Advance Electro Controls
3150807556,2026-06-22 16:31:58,130858517,682581,Enquiry for Three Phase Motor Starter from Savani via IndiaMART,I am interested in Three Phase Motor Starter,226794.0,Three Phase Motor Starter,,IMOB,0,,Surat,Gujarat,India,Metro Medical Store,,Surat,Advance Electro Controls
3176893177,2026-09-06 12:03:22,50398681,682581,Enquiry for Three Phase Motor Starter from Viral via IndiaMART,I am interested in Three Phase Motor Starter,226794.0,Three Phase Motor Starter,,IMOB,0,,Amreli,Gujarat,India,CG Electronics,,Surat,Advance Electro Controls
3182600735,2026-09-23 15:34:40,272613597,682581,Enquiry for Liquid Level Controller from RANJAN via IndiaMART,I am interested in Liquid Level Controller,32218.0,Liquid Level Controller,,ANDWEB,0,,Surat,Gujarat,India,pandesara Surat,,Surat,Advance Electro Controls
3185119286,2026-09-30 18:24:19,26178809,682581,Enquiry for Three Phase Motor Starter from Gopinath via IndiaMART,I am interested in Three Phase Motor Starter,226794.0,Three Phase Motor Starter,,IMOB,0,,Surat,Gujarat,India,Gopinath Fashion,,Surat,Advance Electro Controls
3122759179,2026-04-01 16:50:41,14257417,4343609,Enquiry for Zolt Red Badminton Shuttlecock from Rahul via IndiaMART,I am interested in Zolt Red Badminton Shuttlecock,22772.0,Zolt Red Badminton Shuttlecock,,IMOB,-3,2026-04-08 19:44:09,Rewari,Haryana,India,personal,,Meerut,Hermes Sports
3123485405,2026-04-03 16:29:54,91801984,4343609,Enquiry for Zolt Red 5.0 Feather Shuttlecock from Mr. via IndiaMART,I am interested in Zolt Red 5.0 Feather Shuttlecock,22772.0,Zolt Red 5.0 Feather Shuttlecock,,FCP,-3,2026-04-04 20:53:52,Nashik,Maharashtra,India,Sujyot Enterprises,CEO,Meerut,Hermes Sports
3123488670,2026-04-03 16:36:48,91801984,4343609,Enquiry for Zolt Red Badminton Shuttlecock from Mr. via IndiaMART,Zolt speed 76/77,22772.0,Zolt Red Badminton Shuttlecock,,FCP,-3,2026-04-04 20:53:52,Nashik,Maharashtra,India,Sujyot Enterprises,CEO,Meerut,Hermes Sports
3123753932,2026-04-04 12:42:50,137598511,4343609,Enquiry for Zolt Green Badminton Shuttlecock from Sandeep via IndiaMART,I am interested in Zolt Green Badminton Shuttlecock,22772.0,Zolt Green Badminton Shuttlecock,,ANDWEB,-3,2026-04-04 20:54:12,Gorakhpur,Uttar Pradesh,India,nikhil,,Meerut,Hermes Sports
3123756101,2026-04-04 12:48:17,137598511,4343609,Enquiry for Zolt Red Badminton Shuttlecock from Sandeep via IndiaMART,I am interested in Zolt Red Badminton Shuttlecock,22772.0,Zolt Red Badminton Shuttlecock,,ANDWEB,-3,2026-04-04 20:54:12,Gorakhpur,Uttar Pradesh,India,nikhil,,Meerut,Hermes Sports
3123778199,2026-04-04 13:38:36,267054836,4343609,Enquiry for Zolt Green Feather Shuttlecock from Varun via IndiaMART,I am interested in Zolt Green Feather Shuttlecock,22772.0,Zolt Green Feather Shuttlecock,,FCP,-3,2026-04-04 20:51:50,Ghaziabad,Uttar Pradesh,India,,,Meerut,Hermes Sports
3137351528,2026-05-14 06:56:25,268956439,4343609,Enquiry for Zolt Red Badminton Shuttlecock from Aman via IndiaMART,I am interested in Zolt Red Badminton Shuttlecock,22772.0,Zolt Red Badminton Shuttlecock,,ANDWEB,-3,2026-05-14 10:07:59,Rudrapur,Uttarakhand,India,,,Meerut,Hermes Sports
3138922591,2026-05-18 18:27:58,241142769,4343609,Enquiry for Zolt Black Feather Shuttlecock from Daksh via IndiaMART,I am interested in Zolt Black Feather Shuttlecock,22772.0,Zolt Black Feather Shuttlecock,,IMOB,-3,2026-05-20 17:04:54,Rohtak,Haryana,India,,,Meerut,Hermes Sports
3139596050,2026-05-20 16:15:38,49147107,4343609,Enquiry for Yonex Sunrise Attack Shuttlecock from Th.roben via IndiaMART,I am interested in Yonex Sunrise Attack Shuttlecock,187261.0,Yonex Sunrise Attack Shuttlecock,,IMOB,-3,2026-05-20 17:05:03,Imphal,Manipur,India,,,Meerut,Hermes Sports
3151535968,2026-06-24 16:57:42,247922563,4343609,Enquiry for Zolt Green Feather Shuttlecock from Sheetal via IndiaMART,I am interested in Zolt Green Feather Shuttlecock,22772.0,Zolt Green Feather Shuttlecock,,IMOB,-3,2026-06-27 17:23:11,Rewari,Haryana,India,,,Meerut,Hermes Sports
3151778005,2026-06-25 12:33:12,49964116,4343609,Enquiry for Zolt Black Feather Shuttlecock from Inderjeet via IndiaMART,I am interested in Zolt Black Feather Shuttlecock,22772.0,Zolt Black Feather Shuttlecock,,IMOB,-3,2026-06-25 12:38:47,New Delhi,Delhi,India,Kalsi Furnitures,,Meerut,Hermes Sports
3157140820,2026-07-11 12:08:26,89784468,4343609,Enquiry for Zolt Black Feather Shuttlecock from Anil via IndiaMART,I am interested in Zolt Black Feather Shuttlecock,22772.0,Zolt Black Feather Shuttlecock,,IMOB,-3,2026-07-11 12:11:36,Rewari,Haryana,India,,,Meerut,Hermes Sports
3157958477,2026-07-13 19:03:10,223021101,4343609,Enquiry for Zolt Red Feather Badminton Shuttlecock from Utshav via IndiaMART,I am interested in Zolt Red Feather Badminton Shuttlecock,22772.0,Zolt Red Feather Badminton Shuttlecock,,IMOB,-3,2026-07-18 11:56:29,Siliguri,West Bengal,India,,,Meerut,Hermes Sports
3157961925,2026-07-13 19:11:42,223021101,4343609,Enquiry for Zolt Black Feather Shuttlecock from Utshav via IndiaMART,I am interested in Zolt Black Feather Shuttlecock,22772.0,Zolt Black Feather Shuttlecock,,IMOB,-3,2026-07-18 11:56:29,Lucknow,Uttar Pradesh,India,,,Meerut,Hermes Sports
3158992779,2026-07-16 16:43:41,3785702,4343609,Enquiry for Zolt Red Feather Shuttlecock from Ch via IndiaMART,I am interested in Zolt Red Feather Shuttlecock,22772.0,Zolt Red Feather Shuttlecock,,ANDWEB,-3,2026-07-20 13:22:19,Agra,Uttar Pradesh,India,sri raja logistic,,Meerut,Hermes Sports
3159483478,2026-07-18 00:45:54,268209588,4343609,Enquiry for Zolt Green Feather Shuttlecock from Yash via IndiaMART,I am interested in Zolt Green Feather Shuttlecock,22772.0,Zolt Green Feather Shuttlecock,,ANDWEB,-3,2026-07-20 13:19:22,Ghaziabad,Uttar Pradesh,India,,,Meerut,Hermes Sports
3161165046,2026-07-22 23:27:57,6747294,4343609,Enquiry for Zolt Red Feather Shuttlecock from Sushila via IndiaMART,I am interested in Zolt Red Feather Shuttlecock,126905617.0,Zolt Red Feather Shuttlecock,,ANDWEB,-3,2026-07-22 23:28:41,Udaipur,Rajasthan,India,Bhagwati Bhandar,Owner,Meerut,Hermes Sports
3161172469,2026-07-23 00:08:55,6747294,4343609,Enquiry for Zolt Red Feather Shuttlecock from Sushila via IndiaMART,I am interested in Zolt Red Feather Shuttlecock,126905617.0,Zolt Red Feather Shuttlecock,,ANDWEB,-3,2026-07-23 07:18:31,Udaipur,Rajasthan,India,Bhagwati Bhandar,Owner,Meerut,Hermes Sports
3161635053,2026-07-24 12:55:33,148583059,4343609,Enquiry for Zolt Black Feather Shuttlecock from Shriyansh via IndiaMART,I am interested in Zolt Black Feather Shuttlecock,22772.0,Zolt Black Feather Shuttlecock,,IMOB,-3,2026-07-24 13:27:28,New Delhi,Delhi,India,,,Meerut,Hermes Sports
3165922168,2026-08-05 14:35:05,13775466,4343609,Enquiry for Zolt Red Feather Shuttlecock from Deepankar via IndiaMART,I am interested in Zolt Red Feather Shuttlecock,22772.0,Zolt Red Feather Shuttlecock,,IMOB,-3,2026-08-07 18:45:38,,,India,,,Meerut,Hermes Sports
3166536812,2026-08-07 07:27:20,100834821,4343609,Enquiry for Zolt Red Feather Badminton Shuttlecock from C via IndiaMART,I am interested in Zolt Red Feather Badminton Shuttlecock,22772.0,Zolt Red Feather Badminton Shuttlecock,,IMOB,-3,2026-08-09 08:57:27,Visakhapatnam,Andhra Pradesh,India,,,Meerut,Hermes Sports
3167452392,2026-08-09 18:03:36,273015678,4343609,Enquiry for Zolt Red Feather Shuttlecock from Anuraj via IndiaMART,I am interested in Zolt Red Feather Shuttlecock,22772.0,Zolt Red Feather Shuttlecock,,IMOB,-3,2026-08-10 14:26:42,,,India,,,Meerut,Hermes Sports
3167865721,2026-08-10 20:42:31,273070996,4343609,Enquiry for FlyPro Red Badminton Feather Shuttlecock from Mayank via IndiaMART,I am interested in FlyPro Red Badminton Feather Shuttlecock,22772.0,FlyPro Red Badminton Feather Shuttlecock,,IMOB,0,,Bhiwani,Haryana,India,,,Meerut,Hermes Sports
3168152983,2026-08-11 16:38:23,273107827,4343609,Enquiry for Zolt Red Badminton Shuttlecock from N via IndiaMART,I am interested in Zolt Red Badminton Shuttlecock,22772.0,Zolt Red Badminton Shuttlecock,,IMOB,0,,Visakhapatnam,Andhra Pradesh,India,,,Meerut,Hermes Sports
3169499888,2026-08-15 13:38:19,263787567,4343609,Enquiry for Zolt Red Feather Shuttlecock from PRASUN via IndiaMART,I am interested in Zolt Red Feather Shuttlecock,22772.0,Zolt Red Feather Shuttlecock,,IMOB,-3,2026-09-19 21:56:33,Champahati,West Bengal,India,,,Meerut,Hermes Sports
3171443920,2026-08-20 21:00:46,153321459,4343609,Enquiry for Zolt Red Feather Shuttlecock from Sanjay via IndiaMART,I am interested in Zolt Red Feather Shuttlecock,22772.0,Zolt Red Feather Shuttlecock,,IMOB,-3,2026-08-31 10:21:03,Jaipur,Rajasthan,India,,,Meerut,Hermes Sports
3171595126,2026-08-21 12:09:44,124178758,4343609,Enquiry for Zolt Red Badminton Shuttlecock from BOLEM via IndiaMART,Zolt red 5.0 and hundred x10,22772.0,Zolt Red Badminton Shuttlecock,,IMOB,0,,Visakhapatnam,Andhra Pradesh,India,,,Meerut,Hermes Sports
3171766733,2026-08-21 19:39:20,273631415,4343609,Enquiry for Zolt Black Feather Shuttlecock from Siddharth via IndiaMART,I am interested in Zolt Black Feather Shuttlecock,22772.0,Zolt Black Feather Shuttlecock,,IMOB,0,,,,India,,,Meerut,Hermes Sports
3172718003,2026-08-24 18:48:38,85262385,4343609,Enquiry for Zolt Red Badminton Shuttlecock from Ch via IndiaMART,I am interested in Zolt Red Badminton Shuttlecock,22772.0,Zolt Red Badminton Shuttlecock,,IMOB,-3,2026-08-31 08:47:46,Hyderabad,Telangana,India,,,Meerut,Hermes Sports
3174615061,2026-08-30 15:30:26,201388831,4343609,Enquiry for Zolt Red Feather Shuttlecock from SWETA via IndiaMART,I am interested in Zolt Red Feather Shuttlecock,22772.0,Zolt Red Feather Shuttlecock,,IMOB,-3,2026-08-31 08:47:40,Gurugram,Haryana,India,,,Meerut,Hermes Sports
3175762865,2026-09-02 20:48:15,274217060,4343609,Enquiry for FP Ivory Badminton Shuttlecock from Hritabrata via IndiaMART,I am interested in FP Ivory Badminton Shuttlecock,22772.0,FP Ivory Badminton Shuttlecock,,IMOB,0,,Kolkata,West Bengal,India,,,Meerut,Hermes Sports
3176043377,2026-09-03 17:14:57,274254843,4343609,Enquiry for Zolt Red Feather Shuttlecock from Ashok via IndiaMART,I am interested in Zolt Red Feather Shuttlecock,22772.0,Zolt Red Feather Shuttlecock,,IMOB,0,,New Delhi,Delhi,India,,,Meerut,Hermes Sports
3176067752,2026-09-03 18:19:29,274254843,4343609,Enquiry for Zolt Red Feather Badminton Shuttlecock from Ashok via IndiaMART,I am interested in Zolt Red Feather Badminton Shuttlecock,22772.0,Zolt Red Feather Badminton Shuttlecock,,IMOB,0,,New Delhi,Delhi,India,,,Meerut,Hermes Sports
3176067825,2026-09-03 18:19:46,274254843,4343609,Enquiry for Zolt Red Badminton Shuttlecock from Ashok via IndiaMART,I am interested in Zolt Red Badminton Shuttlecock,22772.0,Zolt Red Badminton Shuttlecock,,IMOB,0,,New Delhi,Delhi,India,,,Meerut,Hermes Sports
3176760654,2026-09-05 20:37:23,274353597,4343609,Enquiry for Badminton Shuttlecock zolt from Himanshu via IndiaMART,I am interested in Badminton Shuttlecock zolt,22772.0,Badminton Shuttlecock zolt,,IMOB,0,,Manesar,Haryana,India,,,Meerut,Hermes Sports
3177040372,2026-09-06 19:55:42,274394817,4343609,Enquiry for Zolt Red Feather Badminton Shuttlecock from Yonex via IndiaMART,I am interested in Zolt Red Feather Badminton Shuttlecock,22772.0,Zolt Red Feather Badminton Shuttlecock,,IMOB,0,,Faridabad,Haryana,India,,,Meerut,Hermes Sports
3179518692,2026-09-14 12:24:52,86973306,4343609,Enquiry for Zolt Red Feather Shuttlecock from Himansu via IndiaMART,I am interested in Zolt Red Feather Shuttlecock,22772.0,Zolt Red Feather Shuttlecock,,IMOB,0,,Balangir,Odisha,India,,,Meerut,Hermes Sports
3179527099,2026-09-14 12:46:36,273782216,4343609,Enquiry for Zolt Red Feather Shuttlecock from Krishna via IndiaMART,I am interested in Zolt Red Feather Shuttlecock,22772.0,Zolt Red Feather Shuttlecock,,IMOB,0,,Etawah,Uttar Pradesh,India,,,Meerut,Hermes Sports
3180429324,2026-09-17 07:00:13,104390734,4343609,Enquiry for Zolt Red Feather Shuttlecock from Boboi via IndiaMART,I am interested in Zolt Red Feather Shuttlecock,22772.0,Zolt Red Feather Shuttlecock,,IMOB,-3,2026-09-17 11:28:33,Imphal,Manipur,India,,,Meerut,Hermes Sports
3181006911,2026-09-18 19:08:40,43979568,4343609,Enquiry for Zolt Green Feather Shuttlecock from Sandeep via IndiaMART,I am interested in Zolt Green Feather Shuttlecock,22772.0,Zolt Green Feather Shuttlecock,,IMOB,0,,Delhi,Delhi,India,,,Meerut,Hermes Sports
3182030533,2026-09-21 23:02:08,247769862,4343609,Enquiry for Yonex Sunrise Attack Shuttlecock from Nikunj via IndiaMART,I am interested in Yonex Sunrise Attack Shuttlecock,187261.0,Yonex Sunrise Attack Shuttlecock,,IMOB,0,,New Delhi,Delhi,India,,,Meerut,Hermes Sports
3183065137,2026-09-24 20:27:52,227992744,4343609,Enquiry for Zolt Red Feather Shuttlecock from VINOD via IndiaMART,I am interested in Zolt Red Feather Shuttlecock,22772.0,Zolt Red Feather Shuttlecock,,ANDWEB,-3,2026-09-24 22:31:17,New Delhi,Delhi,India,,,Meerut,Hermes Sports
3183586631,2026-09-26 13:29:55,235764107,4343609,Enquiry for Zolt Green Feather Shuttlecock from Harshit via IndiaMART,I am interested in Zolt Green Feather Shuttlecock,22772.0,Zolt Green Feather Shuttlecock,,IMOB,0,,New Delhi,Delhi,India,Harshit Saini,,Meerut,Hermes Sports
3183784824,2026-09-26 23:19:06,272868928,4343609,Enquiry for Zolt Red Badminton Shuttlecock from Hr via IndiaMART,I am interested in Zolt Red Badminton Shuttlecock,22772.0,Zolt Red Badminton Shuttlecock,,IMOB,0,,Gurugram,Haryana,India,,,Meerut,Hermes Sports
3183791765,2026-09-27 00:01:23,272868928,4343609,Enquiry for Zolt Red Badminton Shuttlecock from Hr via IndiaMART,I am interested in Zolt Red Badminton Shuttlecock,22772.0,Zolt Red Badminton Shuttlecock,,IMOB,0,,Gurugram,Haryana,India,,,Meerut,Hermes Sports
3184444244,2026-09-28 21:50:18,210328454,4343609,Enquiry for Zolt Red Feather Shuttlecock from Ayan via IndiaMART,I am interested in Zolt Red Feather Shuttlecock,22772.0,Zolt Red Feather Shuttlecock,,IMOB,0,,Gorakhpur,Uttar Pradesh,India,ling_mei 10m,,Meerut,Hermes Sports
3184555073,2026-09-29 10:46:24,275569355,4343609,Enquiry for Zolt Red Feather Shuttlecock from Yuvraj via IndiaMART,I am interested in Zolt Red Feather Shuttlecock,22772.0,Zolt Red Feather Shuttlecock,,IMOB,0,,Gorakhpur,Uttar Pradesh,India,,,Meerut,Hermes Sports
3184962068,2026-09-30 12:06:26,74025654,4343609,Enquiry for Zolt Red Badminton Shuttlecock from Kishan via IndiaMART,I am interested in Zolt Red Badminton Shuttlecock,22772.0,Zolt Red Badminton Shuttlecock,,IMOB,0,,Shahdol,Madhya Pradesh,India,,,Meerut,Hermes Sports
3173543465,2026-08-27 09:53:48,71111325,14621909,Part Truck Load Transport Service,I am interested in Part Truck Load Transport Service of Payal Cargo Service.,172377.0,,,IMLOGI,-3,2026-08-29 19:45:00,Vasai Virar,Maharashtra,India,Om Sai Traders,Partner,Vasai Virar,Payal Cargo Service
3146049113,2026-06-08 22:48:47,147316515,90387690,Enquiry for A4 Size Copier Paper from Aman via IndiaMART,I am interested in A4 Size Copier Paper,3092.0,A4 Size Copier Paper,a4 paper,ANDWEB,0,,Patiala,Punjab,India,Aman Graphics,,Baddi,Sangam Enterprises
3173306442,2026-08-26 17:38:51,265023606,266785057,Enquiry for Peanuts from Anurag via IndiaMART,I am interested in Peanuts,101803.0,Peanuts,peanut,ANDWEB,0,,New Delhi,Delhi,India,,,Meerut,Desh Ki Maati Private Limited
3183593173,2026-09-26 13:43:10,162678613,266785057,Enquiry for JAGGERY POWDER from Jatin via IndiaMART,Required organic jaggery cube and powder cube in a certain size with flavour,183031.0,JAGGERY POWDER,,FCP,-2,2026-09-27 14:59:05,New Delhi,Delhi,India,pal garments,,Meerut,Desh Ki Maati Private Limited
3122531093,2026-04-01 04:20:23,218231036,58179081,Enquiry for Hero Splendor Bike Visor from Madivalara via IndiaMART,I am interested in Hero Splendor Bike Visor,656964.0,Hero Splendor Bike Visor,,IMOB,0,,Bellary,Karnataka,India,,,New Delhi,Siddhi Vinayak Plastic
3122581914,2026-04-01 10:16:44,224258113,58179081,Enquiry for Hero Splendor Bike Visor from REVATHI via IndiaMART,I am interested in Hero Splendor Bike Visor,656964.0,Hero Splendor Bike Visor,,IMOB,0,,Kancheepuram,Tamil Nadu,India,,,New Delhi,Siddhi Vinayak Plastic
3122842280,2026-04-01 20:34:12,80313423,58179081,Enquiry for Hero Splendor Bike Visor from DEEPAK via IndiaMART,I am interested in Hero Splendor Bike Visor,656964.0,Hero Splendor Bike Visor,,IMOB,0,,Murshidabad,West Bengal,India,,,New Delhi,Siddhi Vinayak Plastic
3122884779,2026-04-01 23:07:16,242420965,58179081,Enquiry for Discover Bike Headlight Visor from S via IndiaMART,I am interested in Discover Bike Headlight Visor,177195.0,Discover Bike Headlight Visor,,IMOB,0,,Dausa,Rajasthan,India,Sumesh Sain,,New Delhi,Siddhi Vinayak Plastic
3122908425,2026-04-02 02:26:37,210386189,58179081,Enquiry for Hero Splendor Bike Visor from Chhagan via IndiaMART,I am interested in Hero Splendor Bike Visor,656964.0,Hero Splendor Bike Visor,,IMOB,0,,Sardarshahr,Rajasthan,India,,,New Delhi,Siddhi Vinayak Plastic
3123179412,2026-04-02 19:13:24,224849382,58179081,Enquiry for Splendor Bike Visor from ROMA via IndiaMART,I am interested in Splendor Bike Visor,656964.0,Splendor Bike Visor,,IMOB,0,,New Delhi,Delhi,India,,,New Delhi,Siddhi Vinayak Plastic
3123443644,2026-04-03 14:51:11,49451502,58179081,Enquiry for Yamaha Headlight Visor from CHETAN via IndiaMART,I am interested in Yamaha Headlight Visor,177195.0,Yamaha Headlight Visor,,PRODDTL,0,,Delhi,Delhi,India,,,New Delhi,Siddhi Vinayak Plastic
3123476795,2026-04-03 16:07:38,267013507,58179081,Enquiry for Discover Bike Headlight Visor from KISHOTH via IndiaMART,I am interested in Discover Bike Headlight Visor,177195.0,Discover Bike Headlight Visor,,IMOB,0,,Chengalpattu,Tamil Nadu,India,,,New Delhi,Siddhi Vinayak Plastic
3123548327,2026-04-03 19:11:28,267022520,58179081,Enquiry for Hero Splendor Bike Visor from Rahul via IndiaMART,I am interested in Hero Splendor Bike Visor,656964.0,Hero Splendor Bike Visor,,IMOB,0,,Jhalawar,Rajasthan,India,,,New Delhi,Siddhi Vinayak Plastic
3123554227,2026-04-03 19:31:04,267021014,58179081,Enquiry for Bajaj XCD Mudguard from MANGAL via IndiaMART,I am interested in Bajaj XCD Mudguard,656984.0,Bajaj XCD Mudguard,,IMOB,0,,Kharagpur,West Bengal,India,,,New Delhi,Siddhi Vinayak Plastic
3124260207,2026-04-05 21:30:51,136420315,58179081,Enquiry for Discover Bike Headlight Visor from Sai via IndiaMART,I am interested in Discover Bike Headlight Visor,177195.0,Discover Bike Headlight Visor,,IMOB,0,,Vijayawada,Andhra Pradesh,India,,,New Delhi,Siddhi Vinayak Plastic
3125018304,2026-04-07 21:39:18,267224168,58179081,Enquiry for Discover Bike Headlight Visor from Alone via IndiaMART,I am interested in Discover Bike Headlight Visor,177195.0,Discover Bike Headlight Visor,,IMOB,0,,Bhopal,Madhya Pradesh,India,,,New Delhi,Siddhi Vinayak Plastic
3125038355,2026-04-07 22:51:54,95475896,58179081,Enquiry for Yamaha Headlight Visor from Naveen via IndiaMART,I am interested in Yamaha Headlight Visor,177195.0,Yamaha Headlight Visor,,IMOB,0,,Kota,Rajasthan,India,,,New Delhi,Siddhi Vinayak Plastic
3125059309,2026-04-08 00:57:37,32998078,58179081,Enquiry for White Scooty Headlight Visor from Prasad via IndiaMART,I am interested in White Scooty Headlight Visor,177195.0,White Scooty Headlight Visor,,ANDWEB,0,,Pune,Maharashtra,India,Individual,,New Delhi,Siddhi Vinayak Plastic
3125084488,2026-04-08 08:03:51,267233217,58179081,Enquiry for Discover Bike Headlight Visor from 𝐈𝗰𝗲!💗 via IndiaMART,I am interested in Discover Bike Headlight Visor,177195.0,Discover Bike Headlight Visor,,IMOB,0,,,,India,,,New Delhi,Siddhi Vinayak Plastic
3125155199,2026-04-08 11:48:08,91085713,58179081,Enquiry for Bajaj Discover 100CC Visor Glass from Ankitkumar via IndiaMART,I am interested in Bajaj Discover 100CC Visor Glass,177329.0,Bajaj Discover 100CC Visor Glass,,IMOB,0,,Patna,Bihar,India,Airport,,New Delhi,Siddhi Vinayak Plastic
3125184725,2026-04-08 12:49:28,184450661,58179081,Enquiry for Hero Splendor Bike Visor from Imran via IndiaMART,I am interested in Hero Splendor Bike Visor,656964.0,Hero Splendor Bike Visor,,IMOB,0,,Akola,Maharashtra,India,,,New Delhi,Siddhi Vinayak Plastic
3125351630,2026-04-08 19:29:33,267267966,58179081,Enquiry for Yamaha Headlight Visor from Sarath💀 via IndiaMART,I am interested in Yamaha Headlight Visor,177195.0,Yamaha Headlight Visor,,IMOB,0,,,,India,,,New Delhi,Siddhi Vinayak Plastic
3125463360,2026-04-09 08:34:40,185281398,58179081,Enquiry for Discover Bike Headlight Visor from Darshan via IndiaMART,I am interested in Discover Bike Headlight Visor,177195.0,Discover Bike Headlight Visor,,IMOB,0,,Nagpur,Maharashtra,India,,,New Delhi,Siddhi Vinayak Plastic
3125737974,2026-04-09 20:13:27,267320792,58179081,Enquiry for Hero Splendor Bike Visor from Bairwalaxman24 via IndiaMART,I am interested in Hero Splendor Bike Visor,656964.0,Hero Splendor Bike Visor,,IMOB,0,,,,India,,,New Delhi,Siddhi Vinayak Plastic
3125765194,2026-04-09 21:43:10,130273980,58179081,Enquiry for Discover Bike Headlight Visor from Tamil via IndiaMART,I am interested in Discover Bike Headlight Visor,177195.0,Discover Bike Headlight Visor,,IMOB,0,,Erode,Tamil Nadu,India,,,New Delhi,Siddhi Vinayak Plastic
3126089670,2026-04-10 19:47:29,192906045,58179081,Enquiry for Yamaha Headlight Visor from Nira via IndiaMART,I am interested in Yamaha Headlight Visor,177195.0,Yamaha Headlight Visor,,IMOB,0,,Chennai,Tamil Nadu,India,,,New Delhi,Siddhi Vinayak Plastic
3126095205,2026-04-10 20:04:54,186024949,58179081,Enquiry for Hero Splendor Bike Visor from Vyankat via IndiaMART,I am interested in Hero Splendor Bike Visor,656964.0,Hero Splendor Bike Visor,,IMOB,0,,Bengaluru,Karnataka,India,,,New Delhi,Siddhi Vinayak Plastic
3126253391,2026-04-11 11:48:18,185514555,58179081,Enquiry for TVS Apache Headlight Visor from RAJ via IndiaMART,I am interested in TVS Apache Headlight Visor,177195.0,TVS Apache Headlight Visor,,IMOB,0,,Purnea,Bihar,India,,,New Delhi,Siddhi Vinayak Plastic
3126344506,2026-04-11 15:11:37,267392280,58179081,"Enquiry for ABS Plastic Black Activa Front Mudguard, Usage: Garage from Santhosh via IndiaMART","I am interested in ABS Plastic Black Activa Front Mudguard, Usage: Garage",223026.0,"ABS Plastic Black Activa Front Mudguard, Usage: Garage",,IMOB,0,,Guntur,Andhra Pradesh,India,,,New Delhi,Siddhi Vinayak Plastic
3126718615,2026-04-12 17:00:49,61917880,58179081,Enquiry for Discover Bike Headlight Visor from Kulvinder via IndiaMART,I am interested in Discover Bike Headlight Visor,177195.0,Discover Bike Headlight Visor,,IMOB,0,,Dera bassi,Punjab,India,,,New Delhi,Siddhi Vinayak Plastic
3126987280,2026-04-13 13:42:57,181513647,58179081,Enquiry for TVS Apache Headlight Visor from Bagila via IndiaMART,I am interested in TVS Apache Headlight Visor,177195.0,TVS Apache Headlight Visor,,IMOB,0,,Bokakhat,Assam,India,,,New Delhi,Siddhi Vinayak Plastic
3127217582,2026-04-14 01:48:21,125499193,58179081,Enquiry for Hero Splendor Bike Visor from Arhan via IndiaMART,I am interested in Hero Splendor Bike Visor,656964.0,Hero Splendor Bike Visor,,IMOB,0,,Bengaluru,Karnataka,India,,,New Delhi,Siddhi Vinayak Plastic
3127317519,2026-04-14 12:05:07,267568149,58179081,Enquiry for Hero Splendor Bike Visor from Sanjay!!! via IndiaMART,I am interested in Hero Splendor Bike Visor,656964.0,Hero Splendor Bike Visor,,IMOB,0,,,,India,,,New Delhi,Siddhi Vinayak Plastic
3127406475,2026-04-14 15:15:06,68089515,58179081,Enquiry for Discover Bike Headlight Visor from Santosh via IndiaMART,I am interested in Discover Bike Headlight Visor,177195.0,Discover Bike Headlight Visor,,IMOB,0,,Patna,Bihar,India,Kabri Lal Shop,,New Delhi,Siddhi Vinayak Plastic
3127515691,2026-04-14 19:55:55,267600126,58179081,Enquiry for Hero Splendor Bike Visor from Sakshay via IndiaMART,I am interested in Hero Splendor Bike Visor,656964.0,Hero Splendor Bike Visor,,IMOB,0,,Sonipat,Haryana,India,,,New Delhi,Siddhi Vinayak Plastic
3127547977,2026-04-14 21:44:15,181513647,58179081,Enquiry for TVS Apache Headlight Visor from Bagila via IndiaMART,I am interested in TVS Apache Headlight Visor,177195.0,TVS Apache Headlight Visor,,IMOB,0,,Bokakhat,Assam,India,,,New Delhi,Siddhi Vinayak Plastic
3127659248,2026-04-15 10:49:39,267625812,58179081,Enquiry for Hero Splendor Bike Visor from Rakesh via IndiaMART,I am interested in Hero Splendor Bike Visor,656964.0,Hero Splendor Bike Visor,,IMOB,0,,,,India,,,New Delhi,Siddhi Vinayak Plastic
3128255422,2026-04-16 19:46:06,69859849,58179081,Enquiry for Hero Splendor Bike Visor from Mahendra via IndiaMART,I am interested in Hero Splendor Bike Visor,656964.0,Hero Splendor Bike Visor,,ANDROID,0,,Piduguralla,Andhra Pradesh,India,,,New Delhi,Siddhi Vinayak Plastic
3128356978,2026-04-17 08:01:08,258095810,58179081,Enquiry for Hero Splendor Bike Visor from Savita via IndiaMART,I am interested in Hero Splendor Bike Visor,656964.0,Hero Splendor Bike Visor,,IMOB,0,,Muzaffarpur,Bihar,India,,,New Delhi,Siddhi Vinayak Plastic
3128421988,2026-04-17 11:34:06,257529411,58179081,Enquiry for Hero Splendor Bike Visor from PRANSHU via IndiaMART,I am interested in Hero Splendor Bike Visor,656964.0,Hero Splendor Bike Visor,,IMOB,0,,Jasrana,Uttar Pradesh,India,,,New Delhi,Siddhi Vinayak Plastic
3128603926,2026-04-17 18:40:07,90008806,58179081,Enquiry for Hero Passion Plus Headlight Visor from Raman via IndiaMART,I am interested in Hero Passion Plus Headlight Visor,656964.0,Hero Passion Plus Headlight Visor,,IMOB,0,,Chapra,Bihar,India,,,New Delhi,Siddhi Vinayak Plastic
3128674373,2026-04-17 22:44:05,267773581,58179081,Enquiry for Yamaha Headlight Visor from Yamaha via IndiaMART,I am interested in Yamaha Headlight Visor,177195.0,Yamaha Headlight Visor,,IMOB,0,,Jaipur,Rajasthan,India,,,New Delhi,Siddhi Vinayak Plastic
3128752120,2026-04-18 10:08:52,23974191,58179081,Enquiry for Discover Bike Headlight Visor from Rajkishor via IndiaMART,I am interested in Discover Bike Headlight Visor,177195.0,Discover Bike Headlight Visor,,IMOB,0,,Balod,Chhattisgarh,India,,,New Delhi,Siddhi Vinayak Plastic
3128873087,2026-04-18 14:51:22,242797450,58179081,Enquiry for Hero Splendor Bike Visor from Jai via IndiaMART,I am interested in Hero Splendor Bike Visor,656964.0,Hero Splendor Bike Visor,,IMOB,0,,Giridih,Jharkhand,India,,,New Delhi,Siddhi Vinayak Plastic
3128874093,2026-04-18 14:54:29,267801946,58179081,Enquiry for Hero Splendor Bike Visor from Karan via IndiaMART,I am interested in Hero Splendor Bike Visor,656964.0,Hero Splendor Bike Visor,,IMOB,0,,Muzaffarpur,Bihar,India,,,New Delhi,Siddhi Vinayak Plastic
3128990612,2026-04-18 20:19:13,234210986,58179081,Enquiry for Hero Splendor Bike Visor from MITHLESH via IndiaMART,I am interested in Hero Splendor Bike Visor,656964.0,Hero Splendor Bike Visor,,IMOB,0,,Nalanda,Bihar,India,,,New Delhi,Siddhi Vinayak Plastic
3128998527,2026-04-18 20:46:36,32879256,58179081,Enquiry for Hero Splendor Bike Visor from Aman via IndiaMART,I am interested in Hero Splendor Bike Visor,656964.0,Hero Splendor Bike Visor,,IMOB,0,,,,India,,,New Delhi,Siddhi Vinayak Plastic
3129315552,2026-04-19 21:24:15,267867466,58179081,Enquiry for Discover Bike Headlight Visor from Irfan via IndiaMART,I am interested in Discover Bike Headlight Visor,177195.0,Discover Bike Headlight Visor,,IMOB,0,,,Maharashtra,India,,,New Delhi,Siddhi Vinayak Plastic
3129384083,2026-04-20 08:32:44,228066529,58179081,Enquiry for Bajaj Discover 100CC Visor Glass from HARERAM via IndiaMART,I am interested in Bajaj Discover 100CC Visor Glass,177329.0,Bajaj Discover 100CC Visor Glass,,IMOB,0,,Ranchi,Jharkhand,India,,,New Delhi,Siddhi Vinayak Plastic
3129464047,2026-04-20 12:26:52,181340800,58179081,Enquiry for Hero Splendor Bike Visor from Aari via IndiaMART,I am interested in Hero Splendor Bike Visor,656964.0,Hero Splendor Bike Visor,,IMOB,0,,Chennai,Tamil Nadu,India,,,New Delhi,Siddhi Vinayak Plastic
3129467426,2026-04-20 12:34:09,267889500,58179081,Enquiry for Hero Splendor Bike Visor from Krishna via IndiaMART,I am interested in Hero Splendor Bike Visor,656964.0,Hero Splendor Bike Visor,,IMOB,0,,Nashik,Maharashtra,India,,,New Delhi,Siddhi Vinayak Plastic
3129667402,2026-04-20 21:07:43,267913511,58179081,Enquiry for Discover Bike Headlight Visor from Mani via IndiaMART,I am interested in Discover Bike Headlight Visor,177195.0,Discover Bike Headlight Visor,,IMOB,0,,,,India,,,New Delhi,Siddhi Vinayak Plastic
3129690185,2026-04-20 22:40:31,267918778,58179081,Enquiry for Yamaha Headlight Visor from Rayaz via IndiaMART,I am interested in Yamaha Headlight Visor,177195.0,Yamaha Headlight Visor,,IMOB,0,,Srinagar,Jammu & Kashmir,India,,,New Delhi,Siddhi Vinayak Plastic
3129931680,2026-04-21 16:24:03,64975111,58179081,Enquiry for Discover Bike Headlight Visor from Anup via IndiaMART,I am interested in Discover Bike Headlight Visor,177195.0,Discover Bike Headlight Visor,,IMOB,0,,Mahendragarh,Haryana,India,,,New Delhi,Siddhi Vinayak Plastic
3130262110,2026-04-22 14:58:50,267994959,58179081,Enquiry for Hero Splendor Bike Visor from Raval via IndiaMART,I am interested in Hero Splendor Bike Visor,656964.0,Hero Splendor Bike Visor,,IMOB,0,,Jorethang,Sikkim,India,,,New Delhi,Siddhi Vinayak Plastic
3130485342,2026-04-23 09:30:09,226562379,58179081,Enquiry for Yamaha Headlight Visor from Arojit via IndiaMART,I am interested in Yamaha Headlight Visor,177195.0,Yamaha Headlight Visor,,IMOB,0,,Kalna,West Bengal,India,,,New Delhi,Siddhi Vinayak Plastic
3130744522,2026-04-23 20:50:21,268061134,58179081,Enquiry for Discover Bike Headlight Visor from Dilip via IndiaMART,I am interested in Discover Bike Headlight Visor,177195.0,Discover Bike Headlight Visor,,IMOB,0,,Rajarhat,West Bengal,India,,,New Delhi,Siddhi Vinayak Plastic
3130765991,2026-04-23 22:14:04,268064298,58179081,Enquiry for Bajaj XCD Mudguard from Deepak via IndiaMART,I am interested in Bajaj XCD Mudguard,656984.0,Bajaj XCD Mudguard,,IMOB,0,,Rewa,Madhya Pradesh,India,,,New Delhi,Siddhi Vinayak Plastic
3130797612,2026-04-24 01:13:05,117587278,58179081,Enquiry for Hero Splendor Bike Visor from Ashok via IndiaMART,I am interested in Hero Splendor Bike Visor,656964.0,Hero Splendor Bike Visor,,ANDWEB,0,,Warangal,Telangana,India,,,New Delhi,Siddhi Vinayak Plastic
3130928049,2026-04-24 13:22:44,268086091,58179081,Enquiry for Hero Splendor Bike Visor from SANTOSH via IndiaMART,I am interested in Hero Splendor Bike Visor,656964.0,Hero Splendor Bike Visor,,IMOB,0,,Nalanda,Bihar,India,,,New Delhi,Siddhi Vinayak Plastic
3130966973,2026-04-24 14:54:42,138452131,58179081,Enquiry for Yamaha Headlight Visor from Gopal via IndiaMART,I am interested in Yamaha Headlight Visor,177195.0,Yamaha Headlight Visor,,IMOB,0,,Kharagpur,West Bengal,India,,,New Delhi,Siddhi Vinayak Plastic
3131044128,2026-04-24 18:12:27,268099493,58179081,Enquiry for Hero Splendor Bike Visor from Rahul via IndiaMART,I am interested in Hero Splendor Bike Visor,656964.0,Hero Splendor Bike Visor,,IMOB,0,,,,India,,,New Delhi,Siddhi Vinayak Plastic
3131160554,2026-04-25 07:43:04,218932783,58179081,Enquiry for Yamaha Headlight Visor from Chan via IndiaMART,I am interested in Yamaha Headlight Visor,177195.0,Yamaha Headlight Visor,,IMOB,0,,Chennai,Tamil Nadu,India,,,New Delhi,Siddhi Vinayak Plastic
3131162350,2026-04-25 07:54:58,181952241,58179081,Enquiry for Hero Splendor Bike Visor from Krishan via IndiaMART,I am interested in Hero Splendor Bike Visor,656964.0,Hero Splendor Bike Visor,,IMOB,0,,Nagaur,Rajasthan,India,,,New Delhi,Siddhi Vinayak Plastic
3131168831,2026-04-25 08:46:25,268119148,58179081,Enquiry for Hero Splendor Bike Visor from Laxman via IndiaMART,I am interested in Hero Splendor Bike Visor,656964.0,Hero Splendor Bike Visor,,IMOB,0,,Bikaner,Rajasthan,India,,,New Delhi,Siddhi Vinayak Plastic
3131411864,2026-04-25 20:03:55,268150203,58179081,Enquiry for Hero Splendor Bike Visor from Sapna via IndiaMART,I am interested in Hero Splendor Bike Visor,656964.0,Hero Splendor Bike Visor,,IMOB,0,,Jammu,Jammu & Kashmir,India,,,New Delhi,Siddhi Vinayak Plastic
3131470063,2026-04-26 00:38:57,268158830,58179081,"Export Enquiry for Discover Bike Headlight Visor from Sashowkat34, Bangladesh via IndiaMART",I am interested in Discover Bike Headlight Visor,177195.0,Discover Bike Headlight Visor,,IMOB,0,,,,Bangladesh,,,New Delhi,Siddhi Vinayak Plastic
3131480241,2026-04-26 05:41:18,208027909,58179081,Enquiry for Discover Bike Headlight Visor from NAFISA via IndiaMART,I am interested in Discover Bike Headlight Visor,177195.0,Discover Bike Headlight Visor,,IMOB,0,,Moradabad,Uttar Pradesh,India,,,New Delhi,Siddhi Vinayak Plastic
3131495478,2026-04-26 08:08:04,241635974,58179081,Enquiry for Discover Bike Headlight Visor from Amit via IndiaMART,I am interested in Discover Bike Headlight Visor,177195.0,Discover Bike Headlight Visor,,IMOB,0,,Firozabad,Uttar Pradesh,India,,,New Delhi,Siddhi Vinayak Plastic
3131619358,2026-04-26 15:02:57,227272953,58179081,Enquiry for Discover Bike Headlight Visor from Suresh via IndiaMART,I am interested in Discover Bike Headlight Visor,177195.0,Discover Bike Headlight Visor,,IMOB,0,,Muzaffarpur,Bihar,India,,,New Delhi,Siddhi Vinayak Plastic
3131737114,2026-04-26 22:06:04,194416810,58179081,Enquiry for Hero Splendor Bike Visor from Amarchand via IndiaMART,I am interested in Hero Splendor Bike Visor,656964.0,Hero Splendor Bike Visor,,IMOB,0,,Bikaner,Rajasthan,India,,,New Delhi,Siddhi Vinayak Plastic
3131976452,2026-04-27 16:16:22,193942617,58179081,Enquiry for Hero Splendor Bike Visor from Edwin via IndiaMART,I am interested in Hero Splendor Bike Visor,656964.0,Hero Splendor Bike Visor,,IMOB,0,,Edaikodu,Tamil Nadu,India,,,New Delhi,Siddhi Vinayak Plastic
3132067707,2026-04-27 20:31:49,268240375,58179081,Enquiry for Hero Splendor Bike Visor from Ismail via IndiaMART,I am interested in Hero Splendor Bike Visor,656964.0,Hero Splendor Bike Visor,,IMOB,0,,Tumakuru,Karnataka,India,,,New Delhi,Siddhi Vinayak Plastic
3132100646,2026-04-27 22:36:11,268244966,58179081,Enquiry for Discover Bike Headlight Visor from Rohan via IndiaMART,I am interested in Discover Bike Headlight Visor,177195.0,Discover Bike Headlight Visor,,IMOB,0,,Almora,Uttarakhand,India,,,New Delhi,Siddhi Vinayak Plastic
3132211266,2026-04-28 11:35:12,261266930,58179081,Enquiry for Yamaha Headlight Visor from Rajan via IndiaMART,I am interested in Yamaha Headlight Visor,177195.0,Yamaha Headlight Visor,,IMOB,0,,Hamirpur,Himachal Pradesh,India,,,New Delhi,Siddhi Vinayak Plastic
3132316440,2026-04-28 15:30:38,216906109,58179081,Enquiry for Hero Splendor Bike Visor from Sukhvinder via IndiaMART,I am interested in Hero Splendor Bike Visor,656964.0,Hero Splendor Bike Visor,,IMOB,0,,Sitapur,Uttar Pradesh,India,Avrinder,,New Delhi,Siddhi Vinayak Plastic
3132329722,2026-04-28 16:01:21,235326659,58179081,Enquiry for Hero Splendor Bike Visor from PRADEEP via IndiaMART,I am interested in Hero Splendor Bike Visor,656964.0,Hero Splendor Bike Visor,,IMOB,0,,Sohagpur,Madhya Pradesh,India,,,New Delhi,Siddhi Vinayak Plastic
3132451156,2026-04-28 21:56:34,268291225,58179081,Enquiry for Hero Splendor Bike Visor from Hard via IndiaMART,I am interested in Hero Splendor Bike Visor,656964.0,Hero Splendor Bike Visor,,IMOB,0,,,,India,,,New Delhi,Siddhi Vinayak Plastic
3132536218,2026-04-29 10:09:04,199198869,58179081,Enquiry for Hero Splendor Bike Visor from Yuvaraju via IndiaMART,I am interested in Hero Splendor Bike Visor,656964.0,Hero Splendor Bike Visor,,IMOB,0,,Tirupati,Andhra Pradesh,India,,,New Delhi,Siddhi Vinayak Plastic
3132807177,2026-04-29 22:52:42,242975680,58179081,Enquiry for Discover Bike Headlight Visor from Vai via IndiaMART,I am interested in Discover Bike Headlight Visor,177195.0,Discover Bike Headlight Visor,,IMOB,0,,Itarsi,Madhya Pradesh,India,,,New Delhi,Siddhi Vinayak Plastic
3133167493,2026-05-01 05:37:27,105852101,58179081,Enquiry for Hero Splendor Bike Visor from Kiran via IndiaMART,I am interested in Hero Splendor Bike Visor,656964.0,Hero Splendor Bike Visor,,IMOB,0,,Jamshedpur,Jharkhand,India,Kiran Enterprises,,New Delhi,Siddhi Vinayak Plastic
3133237051,2026-05-01 11:33:14,73369183,58179081,Enquiry for Yamaha Headlight Visor from MAYUR via IndiaMART,I am interested in Yamaha Headlight Visor,177195.0,Yamaha Headlight Visor,,IMOB,0,,Surendranagar,Gujarat,India,,,New Delhi,Siddhi Vinayak Plastic
3133432217,2026-05-01 20:50:55,267571746,58179081,Enquiry for Hero Splendor Bike Visor from Pratap via IndiaMART,I am interested in Hero Splendor Bike Visor,656964.0,Hero Splendor Bike Visor,,IMOB,0,,Faridabad,Haryana,India,,,New Delhi,Siddhi Vinayak Plastic
3133877532,2026-05-03 11:11:19,267918778,58179081,Enquiry for Yamaha Headlight Visor from Rayaz via IndiaMART,I am interested in Yamaha Headlight Visor,177195.0,Yamaha Headlight Visor,,IMOB,0,,Srinagar,Jammu & Kashmir,India,,,New Delhi,Siddhi Vinayak Plastic
3133902259,2026-05-03 12:27:13,268485017,58179081,Enquiry for Discover Bike Headlight Visor from Chaitany via IndiaMART,I am interested in Discover Bike Headlight Visor,177195.0,Discover Bike Headlight Visor,,IMOB,0,,Dindori,Maharashtra,India,,,New Delhi,Siddhi Vinayak Plastic
3134033141,2026-05-03 19:34:50,254456101,58179081,Enquiry for Hero Splendor Bike Visor from RAJENDRA via IndiaMART,I am interested in Hero Splendor Bike Visor,656964.0,Hero Splendor Bike Visor,,IMOB,0,,,,India,,,New Delhi,Siddhi Vinayak Plastic
3134064240,2026-05-03 21:38:26,268507710,58179081,Enquiry for Discover Bike Headlight Visor from Piyush via IndiaMART,I am interested in Discover Bike Headlight Visor,177195.0,Discover Bike Headlight Visor,,IMOB,0,,New Delhi,Delhi,India,,,New Delhi,Siddhi Vinayak Plastic
3134214004,2026-05-04 13:27:21,86732538,58179081,Enquiry for Discover Bike Headlight Visor from Bapuji via IndiaMART,I am interested in Discover Bike Headlight Visor,177195.0,Discover Bike Headlight Visor,,IMOB,0,,Mumbai,Maharashtra,India,other,,New Delhi,Siddhi Vinayak Plastic
3134285058,2026-05-04 16:40:46,268535566,58179081,Enquiry for Hero Splendor Bike Visor via IndiaMART,I am interested in Hero Splendor Bike Visor,656964.0,Hero Splendor Bike Visor,,ANDWEB,0,,,,India,,,New Delhi,Siddhi Vinayak Plastic
3134386959,2026-05-04 22:50:19,268555341,58179081,Enquiry for Hero Splendor Bike Visor from Mehmood via IndiaMART,I am interested in Hero Splendor Bike Visor,656964.0,Hero Splendor Bike Visor,,IMOB,0,,Rajauri,Jammu & Kashmir,India,,,New Delhi,Siddhi Vinayak Plastic
3134389049,2026-05-04 23:02:37,229382532,58179081,Enquiry for Hero Splendor Bike Visor from Kosikan via IndiaMART,I am interested in Hero Splendor Bike Visor,656964.0,Hero Splendor Bike Visor,,IMOB,0,,Rasipuram,Tamil Nadu,India,,,New Delhi,Siddhi Vinayak Plastic
3134514399,2026-05-05 12:55:21,268575261,58179081,Enquiry for Hero Splendor Bike Visor from Shobha via IndiaMART,I am interested in Hero Splendor Bike Visor,656964.0,Hero Splendor Bike Visor,,IMOB,0,,,,India,,,New Delhi,Siddhi Vinayak Plastic
3134931573,2026-05-06 16:01:14,57088439,58179081,Enquiry for Hero Splendor Bike Visor from Shekar via IndiaMART,doom,656964.0,Hero Splendor Bike Visor,,PRODDTL,0,,Hyderabad,Telangana,India,,,New Delhi,Siddhi Vinayak Plastic
3135327249,2026-05-07 18:48:51,268683693,58179081,Enquiry for Hero Splendor Bike Visor from Manojgouda via IndiaMART,I am interested in Hero Splendor Bike Visor,656964.0,Hero Splendor Bike Visor,,IMOB,0,,Dharwad,Karnataka,India,,,New Delhi,Siddhi Vinayak Plastic
3135379235,2026-05-07 22:08:18,268689772,58179081,Enquiry for Hero Splendor Bike Visor from Kanishka via IndiaMART,I am interested in Hero Splendor Bike Visor,656964.0,Hero Splendor Bike Visor,,IMOB,0,,,,India,,,New Delhi,Siddhi Vinayak Plastic
3135488925,2026-05-08 11:37:53,268706572,58179081,Enquiry for Hero Splendor Bike Visor from Amit via IndiaMART,I am interested in Hero Splendor Bike Visor,656964.0,Hero Splendor Bike Visor,,IMOB,0,,Delhi,Delhi,India,,,New Delhi,Siddhi Vinayak Plastic
3135736540,2026-05-09 04:30:15,91976632,58179081,Enquiry for Yamaha Headlight Visor from Eloverson via IndiaMART,I am interested in Yamaha Headlight Visor,177195.0,Yamaha Headlight Visor,,ANDROID,0,,Baripada,Odisha,India,,,New Delhi,Siddhi Vinayak Plastic
3135751865,2026-05-09 08:02:18,268740759,58179081,Enquiry for Hero Splendor Bike Visor from Gorakh via IndiaMART,I am interested in Hero Splendor Bike Visor,656964.0,Hero Splendor Bike Visor,,IMOB,0,,,,India,,,New Delhi,Siddhi Vinayak Plastic
3135773485,2026-05-09 09:58:02,268744792,58179081,Enquiry for Discover Bike Headlight Visor from Ravii via IndiaMART,I am interested in Discover Bike Headlight Visor,177195.0,Discover Bike Headlight Visor,,IMOB,0,,Jalalpur,Uttar Pradesh,India,,,New Delhi,Siddhi Vinayak Plastic
3136059713,2026-05-10 07:00:09,101342747,58179081,Enquiry for Hero Splendor Bike Visor from Santlal via IndiaMART,I am interested in Hero Splendor Bike Visor,656964.0,Hero Splendor Bike Visor,,IMOB,0,,Sardarshahr,Rajasthan,India,,,New Delhi,Siddhi Vinayak Plastic
3136067027,2026-05-10 07:52:16,162265143,58179081,Enquiry for Hero Splendor Bike Visor from PUGARTEEN via IndiaMART,I am interested in Hero Splendor Bike Visor,656964.0,Hero Splendor Bike Visor,,IMOB,0,,Arumbavur,Tamil Nadu,India,,,New Delhi,Siddhi Vinayak Plastic
3136245271,2026-05-10 18:57:10,66364253,58179081,Enquiry for Hero Splendor Bike Visor from Valmik via IndiaMART,I am interested in Hero Splendor Bike Visor,656964.0,Hero Splendor Bike Visor,,IMOB,0,,Nashik,Maharashtra,India,,,New Delhi,Siddhi Vinayak Plastic
3136245983,2026-05-10 19:00:27,268807598,58179081,Enquiry for Yamaha Headlight Visor from Rohit via IndiaMART,I am interested in Yamaha Headlight Visor,177195.0,Yamaha Headlight Visor,,IMOB,0,,Kolkata,West Bengal,India,,,New Delhi,Siddhi Vinayak Plastic
3136675377,2026-05-12 07:53:11,268867276,58179081,Enquiry for Hero Splendor Bike Visor via IndiaMART,I am interested in Hero Splendor Bike Visor,656964.0,Hero Splendor Bike Visor,,IMOB,0,,,,India,,,New Delhi,Siddhi Vinayak Plastic
3136683831,2026-05-12 08:57:46,268868282,58179081,Enquiry for Hero Splendor Bike Visor from Gopinath via IndiaMART,I am interested in Hero Splendor Bike Visor,656964.0,Hero Splendor Bike Visor,,IMOB,0,,Arakkonam,Tamil Nadu,India,,,New Delhi,Siddhi Vinayak Plastic
3136841043,2026-05-12 15:39:52,268888351,58179081,Enquiry for Hero Splendor Bike Visor from Tiru via IndiaMART,I am interested in Hero Splendor Bike Visor,656964.0,Hero Splendor Bike Visor,,IMOB,0,,Mysuru,Karnataka,India,,,New Delhi,Siddhi Vinayak Plastic
3136941228,2026-05-12 20:32:16,253857326,58179081,Enquiry for Hero Splendor Bike Visor from Saurabh via IndiaMART,I am interested in Hero Splendor Bike Visor,656964.0,Hero Splendor Bike Visor,,ANDWEB,0,,Jaunpur,Uttar Pradesh,India,,,New Delhi,Siddhi Vinayak Plastic
3137040056,2026-05-13 09:52:05,268915757,58179081,Enquiry for TVS Apache Headlight Visor from SATPAL via IndiaMART,I am interested in TVS Apache Headlight Visor,177195.0,TVS Apache Headlight Visor,,IMOB,0,,,,India,,,New Delhi,Siddhi Vinayak Plastic
3137088416,2026-05-13 11:57:37,94906786,58179081,Enquiry for Hero Splendor Bike Visor from Ravi via IndiaMART,I am interested in Hero Splendor Bike Visor,656964.0,Hero Splendor Bike Visor,,PRODDTL,0,,Bengaluru,Karnataka,India,,,New Delhi,Siddhi Vinayak Plastic
3137221078,2026-05-13 17:22:32,268938843,58179081,Enquiry for Hero Splendor Bike Visor from Dinesh via IndiaMART,.,656964.0,Hero Splendor Bike Visor,,IMOB,0,,Bengaluru,Karnataka,India,,,New Delhi,Siddhi Vinayak Plastic
3137357885,2026-05-14 07:43:09,268957114,58179081,Enquiry for Hero Splendor Bike Visor from Arbaj via IndiaMART,I am interested in Hero Splendor Bike Visor,656964.0,Hero Splendor Bike Visor,,IMOB,0,,Muzaffarpur,Bihar,India,,,New Delhi,Siddhi Vinayak Plastic
3137625553,2026-05-14 20:07:58,105620453,58179081,Enquiry for Hero Splendor Bike Visor from Sandeep via IndiaMART,I am interested in Hero Splendor Bike Visor,656964.0,Hero Splendor Bike Visor,,IMOB,0,,Jangipur,Uttar Pradesh,India,,,New Delhi,Siddhi Vinayak Plastic
3137950449,2026-05-15 18:50:19,103538911,58179081,Enquiry for Hero Passion Plus Headlight Visor from Amarchand via IndiaMART,I am interested in Hero Passion Plus Headlight Visor,656964.0,Hero Passion Plus Headlight Visor,,IMOB,0,,Jodhpur,Rajasthan,India,,,New Delhi,Siddhi Vinayak Plastic
3138241500,2026-05-16 16:38:25,102005452,58179081,Enquiry for Bike Side Panel from Yuvraj via IndiaMART,I am interested in Bike Side Panel,656893.0,Bike Side Panel,,IMOB,0,,Chennai,Tamil Nadu,India,,,New Delhi,Siddhi Vinayak Plastic
3138385412,2026-05-17 07:08:47,193976517,58179081,Enquiry for Hero Splendor Bike Visor from Murali via IndiaMART,I am interested in Hero Splendor Bike Visor,656964.0,Hero Splendor Bike Visor,,IMOB,0,,Erode,Tamil Nadu,India,,,New Delhi,Siddhi Vinayak Plastic
3138407980,2026-05-17 09:33:45,269093472,58179081,Enquiry for Hero Splendor Bike Visor from Jithu via IndiaMART,I am interested in Hero Splendor Bike Visor,656964.0,Hero Splendor Bike Visor,,IMOB,0,,Neyyattinkara,Kerala,India,,,New Delhi,Siddhi Vinayak Plastic
3138642674,2026-05-17 22:13:45,236490893,58179081,Enquiry for Discover Bike Headlight Visor from Ayush via IndiaMART,I am interested in Discover Bike Headlight Visor,177195.0,Discover Bike Headlight Visor,,IMOB,0,,Mandi,Himachal Pradesh,India,,,New Delhi,Siddhi Vinayak Plastic
3139049403,2026-05-19 08:33:08,269182073,58179081,Enquiry for Yamaha Headlight Visor from Bhaskar via IndiaMART,I am interested in Yamaha Headlight Visor,,Yamaha Headlight Visor,,IMOB,0,,,,India,,,New Delhi,Siddhi Vinayak Plastic
3139078337,2026-05-19 10:38:21,226049074,58179081,Enquiry for Hero Splendor Bike Visor from Bablu via IndiaMART,I am interested in Hero Splendor Bike Visor,656964.0,Hero Splendor Bike Visor,,IMOB,0,,Barela,Madhya Pradesh,India,,,New Delhi,Siddhi Vinayak Plastic
3139328204,2026-05-19 20:57:33,65694746,58179081,Enquiry for Hero Splendor Bike Visor from Naveen via IndiaMART,I am interested in Hero Splendor Bike Visor,656964.0,Hero Splendor Bike Visor,,IMOB,0,,Mahbubnagar,Telangana,India,,,New Delhi,Siddhi Vinayak Plastic
3139745614,2026-05-21 01:03:49,153164407,58179081,Enquiry for Passion Bike Front Visor from Amrit via IndiaMART,I am interested in Passion Bike Front Visor,656964.0,Passion Bike Front Visor,,IMOB,0,,Asarganj,Bihar,India,,,New Delhi,Siddhi Vinayak Plastic
3139936240,2026-05-21 15:56:44,269300880,58179081,Enquiry for Discover Bike Headlight Visor from Sagar via IndiaMART,I am interested in Discover Bike Headlight Visor,177195.0,Discover Bike Headlight Visor,,IMOB,0,,Agra,Uttar Pradesh,India,,,New Delhi,Siddhi Vinayak Plastic
3140094715,2026-05-22 06:17:34,269322532,58179081,Enquiry for Hero Splendor Bike Visor from Ankit via IndiaMART,I am interested in Hero Splendor Bike Visor,656964.0,Hero Splendor Bike Visor,,IMOB,0,,Surat,Gujarat,India,,,New Delhi,Siddhi Vinayak Plastic
3140126402,2026-05-22 09:51:31,269327044,58179081,Enquiry for Hero Splendor Bike Visor from Nikhil via IndiaMART,I am interested in Hero Splendor Bike Visor,656964.0,Hero Splendor Bike Visor,,IMOB,0,,Ballia,Uttar Pradesh,India,,,New Delhi,Siddhi Vinayak Plastic
3140253648,2026-05-22 15:08:54,269342830,58179081,Enquiry for Yamaha Headlight Visor from Ayzan via IndiaMART,I am interested in Yamaha Headlight Visor,656966.0,Yamaha Headlight Visor,,IMOB,0,,Bhawanipatna,Odisha,India,,,New Delhi,Siddhi Vinayak Plastic
3140313029,2026-05-22 17:44:18,269349877,58179081,Enquiry for Hero Splendor Bike Visor from Shanti via IndiaMART,I am interested in Hero Splendor Bike Visor,656964.0,Hero Splendor Bike Visor,,IMOB,0,,,,India,,,New Delhi,Siddhi Vinayak Plastic
3140685448,2026-05-23 20:01:46,218808884,58179081,Enquiry for Yamaha Headlight Visor from Love via IndiaMART,I am interested in Yamaha Headlight Visor,656966.0,Yamaha Headlight Visor,,IMOB,0,,Srinagar,Jammu & Kashmir,India,Samsung,,New Delhi,Siddhi Vinayak Plastic
3140692615,2026-05-23 20:30:13,143481002,58179081,Enquiry for Discover Bike Headlight Visor from Deepak via IndiaMART,I am interested in Discover Bike Headlight Visor,177195.0,Discover Bike Headlight Visor,,IMOB,0,,Harihar,Karnataka,India,,,New Delhi,Siddhi Vinayak Plastic
3140799637,2026-05-24 10:29:28,269415460,58179081,Enquiry for Discover Bike Headlight Visor from Rakesh via IndiaMART,I am interested in Discover Bike Headlight Visor,177195.0,Discover Bike Headlight Visor,,IMOB,0,,,,India,,,New Delhi,Siddhi Vinayak Plastic
3140911444,2026-05-24 16:13:47,185698312,58179081,Enquiry for TVS Apache Headlight Visor from Konakanchi via IndiaMART,I am interested in TVS Apache Headlight Visor,177195.0,TVS Apache Headlight Visor,,IMOB,0,,Nandigama,Andhra Pradesh,India,,,New Delhi,Siddhi Vinayak Plastic
3140948508,2026-05-24 18:25:46,269435846,58179081,Enquiry for Yamaha Headlight Visor from Jay via IndiaMART,I am interested in Yamaha Headlight Visor,656966.0,Yamaha Headlight Visor,,IMOB,0,,Katwa,West Bengal,India,,,New Delhi,Siddhi Vinayak Plastic
3141003808,2026-05-24 22:09:46,265204239,58179081,Enquiry for TVS Apache Headlight Visor from Affan via IndiaMART,I am interested in TVS Apache Headlight Visor,177195.0,TVS Apache Headlight Visor,,IMOB,0,,Hyderabad,Telangana,India,,,New Delhi,Siddhi Vinayak Plastic
3141361679,2026-05-25 23:05:55,267287688,58179081,Enquiry for Discover Bike Headlight Visor from Sudarshan via IndiaMART,I am interested in Discover Bike Headlight Visor,177195.0,Discover Bike Headlight Visor,,IMOB,0,,Mumbai,Maharashtra,India,,,New Delhi,Siddhi Vinayak Plastic
3141591911,2026-05-26 16:01:23,269528669,58179081,Enquiry for Hero Splendor Bike Visor from Y via IndiaMART,I am interested in Hero Splendor Bike Visor,656964.0,Hero Splendor Bike Visor,,IMOB,0,,Arkalgud,Karnataka,India,,,New Delhi,Siddhi Vinayak Plastic
3141684982,2026-05-26 20:07:54,97010146,58179081,Enquiry for Yamaha Headlight Visor from Gopi via IndiaMART,I am interested in Yamaha Headlight Visor,656966.0,Yamaha Headlight Visor,,IMOB,0,,Cuddalore,Tamil Nadu,India,Sri Alamelu Traders,,New Delhi,Siddhi Vinayak Plastic
3141751721,2026-05-27 01:11:11,269552937,58179081,Enquiry for Discover Bike Headlight Visor from Nishamudeen via IndiaMART,I am interested in Discover Bike Headlight Visor,177195.0,Discover Bike Headlight Visor,,IMOB,0,,Madurai,Tamil Nadu,India,,,New Delhi,Siddhi Vinayak Plastic
3142126243,2026-05-28 08:36:57,107316358,58179081,Enquiry for Yamaha Headlight Visor from SAKTHIVEL via IndiaMART,I am interested in Yamaha Headlight Visor,656966.0,Yamaha Headlight Visor,,IMOB,0,,Nilgiris,Tamil Nadu,India,vignesh motars,,New Delhi,Siddhi Vinayak Plastic
3142129687,2026-05-28 09:01:25,188017791,58179081,Enquiry for Discover Bike Headlight Visor from Rajiv via IndiaMART,I am interested in Discover Bike Headlight Visor,177195.0,Discover Bike Headlight Visor,,IMOB,0,,Biharsharif,Bihar,India,,,New Delhi,Siddhi Vinayak Plastic
3142780667,2026-05-30 07:25:41,66526658,58179081,Enquiry for Hero Splendor Bike Visor from Bhimratna via IndiaMART,I am interested in Hero Splendor Bike Visor,656964.0,Hero Splendor Bike Visor,,IMOB,0,,Mumbai,Maharashtra,India,,,New Delhi,Siddhi Vinayak Plastic
3143115704,2026-05-31 09:10:43,263401236,58179081,Enquiry for Discover Bike Headlight Visor from Gurpal via IndiaMART,I am interested in Discover Bike Headlight Visor,177195.0,Discover Bike Headlight Visor,,IMOB,0,,Naina Devi,Himachal Pradesh,India,,,New Delhi,Siddhi Vinayak Plastic
3143237473,2026-05-31 15:56:21,269759894,58179081,Enquiry for Bajaj XCD Mudguard from Soham via IndiaMART,I am interested in Bajaj XCD Mudguard,656984.0,Bajaj XCD Mudguard,,IMOB,0,,Harda,Madhya Pradesh,India,,,New Delhi,Siddhi Vinayak Plastic
3143462086,2026-06-01 13:04:20,269793793,58179081,Enquiry for Hero Splendor Bike Visor from Ret via IndiaMART,I am interested in Hero Splendor Bike Visor,656964.0,Hero Splendor Bike Visor,,IMOB,0,,,,India,,,New Delhi,Siddhi Vinayak Plastic
3143553390,2026-06-01 16:47:38,129870576,58179081,Enquiry for Discover Bike Headlight Visor from Ankaj via IndiaMART,I am interested in Discover Bike Headlight Visor,177195.0,Discover Bike Headlight Visor,,IMOB,0,,Banka,Bihar,India,,,New Delhi,Siddhi Vinayak Plastic
3143719310,2026-06-02 09:31:12,244238568,58179081,Enquiry for Discover Bike Headlight Visor from Hemant via IndiaMART,I am interested in Discover Bike Headlight Visor,177195.0,Discover Bike Headlight Visor,,IMOB,0,,Vijalpor,Gujarat,India,sika camikals,,New Delhi,Siddhi Vinayak Plastic
3143895311,2026-06-02 16:37:06,122566707,58179081,Enquiry for Hero Splendor Bike Visor from Harish via IndiaMART,I am interested in Hero Splendor Bike Visor,656964.0,Hero Splendor Bike Visor,,IMOB,0,,Medak,Telangana,India,,,New Delhi,Siddhi Vinayak Plastic
3144003730,2026-06-02 22:10:09,269864786,58179081,Enquiry for Hero Splendor Bike Visor from KANNAN via IndiaMART,I am interested in Hero Splendor Bike Visor,656964.0,Hero Splendor Bike Visor,,IMOB,0,,Keeranur,Tamil Nadu,India,,,New Delhi,Siddhi Vinayak Plastic
3144122473,2026-06-03 11:42:37,143481002,58179081,Enquiry for Discover Bike Headlight Visor from Deepak via IndiaMART,I am interested in Discover Bike Headlight Visor,177195.0,Discover Bike Headlight Visor,,IMOB,0,,Harihar,Karnataka,India,,,New Delhi,Siddhi Vinayak Plastic
3144123444,2026-06-03 11:44:55,113382643,58179081,Enquiry for Yamaha Headlight Visor from Suraj via IndiaMART,I am interested in Yamaha Headlight Visor,656966.0,Yamaha Headlight Visor,,IMOB,0,,Nagaon,Assam,India,,,New Delhi,Siddhi Vinayak Plastic
3144190878,2026-06-03 14:12:03,269887764,58179081,Enquiry for Hero Splendor Bike Visor from Mano via IndiaMART,I am interested in Hero Splendor Bike Visor,656964.0,Hero Splendor Bike Visor,,IMOB,0,,Namakkal,Tamil Nadu,India,,,New Delhi,Siddhi Vinayak Plastic
3144205428,2026-06-03 14:44:05,269888762,58179081,Enquiry for Discover Bike Headlight Visor from Abhishek via IndiaMART,I am interested in Discover Bike Headlight Visor,177195.0,Discover Bike Headlight Visor,,IMOB,0,,Surajpur,Chhattisgarh,India,,,New Delhi,Siddhi Vinayak Plastic
3144269245,2026-06-03 17:23:58,269864786,58179081,Enquiry for Hero Splendor Bike Visor from KANNAN via IndiaMART,I am interested in Hero Splendor Bike Visor,656964.0,Hero Splendor Bike Visor,,ANDWEB,0,,Keeranur,Tamil Nadu,India,,,New Delhi,Siddhi Vinayak Plastic
3144342885,2026-06-03 21:06:09,195666413,58179081,Enquiry for Discover Bike Headlight Visor from SHIVAM via IndiaMART,I am interested in Discover Bike Headlight Visor,177195.0,Discover Bike Headlight Visor,,IMOB,0,,Deoria,Uttar Pradesh,India,,,New Delhi,Siddhi Vinayak Plastic
3144458087,2026-06-04 11:01:49,160892081,58179081,Enquiry for Hero Splendor Bike Visor from Urmila via IndiaMART,I am interested in Hero Splendor Bike Visor,656964.0,Hero Splendor Bike Visor,,IMOB,0,,Didwana,Rajasthan,India,,,New Delhi,Siddhi Vinayak Plastic
3144464520,2026-06-04 11:18:02,269925067,58179081,Enquiry for Hero Splendor Bike Visor from Ashok via IndiaMART,I am interested in Hero Splendor Bike Visor,656964.0,Hero Splendor Bike Visor,,IMOB,0,,,,India,,,New Delhi,Siddhi Vinayak Plastic
3144545388,2026-06-04 14:24:34,269935243,58179081,Enquiry for TVS Apache Headlight Visor from Jenith via IndiaMART,I am interested in TVS Apache Headlight Visor,177195.0,TVS Apache Headlight Visor,,IMOB,0,,Kanyakumari,Tamil Nadu,India,,,New Delhi,Siddhi Vinayak Plastic
3144966257,2026-06-05 18:19:07,131600800,58179081,Enquiry for Discover Bike Headlight Visor from Rajeev via IndiaMART,"i need one piece for discover bike in black color for 125cc, i need one piece for discover bike in black color for 125cc, i need one piece for discover bike in black color for 125cc",177195.0,Discover Bike Headlight Visor,,PRODDTL,0,,Mathura,Uttar Pradesh,India,,,New Delhi,Siddhi Vinayak Plastic
3144975087,2026-06-05 18:42:51,180811447,58179081,Enquiry for Discover Bike Headlight Visor from Bablu via IndiaMART,I am interested in Discover Bike Headlight Visor,177195.0,Discover Bike Headlight Visor,,IMOB,0,,Gorakhpur,Uttar Pradesh,India,,,New Delhi,Siddhi Vinayak Plastic
3145324906,2026-06-06 19:08:59,270039953,58179081,Enquiry for Discover Bike Headlight Visor from Toshif via IndiaMART,I am interested in Discover Bike Headlight Visor,177195.0,Discover Bike Headlight Visor,,IMOB,0,,,,India,,,New Delhi,Siddhi Vinayak Plastic
3145388613,2026-06-06 23:13:20,92098652,58179081,Enquiry for Yamaha Headlight Visor from Shiv via IndiaMART,I am interested in Yamaha Headlight Visor,656966.0,Yamaha Headlight Visor,,IMOB,0,,Bikaner,Rajasthan,India,,,New Delhi,Siddhi Vinayak Plastic
3145425462,2026-06-07 07:55:34,224090621,58179081,Enquiry for Discover Bike Headlight Visor from SOHAN via IndiaMART,I am interested in Discover Bike Headlight Visor,177195.0,Discover Bike Headlight Visor,,IMOB,0,,Pune,Maharashtra,India,,,New Delhi,Siddhi Vinayak Plastic
3145505634,2026-06-07 12:41:37,270069348,58179081,Enquiry for Hero Splendor Bike Visor from Anjaneyulu via IndiaMART,I am interested in Hero Splendor Bike Visor,656964.0,Hero Splendor Bike Visor,,IMOB,0,,Vijayawada,Andhra Pradesh,India,,,New Delhi,Siddhi Vinayak Plastic
3145525311,2026-06-07 13:39:42,201508838,58179081,Enquiry for Activa Front Mudguard from Khaled via IndiaMART,I am interested in Activa Front Mudguard,223026.0,Activa Front Mudguard,,IMOB,0,,Hyderabad,Telangana,India,,,New Delhi,Siddhi Vinayak Plastic
3145618509,2026-06-07 18:35:51,193547081,58179081,Enquiry for TVS Apache Headlight Visor from Laka via IndiaMART,I am interested in TVS Apache Headlight Visor,177195.0,TVS Apache Headlight Visor,,IMOB,0,,Warangal,Telangana,India,,,New Delhi,Siddhi Vinayak Plastic
3145787249,2026-06-08 11:32:59,270108171,58179081,Enquiry for Hero Splendor Bike Visor from Ankit via IndiaMART,I am interested in Hero Splendor Bike Visor,656964.0,Hero Splendor Bike Visor,,IMOB,0,,Bundi,Rajasthan,India,,,New Delhi,Siddhi Vinayak Plastic
3146064319,2026-06-09 00:08:02,143124599,58179081,Enquiry for Discover Bike Headlight Visor from Bokare via IndiaMART,I am interested in Discover Bike Headlight Visor,177195.0,Discover Bike Headlight Visor,,IMOB,0,,,,India,,,New Delhi,Siddhi Vinayak Plastic
3146083909,2026-06-09 06:43:05,2310959,58179081,Enquiry for Hero Splendor Bike Visor from Vijay via IndiaMART,I am interested in Hero Splendor Bike Visor,656964.0,Hero Splendor Bike Visor,,IMOB,0,,Mathura,Uttar Pradesh,India,V K Enterprises,,New Delhi,Siddhi Vinayak Plastic
3146138244,2026-06-09 10:44:55,264086041,58179081,Enquiry for Hero Splendor Bike Visor from Renu via IndiaMART,I am interested in Hero Splendor Bike Visor,656964.0,Hero Splendor Bike Visor,,IMOB,0,,Hassan,Karnataka,India,,,New Delhi,Siddhi Vinayak Plastic
3146443336,2026-06-10 01:32:19,81120979,58179081,Enquiry for Yamaha Headlight Visor from Shaik via IndiaMART,I am interested in Yamaha Headlight Visor,656966.0,Yamaha Headlight Visor,,IMOB,0,,Madanapalle,Andhra Pradesh,India,,,New Delhi,Siddhi Vinayak Plastic
3146476308,2026-06-10 09:18:25,270202927,58179081,Enquiry for Discover Bike Headlight Visor from Shailesh via IndiaMART,I am interested in Discover Bike Headlight Visor,177195.0,Discover Bike Headlight Visor,,IMOB,0,,,Madhya Pradesh,India,,,New Delhi,Siddhi Vinayak Plastic
3146618851,2026-06-10 14:53:02,225483886,58179081,Enquiry for TVS Apache Headlight Visor from DHIRAJ via IndiaMART,I am interested in TVS Apache Headlight Visor,177195.0,TVS Apache Headlight Visor,,IMOB,0,,Mohali,Punjab,India,,,New Delhi,Siddhi Vinayak Plastic
3146675597,2026-06-10 17:03:47,230677222,58179081,Enquiry for Hero Passion Plus Headlight Visor from BASANI via IndiaMART,I am interested in Hero Passion Plus Headlight Visor,656964.0,Hero Passion Plus Headlight Visor,,IMOB,0,,Hanamkonda,Telangana,India,,,New Delhi,Siddhi Vinayak Plastic
3146845830,2026-06-11 09:26:49,270136736,58179081,Enquiry for Hero Splendor Bike Visor from Chhuttan via IndiaMART,I am interested in Hero Splendor Bike Visor,656964.0,Hero Splendor Bike Visor,,IMOB,0,,Dausa,Rajasthan,India,,,New Delhi,Siddhi Vinayak Plastic
3146877352,2026-06-11 10:51:40,270255528,58179081,Enquiry for Hero Splendor Bike Visor from Cid via IndiaMART,I am interested in Hero Splendor Bike Visor,656964.0,Hero Splendor Bike Visor,,IMOB,0,,New Delhi,Delhi,India,,,New Delhi,Siddhi Vinayak Plastic
3146899298,2026-06-11 11:40:53,270256657,58179081,Enquiry for Hero Splendor Bike Visor from Kishan via IndiaMART,I am interested in Hero Splendor Bike Visor,656964.0,Hero Splendor Bike Visor,,IMOB,0,,Kanpur,Uttar Pradesh,India,,,New Delhi,Siddhi Vinayak Plastic
3147127759,2026-06-11 20:52:12,99192330,58179081,Enquiry for Discover Bike Headlight Visor from GAURANG via IndiaMART,I am interested in Discover Bike Headlight Visor,177195.0,Discover Bike Headlight Visor,,IMOB,0,,Jalgaon,Maharashtra,India,,,New Delhi,Siddhi Vinayak Plastic
3147430364,2026-06-12 18:03:24,119390860,58179081,Enquiry for Hero Splendor Bike Visor from V via IndiaMART,I am interested in Hero Splendor Bike Visor,656964.0,Hero Splendor Bike Visor,,IMOB,0,,Kulasekaram,Tamil Nadu,India,,,New Delhi,Siddhi Vinayak Plastic
3147454095,2026-06-12 19:06:47,148945182,58179081,Enquiry for Discover Bike Headlight Visor from Parasram via IndiaMART,I am interested in Discover Bike Headlight Visor,177195.0,Discover Bike Headlight Visor,,IMOB,0,,Mumbai,Maharashtra,India,,,New Delhi,Siddhi Vinayak Plastic
3147459345,2026-06-12 19:27:15,121363770,58179081,Enquiry for Yamaha Headlight Visor from Ram via IndiaMART,I am interested in Yamaha Headlight Visor,656966.0,Yamaha Headlight Visor,,IMOB,0,,Patna,Bihar,India,,,New Delhi,Siddhi Vinayak Plastic
3147639987,2026-06-13 12:28:34,270357365,58179081,Enquiry for Hero Splendor Bike Visor from Karthikraja via IndiaMART,I am interested in Hero Splendor Bike Visor,656964.0,Hero Splendor Bike Visor,,IMOB,0,,Nagapattinam,Tamil Nadu,India,,,New Delhi,Siddhi Vinayak Plastic
3147732832,2026-06-13 16:06:25,270369123,58179081,Enquiry for Bajaj Discover 100CC Visor Glass from Nitish via IndiaMART,I am interested in Bajaj Discover 100CC Visor Glass,177329.0,Bajaj Discover 100CC Visor Glass,,IMOB,0,,Garhwa,Jharkhand,India,,,New Delhi,Siddhi Vinayak Plastic
3147888379,2026-06-14 05:44:18,128992890,58179081,Enquiry for Discover Bike Headlight Visor from Shantilal via IndiaMART,I am interested in Discover Bike Headlight Visor,177195.0,Discover Bike Headlight Visor,,IMOB,0,,Sundargarh,Odisha,India,,,New Delhi,Siddhi Vinayak Plastic
3147973693,2026-06-14 12:25:59,270401608,58179081,Enquiry for Hero Splendor Bike Visor from Yuvraj via IndiaMART,I am interested in Hero Splendor Bike Visor,656964.0,Hero Splendor Bike Visor,,IMOB,0,,Solapur,Maharashtra,India,,,New Delhi,Siddhi Vinayak Plastic
3148006643,2026-06-14 14:01:51,229500819,58179081,Enquiry for Discover Bike Headlight Visor from Raj via IndiaMART,I am interested in Discover Bike Headlight Visor,177195.0,Discover Bike Headlight Visor,,IMOB,0,,Roorkee,Uttarakhand,India,prime power,,New Delhi,Siddhi Vinayak Plastic
3148009098,2026-06-14 14:07:21,197829887,58179081,Enquiry for Hero Splendor Bike Visor from Geharilaldangigeharilal via IndiaMART,I am interested in Hero Splendor Bike Visor,656964.0,Hero Splendor Bike Visor,,IMOB,0,,,,India,,,New Delhi,Siddhi Vinayak Plastic
3148135417,2026-06-14 21:06:39,270427525,58179081,Enquiry for Hero Splendor Bike Visor from Raja via IndiaMART,I am interested in Hero Splendor Bike Visor,656964.0,Hero Splendor Bike Visor,,IMOB,0,,,,India,,,New Delhi,Siddhi Vinayak Plastic
3148369537,2026-06-15 15:35:03,180626166,58179081,Enquiry for Hero Splendor Bike Visor from Pardeep via IndiaMART,I am interested in Hero Splendor Bike Visor,656964.0,Hero Splendor Bike Visor,,IMOB,0,,Amethi,Uttar Pradesh,India,,,New Delhi,Siddhi Vinayak Plastic
3148565143,2026-06-16 08:11:21,246310307,58179081,Enquiry for Discover Bike Headlight Visor from System via IndiaMART,I am interested in Discover Bike Headlight Visor,177195.0,Discover Bike Headlight Visor,,ANDWEB,0,,Bhitarwar,Madhya Pradesh,India,,,New Delhi,Siddhi Vinayak Plastic
3148628506,2026-06-16 11:37:32,23974191,58179081,Enquiry for Discover Bike Headlight Visor from Rajkishor via IndiaMART,I am interested in Discover Bike Headlight Visor,177195.0,Discover Bike Headlight Visor,,IMOB,0,,Balod,Chhattisgarh,India,,,New Delhi,Siddhi Vinayak Plastic
3148937328,2026-06-17 08:55:39,256102536,58179081,Enquiry for Hero Splendor Bike Visor from Kon via IndiaMART,I am interested in Hero Splendor Bike Visor,656964.0,Hero Splendor Bike Visor,,IMOB,0,,Chennai,Tamil Nadu,India,,,New Delhi,Siddhi Vinayak Plastic
3149012188,2026-06-17 12:06:16,91512101,58179081,Enquiry for Hero Splendor Bike Visor from Ravindra via IndiaMART,Splendor plash,656964.0,Hero Splendor Bike Visor,,IMOB,0,,Churu,Rajasthan,India,,,New Delhi,Siddhi Vinayak Plastic
3149042251,2026-06-17 13:08:20,214244627,58179081,Enquiry for Hero Splendor Bike Visor from Mohan via IndiaMART,I am interested in Hero Splendor Bike Visor,656964.0,Hero Splendor Bike Visor,,IMOB,0,,Tiruvallur,Tamil Nadu,India,,,New Delhi,Siddhi Vinayak Plastic
3149518121,2026-06-18 17:24:34,270610473,58179081,Enquiry for Discover Bike Headlight Visor from AYUSH via IndiaMART,I am interested in Discover Bike Headlight Visor,177195.0,Discover Bike Headlight Visor,,IMOB,0,,Bhojpur,Bihar,India,,,New Delhi,Siddhi Vinayak Plastic
3149554133,2026-06-18 18:41:22,270616138,58179081,Enquiry for TVS Apache Headlight Visor from Dilip via IndiaMART,I am interested in TVS Apache Headlight Visor,177195.0,TVS Apache Headlight Visor,,IMOB,0,,,,India,,,New Delhi,Siddhi Vinayak Plastic
3149574593,2026-06-18 19:43:26,251808589,58179081,Enquiry for Passion Bike Front Visor from Noor via IndiaMART,I am interested in Passion Bike Front Visor,656964.0,Passion Bike Front Visor,,IMOB,0,,Kushinagar,Uttar Pradesh,India,,,New Delhi,Siddhi Vinayak Plastic
3149633414,2026-06-18 23:17:50,270629097,58179081,Enquiry for Discover Bike Headlight Visor from Samadhan via IndiaMART,I am interested in Discover Bike Headlight Visor,177195.0,Discover Bike Headlight Visor,,IMOB,0,,Nashik,Maharashtra,India,,,New Delhi,Siddhi Vinayak Plastic
3149644000,2026-06-19 00:14:01,270629097,58179081,Enquiry for Discover Bike Headlight Visor from Samadhan via IndiaMART,I am interested in Discover Bike Headlight Visor,177195.0,Discover Bike Headlight Visor,,IMOB,0,,Nashik,Maharashtra,India,,,New Delhi,Siddhi Vinayak Plastic
3149721461,2026-06-19 11:06:44,101116499,58179081,Enquiry for Discover Bike Headlight Visor from Waseem via IndiaMART,I am interested in Discover Bike Headlight Visor,177195.0,Discover Bike Headlight Visor,,IMOB,0,,Fatwa,Bihar,India,,,New Delhi,Siddhi Vinayak Plastic
3149725343,2026-06-19 11:16:48,243384267,58179081,Enquiry for Bike Side Panel from Aayu via IndiaMART,I am interested in Bike Side Panel,179585.0,Bike Side Panel,,IMOB,0,,Mysuru,Karnataka,India,,,New Delhi,Siddhi Vinayak Plastic
3149780775,2026-06-19 13:21:35,180629212,58179081,Enquiry for Hero Splendor Bike Visor from Raghu via IndiaMART,Quality acha hona,656964.0,Hero Splendor Bike Visor,,ANDWEB,0,,Medak,Telangana,India,Sri Sairam Automobiles,,New Delhi,Siddhi Vinayak Plastic
3149899127,2026-06-19 18:16:38,270663832,58179081,Enquiry for Discover Bike Headlight Visor from Farhan via IndiaMART,I am interested in Discover Bike Headlight Visor,177195.0,Discover Bike Headlight Visor,,IMOB,0,,Kolar,Karnataka,India,,,New Delhi,Siddhi Vinayak Plastic
3149920137,2026-06-19 19:19:02,270234126,58179081,Enquiry for Honda Activa 3G Mudguard from VISHNU via IndiaMART,I am interested in Honda Activa 3G Mudguard,223026.0,Honda Activa 3G Mudguard,,IMOB,0,,Hathras,Uttar Pradesh,India,,,New Delhi,Siddhi Vinayak Plastic
3150087375,2026-06-20 12:00:37,41715100,58179081,Enquiry for Hero Splendor Bike Visor from Chandan via IndiaMART,I am interested in Hero Splendor Bike Visor,656964.0,Hero Splendor Bike Visor,,IMOB,0,,Gondia,Maharashtra,India,,,New Delhi,Siddhi Vinayak Plastic
3150105819,2026-06-20 12:41:40,269569624,58179081,Enquiry for Discover Bike Headlight Visor from Mantha via IndiaMART,I am interested in Discover Bike Headlight Visor,177195.0,Discover Bike Headlight Visor,,IMOB,0,,,,India,,,New Delhi,Siddhi Vinayak Plastic
3150213292,2026-06-20 17:19:09,234700139,58179081,Enquiry for Hero Splendor Bike Visor from Rahul via IndiaMART,I am interested in Hero Splendor Bike Visor,656964.0,Hero Splendor Bike Visor,,ANDWEB,0,,Patna,Bihar,India,,,New Delhi,Siddhi Vinayak Plastic
3150335197,2026-06-21 06:24:34,227708584,58179081,Enquiry for Discover Bike Headlight Visor from SHUSHILA via IndiaMART,I am interested in Discover Bike Headlight Visor,177195.0,Discover Bike Headlight Visor,,IMOB,0,,Bahraich,Uttar Pradesh,India,,,New Delhi,Siddhi Vinayak Plastic
3150616114,2026-06-22 07:20:43,106457957,58179081,Enquiry for Hero Splendor Bike Visor from Ranjeet via IndiaMART,I am interested in Hero Splendor Bike Visor,656964.0,Hero Splendor Bike Visor,,IMOB,0,,,,India,,,New Delhi,Siddhi Vinayak Plastic
3150661150,2026-06-22 10:44:37,270704824,58179081,Enquiry for Hero Splendor Bike Visor from Naresh via IndiaMART,I am interested in Hero Splendor Bike Visor,656964.0,Hero Splendor Bike Visor,,IMOB,0,,Tonk,Rajasthan,India,,,New Delhi,Siddhi Vinayak Plastic
3150661917,2026-06-22 10:47:08,270773487,58179081,Enquiry for Discover Bike Headlight Visor from Prem via IndiaMART,I am interested in Discover Bike Headlight Visor,177195.0,Discover Bike Headlight Visor,,IMOB,0,,Pune,Maharashtra,India,,,New Delhi,Siddhi Vinayak Plastic
3150852887,2026-06-22 18:22:02,245304146,58179081,Enquiry for Hero Splendor Bike Visor from OMPRAKASH via IndiaMART,I am interested in Hero Splendor Bike Visor,656964.0,Hero Splendor Bike Visor,,IMOB,0,,Mumbai,Maharashtra,India,Unity Enterprises,,New Delhi,Siddhi Vinayak Plastic
3150864888,2026-06-22 18:55:06,188006304,58179081,Enquiry for TVS Apache Headlight Visor from Bhanu via IndiaMART,I am interested in TVS Apache Headlight Visor,177195.0,TVS Apache Headlight Visor,,IMOB,0,,Lucknow,Uttar Pradesh,India,for home use,,New Delhi,Siddhi Vinayak Plastic
3151054959,2026-06-23 12:10:59,90320375,58179081,Enquiry for Discover Bike Headlight Visor from Rajkumar via IndiaMART,I am interested in Discover Bike Headlight Visor,177195.0,Discover Bike Headlight Visor,,PRODDTL,0,,Patna,Bihar,India,,,New Delhi,Siddhi Vinayak Plastic
3151125603,2026-06-23 14:45:12,210788119,58179081,Enquiry for Hero Splendor Bike Visor from Shivering via IndiaMART,I am interested in Hero Splendor Bike Visor,656964.0,Hero Splendor Bike Visor,,IMOB,0,,Chennai,Tamil Nadu,India,,,New Delhi,Siddhi Vinayak Plastic
3151196688,2026-06-23 17:38:22,91294841,58179081,Enquiry for Hero Splendor Bike Visor from MAHENDRASingh via IndiaMART,I am interested in Hero Splendor Bike Visor,656964.0,Hero Splendor Bike Visor,,IMOB,0,,Beawar,Rajasthan,India,,,New Delhi,Siddhi Vinayak Plastic
3151317551,2026-06-24 02:02:29,62254115,58179081,Enquiry for Hero Splendor Bike Visor from Hemish via IndiaMART,I am interested in Hero Splendor Bike Visor,656964.0,Hero Splendor Bike Visor,,IMOB,0,,Padappai,Tamil Nadu,India,,,New Delhi,Siddhi Vinayak Plastic
3151349342,2026-06-24 09:22:58,227708584,58179081,Enquiry for Discover Bike Headlight Visor from SHUSHILA via IndiaMART,I am interested in Discover Bike Headlight Visor,177195.0,Discover Bike Headlight Visor,,IMOB,0,,Bahraich,Uttar Pradesh,India,,,New Delhi,Siddhi Vinayak Plastic
3151367437,2026-06-24 10:17:21,270866327,58179081,Enquiry for TVS Apache Headlight Visor from Sahil via IndiaMART,I am interested in TVS Apache Headlight Visor,177195.0,TVS Apache Headlight Visor,,IMOB,0,,Jhunjhunu,Rajasthan,India,,,New Delhi,Siddhi Vinayak Plastic
3151594190,2026-06-24 19:32:13,270893573,58179081,Enquiry for Discover Bike Headlight Visor from Michel via IndiaMART,I am interested in Discover Bike Headlight Visor,177195.0,Discover Bike Headlight Visor,,IMOB,0,,Mirzapur,Uttar Pradesh,India,,,New Delhi,Siddhi Vinayak Plastic
3151725848,2026-06-25 10:26:11,270915118,58179081,Enquiry for Hero Splendor Bike Visor from Telangana via IndiaMART,I am interested in Hero Splendor Bike Visor,656964.0,Hero Splendor Bike Visor,,IMOB,0,,Warangal,Telangana,India,,,New Delhi,Siddhi Vinayak Plastic
3152048314,2026-06-26 09:10:07,235816060,58179081,Enquiry for Discover Bike Headlight Visor from Sourabh via IndiaMART,I am interested in Discover Bike Headlight Visor,177195.0,Discover Bike Headlight Visor,,IMOB,0,,Seoni,Madhya Pradesh,India,,,New Delhi,Siddhi Vinayak Plastic
3152253926,2026-06-26 18:11:13,89552415,58179081,Enquiry for Hero Splendor Bike Visor from Banwari via IndiaMART,I am interested in Hero Splendor Bike Visor,656964.0,Hero Splendor Bike Visor,,IMOB,0,,Jaipur,Rajasthan,India,,,New Delhi,Siddhi Vinayak Plastic
3152307887,2026-06-26 21:00:16,204139676,58179081,Enquiry for Hero Splendor Bike Visor from Shamreen via IndiaMART,I am interested in Hero Splendor Bike Visor,656964.0,Hero Splendor Bike Visor,,IMOB,0,,Mallar,Karnataka,India,,,New Delhi,Siddhi Vinayak Plastic
3152359415,2026-06-27 02:55:20,248561084,58179081,Enquiry for Discover Bike Headlight Visor from Ayush via IndiaMART,I am interested in Discover Bike Headlight Visor,177195.0,Discover Bike Headlight Visor,,IMOB,0,,Mahoba,Uttar Pradesh,India,,,New Delhi,Siddhi Vinayak Plastic
3152376677,2026-06-27 08:02:00,270999416,58179081,Enquiry for Hero Splendor Bike Visor from Raja via IndiaMART,I am interested in Hero Splendor Bike Visor,656964.0,Hero Splendor Bike Visor,,IMOB,0,,,,India,,,New Delhi,Siddhi Vinayak Plastic
3152474507,2026-06-27 13:06:34,271012610,58179081,Enquiry for Hero Splendor Bike Visor from 5 via IndiaMART,I am interested in Hero Splendor Bike Visor,656964.0,Hero Splendor Bike Visor,,IMOB,0,,,,India,,,New Delhi,Siddhi Vinayak Plastic
3152702045,2026-06-28 07:10:52,271043853,58179081,Enquiry for Hero Passion Plus Headlight Visor from Ganesh via IndiaMART,I am interested in Hero Passion Plus Headlight Visor,656964.0,Hero Passion Plus Headlight Visor,,IMOB,0,,HD Kote,Karnataka,India,,,New Delhi,Siddhi Vinayak Plastic
3152724573,2026-06-28 09:39:25,271047183,58179081,Enquiry for Hero Splendor Bike Visor from Jatin via IndiaMART,I am interested in Hero Splendor Bike Visor,656964.0,Hero Splendor Bike Visor,,IMOB,0,,New Delhi,Delhi,India,,,New Delhi,Siddhi Vinayak Plastic
3152953283,2026-06-28 22:39:32,269082222,58179081,Enquiry for Discover Bike Headlight Visor from DIWAKER via IndiaMART,I am interested in Discover Bike Headlight Visor,177195.0,Discover Bike Headlight Visor,,IMOB,0,,Meerut,Uttar Pradesh,India,,,New Delhi,Siddhi Vinayak Plastic
3153042158,2026-06-29 11:01:13,271091969,58179081,Enquiry for Hero Passion Plus Headlight Visor from Muzassimkhan07 via IndiaMART,I am interested in Hero Passion Plus Headlight Visor,656964.0,Hero Passion Plus Headlight Visor,,IMOB,0,,,,India,,,New Delhi,Siddhi Vinayak Plastic
3154092787,2026-07-02 11:50:12,271230411,58179081,Enquiry for Yamaha Headlight Visor from Riyaz via IndiaMART,I am interested in Yamaha Headlight Visor,656966.0,Yamaha Headlight Visor,,IMOB,0,,Srinagar,Jammu & Kashmir,India,,,New Delhi,Siddhi Vinayak Plastic
3154454844,2026-07-03 12:42:47,271278660,58179081,Enquiry for Hero Splendor Bike Visor from Nihal via IndiaMART,I am interested in Hero Splendor Bike Visor,656964.0,Hero Splendor Bike Visor,,IMOB,0,,Dehra Gopipur,Himachal Pradesh,India,,,New Delhi,Siddhi Vinayak Plastic
3154666689,2026-07-03 23:01:17,271305553,58179081,Enquiry for Discover Bike Headlight Visor from Jaydeep via IndiaMART,I am interested in Discover Bike Headlight Visor,177195.0,Discover Bike Headlight Visor,,IMOB,0,,Ahilyanagar,Maharashtra,India,,,New Delhi,Siddhi Vinayak Plastic
3154675467,2026-07-03 23:51:57,237500365,58179081,Enquiry for Hero Splendor Bike Visor from SUNIL via IndiaMART,I am interested in Hero Splendor Bike Visor,656964.0,Hero Splendor Bike Visor,,IMOB,0,,Mumbai,Maharashtra,India,,,New Delhi,Siddhi Vinayak Plastic
3154683196,2026-07-04 00:39:01,237500365,58179081,Enquiry for Hero Splendor Bike Visor from SUNIL via IndiaMART,I am interested in Hero Splendor Bike Visor,656964.0,Hero Splendor Bike Visor,,IMOB,0,,Vijayapura,Karnataka,India,spender plus,,New Delhi,Siddhi Vinayak Plastic
3154703498,2026-07-04 07:54:25,271310863,58179081,Enquiry for Discover Bike Headlight Visor from NILGANVIT via IndiaMART,I am interested in Discover Bike Headlight Visor,177195.0,Discover Bike Headlight Visor,,IMOB,0,,Navsari,Gujarat,India,,,New Delhi,Siddhi Vinayak Plastic
3154736706,2026-07-04 10:23:58,89507098,58179081,Enquiry for Bajaj XCD Mudguard from KISHOR via IndiaMART,I am interested in Bajaj XCD Mudguard,656984.0,Bajaj XCD Mudguard,,IMOB,0,,Nagpur,Maharashtra,India,,,New Delhi,Siddhi Vinayak Plastic
3154885561,2026-07-04 16:59:20,271332845,58179081,Enquiry for Discover Bike Headlight Visor from Vasu via IndiaMART,I am interested in Discover Bike Headlight Visor,177195.0,Discover Bike Headlight Visor,,IMOB,0,,Seoni,Madhya Pradesh,India,,,New Delhi,Siddhi Vinayak Plastic
3154928264,2026-07-04 19:07:20,153791447,58179081,Enquiry for Hero Splendor Bike Visor from Shantilal via IndiaMART,I am interested in Hero Splendor Bike Visor,656964.0,Hero Splendor Bike Visor,,IMOB,0,,Santrampur,Gujarat,India,,,New Delhi,Siddhi Vinayak Plastic
3154940183,2026-07-04 19:51:19,248871825,58179081,Enquiry for Hero Splendor Bike Visor from Gowtham via IndiaMART,I am interested in Hero Splendor Bike Visor,656964.0,Hero Splendor Bike Visor,,IMOB,0,,Visakhapatnam,Andhra Pradesh,India,,,New Delhi,Siddhi Vinayak Plastic
3154943966,2026-07-04 20:04:06,93328426,58179081,Enquiry for Hero Splendor Bike Visor from Ashish via IndiaMART,I am interested in Hero Splendor Bike Visor,656964.0,Hero Splendor Bike Visor,,IMOB,0,,Nashik,Maharashtra,India,,,New Delhi,Siddhi Vinayak Plastic
3155226032,2026-07-05 20:00:54,271380953,58179081,Enquiry for Hero Splendor Bike Visor from DEVARSH via IndiaMART,I am interested in Hero Splendor Bike Visor,656964.0,Hero Splendor Bike Visor,,IMOB,0,,Bicholim,Goa,India,,,New Delhi,Siddhi Vinayak Plastic
3155261826,2026-07-05 22:18:34,154181067,58179081,Enquiry for Discover Bike Headlight Visor from Naresh via IndiaMART,I am interested in Discover Bike Headlight Visor,177195.0,Discover Bike Headlight Visor,,IMOB,0,,Hyderabad,Telangana,India,,,New Delhi,Siddhi Vinayak Plastic
3155536395,2026-07-06 18:36:13,271420950,58179081,Enquiry for Hero Splendor Bike Visor from Bhavesh via IndiaMART,I am interested in Hero Splendor Bike Visor,656964.0,Hero Splendor Bike Visor,,IMOB,0,,Ponda,Goa,India,,,New Delhi,Siddhi Vinayak Plastic
3155656795,2026-07-07 08:53:41,271437941,58179081,Enquiry for Hero Splendor Bike Visor from Jagdish via IndiaMART,I am interested in Hero Splendor Bike Visor,656964.0,Hero Splendor Bike Visor,,IMOB,0,,Surat,Gujarat,India,,,New Delhi,Siddhi Vinayak Plastic
3156162072,2026-07-08 15:36:13,239200322,58179081,Enquiry for Discover Bike Headlight Visor from BALAMURUGAN via IndiaMART,I am interested in Discover Bike Headlight Visor,177195.0,Discover Bike Headlight Visor,,IOSWEB,0,,Erode,Tamil Nadu,India,shop,,New Delhi,Siddhi Vinayak Plastic
3156250835,2026-07-08 19:19:50,271513368,58179081,Enquiry for Splendor Bike Visor from Ayush via IndiaMART,I am interested in Splendor Bike Visor,656964.0,Splendor Bike Visor,,IMOB,0,,Bodh Gaya,Bihar,India,,,New Delhi,Siddhi Vinayak Plastic
3156364888,2026-07-09 08:43:37,210337995,58179081,Enquiry for Hero Splendor Bike Visor from Raj via IndiaMART,I am interested in Hero Splendor Bike Visor,656964.0,Hero Splendor Bike Visor,,IMOB,0,,Sikar,Rajasthan,India,,,New Delhi,Siddhi Vinayak Plastic
3156648202,2026-07-09 21:25:12,112804835,58179081,Enquiry for Discover Bike Headlight Visor from BOOBALAN via IndiaMART,I am interested in Discover Bike Headlight Visor,177195.0,Discover Bike Headlight Visor,,IMOB,0,,Kumbakonam,Tamil Nadu,India,,,New Delhi,Siddhi Vinayak Plastic
3156678732,2026-07-09 23:24:11,255704211,58179081,Enquiry for Hero Splendor Bike Visor from Balram via IndiaMART,I am interested in Hero Splendor Bike Visor,656964.0,Hero Splendor Bike Visor,,ANDWEB,0,,Indore,Madhya Pradesh,India,,,New Delhi,Siddhi Vinayak Plastic
3156686274,2026-07-10 00:06:25,255704211,58179081,Enquiry for Hero Splendor Bike Visor from Balram via IndiaMART,I am interested in Hero Splendor Bike Visor,656964.0,Hero Splendor Bike Visor,,ANDWEB,0,,Indore,Madhya Pradesh,India,,,New Delhi,Siddhi Vinayak Plastic
3156707254,2026-07-10 06:46:13,271579399,58179081,Enquiry for Hero Splendor Bike Visor from Jaat via IndiaMART,I am interested in Hero Splendor Bike Visor,656964.0,Hero Splendor Bike Visor,,IMOB,0,,,,India,,,New Delhi,Siddhi Vinayak Plastic
3156755774,2026-07-10 10:34:46,197167015,58179081,Enquiry for TVS Apache Headlight Visor from Runa via IndiaMART,I am interested in TVS Apache Headlight Visor,177195.0,TVS Apache Headlight Visor,,IMOB,0,,Kesariya,Bihar,India,,,New Delhi,Siddhi Vinayak Plastic
3156805747,2026-07-10 12:37:13,271593726,58179081,Enquiry for Discover Bike Headlight Visor from Sandeep via IndiaMART,I am interested in Discover Bike Headlight Visor,177195.0,Discover Bike Headlight Visor,,IMOB,0,,Bengaluru,Karnataka,India,,,New Delhi,Siddhi Vinayak Plastic
3156845837,2026-07-10 14:13:02,271596314,58179081,Enquiry for Hero Splendor Bike Visor from Jot via IndiaMART,I am interested in Hero Splendor Bike Visor,656964.0,Hero Splendor Bike Visor,,IMOB,0,,Mohali,Punjab,India,,,New Delhi,Siddhi Vinayak Plastic
3156866848,2026-07-10 15:06:07,271602292,58179081,Enquiry for Hero Splendor Bike Visor from Abhishek via IndiaMART,I am interested in Hero Splendor Bike Visor,656964.0,Hero Splendor Bike Visor,,IMOB,0,,,,India,,,New Delhi,Siddhi Vinayak Plastic
3157074626,2026-07-11 08:52:51,271631818,58179081,Enquiry for Discover Bike Headlight Visor from Abdul via IndiaMART,I am interested in Discover Bike Headlight Visor,177195.0,Discover Bike Headlight Visor,,IMOB,0,,Sirkali,Tamil Nadu,India,,,New Delhi,Siddhi Vinayak Plastic
3157320238,2026-07-11 20:03:31,262975966,58179081,Enquiry for Hero Splendor Bike Visor from Swaraj via IndiaMART,I am interested in Hero Splendor Bike Visor,656964.0,Hero Splendor Bike Visor,,IMOB,0,,,,India,,,New Delhi,Siddhi Vinayak Plastic
3157549265,2026-07-12 16:07:27,151817208,58179081,Enquiry for Discover Bike Headlight Visor from Murty via IndiaMART,I am interested in Discover Bike Headlight Visor,177195.0,Discover Bike Headlight Visor,,IMOB,0,,Hyderabad,Telangana,India,,,New Delhi,Siddhi Vinayak Plastic
3157955834,2026-07-13 18:55:57,255051895,58179081,Enquiry for Hero Splendor Bike Visor from Raj via IndiaMART,Color: Black Product Type: Headlight Cowl Surface Finish: Glossy,656964.0,Hero Splendor Bike Visor,,IMOB,0,,Udaipur,Rajasthan,India,,,New Delhi,Siddhi Vinayak Plastic
3157971564,2026-07-13 19:41:28,236601702,58179081,Enquiry for Hero Splendor Bike Visor from Yashwant via IndiaMART,I am interested in Hero Splendor Bike Visor,656964.0,Hero Splendor Bike Visor,,IMOB,0,,Ilkal,Karnataka,India,,,New Delhi,Siddhi Vinayak Plastic
3158188984,2026-07-14 13:24:08,271783743,58179081,Enquiry for Passion Bike Front Visor from MOHAMMAD via IndiaMART,I am interested in Passion Bike Front Visor,656964.0,Passion Bike Front Visor,,IMOB,0,,Azamgarh,Uttar Pradesh,India,,,New Delhi,Siddhi Vinayak Plastic
3158226800,2026-07-14 14:48:29,271788239,58179081,Enquiry for TVS Apache Headlight Visor from Mogan via IndiaMART,I am interested in TVS Apache Headlight Visor,177195.0,TVS Apache Headlight Visor,,IMOB,0,,,,India,,,New Delhi,Siddhi Vinayak Plastic
3158275494,2026-07-14 16:45:24,60281618,58179081,Enquiry for Hero Splendor Bike Visor from Anandaraj via IndiaMART,I am interested in Hero Splendor Bike Visor,656964.0,Hero Splendor Bike Visor,,IMOB,0,,Cuddalore,Tamil Nadu,India,,,New Delhi,Siddhi Vinayak Plastic
3158290173,2026-07-14 17:22:48,232104640,58179081,Enquiry for Hero Splendor Bike Visor from GULAM via IndiaMART,I am interested in Hero Splendor Bike Visor,656964.0,Hero Splendor Bike Visor,,IMOB,0,,Ahmedabad,Gujarat,India,,,New Delhi,Siddhi Vinayak Plastic
3158298252,2026-07-14 17:41:11,142476095,58179081,Enquiry for Hero Splendor Bike Visor from Smarty via IndiaMART,Splender gadi,656964.0,Hero Splendor Bike Visor,,IMOB,0,,Baran,Rajasthan,India,,,New Delhi,Siddhi Vinayak Plastic
3158353182,2026-07-14 20:18:11,182864913,58179081,Enquiry for Hero Splendor Bike Visor from Ravinder via IndiaMART,I am interested in Hero Splendor Bike Visor,656964.0,Hero Splendor Bike Visor,,IMOB,0,,Begusarai,Bihar,India,,,New Delhi,Siddhi Vinayak Plastic
3158355140,2026-07-14 20:25:41,151143209,58179081,Enquiry for Discover Bike Headlight Visor from Manju via IndiaMART,I am interested in Discover Bike Headlight Visor,177195.0,Discover Bike Headlight Visor,,IMOB,0,,Hubli,Karnataka,India,,,New Delhi,Siddhi Vinayak Plastic
3158427497,2026-07-15 06:00:16,271815086,58179081,Enquiry for Scooty Headlight Visor from Adnan via IndiaMART,I am interested in Scooty Headlight Visor,177195.0,Scooty Headlight Visor,,IMOB,0,,Savantvadi,Maharashtra,India,,,New Delhi,Siddhi Vinayak Plastic
3158480800,2026-07-15 10:34:35,271821711,58179081,Enquiry for Hero Splendor Bike Visor from Honda via IndiaMART,Product Type: Headlight Cowl visor Color: Black Headlight Cutout: Rectangular Vehicle Registration Number: AP25 AD 4182,656964.0,Hero Splendor Bike Visor,,IMOB,0,,Hyderabad,Telangana,India,,,New Delhi,Siddhi Vinayak Plastic
3158660525,2026-07-15 17:42:40,42327538,58179081,Enquiry for Hero Passion Plus Headlight Visor from Padal via IndiaMART,I am interested in Hero Passion Plus Headlight Visor,656964.0,Hero Passion Plus Headlight Visor,,PRODDTL,0,,,,India,,,New Delhi,Siddhi Vinayak Plastic
3158721534,2026-07-15 20:43:09,251484433,58179081,Enquiry for Hero Splendor Bike Visor from Omyaa via IndiaMART,I am interested in Hero Splendor Bike Visor,656964.0,Hero Splendor Bike Visor,,IMOB,0,,Pune,Maharashtra,India,,,New Delhi,Siddhi Vinayak Plastic
3159220366,2026-07-17 11:47:41,271917225,58179081,Enquiry for Hero Splendor Bike Visor from Pavan via IndiaMART,I am interested in Hero Splendor Bike Visor,656964.0,Hero Splendor Bike Visor,,IMOB,0,,Bengaluru,Karnataka,India,,,New Delhi,Siddhi Vinayak Plastic
3159272663,2026-07-17 13:45:45,49625577,58179081,Enquiry for Discover Bike Headlight Visor from Ibram via IndiaMART,I am interested in Discover Bike Headlight Visor,177195.0,Discover Bike Headlight Visor,,IMOB,0,,Bidar,Karnataka,India,,,New Delhi,Siddhi Vinayak Plastic
3159306773,2026-07-17 15:08:10,117338310,58179081,Enquiry for Honda Activa 3G Mudguard from Dhiraj via IndiaMART,Color: Brown Surface Finish: Glossy,223026.0,Honda Activa 3G Mudguard,,ANDWEB,0,,Singrauli,Madhya Pradesh,India,,,New Delhi,Siddhi Vinayak Plastic
3159621360,2026-07-18 13:43:12,271967256,58179081,Enquiry for Hero Splendor Bike Visor from Kishor via IndiaMART,I am interested in Hero Splendor Bike Visor,656964.0,Hero Splendor Bike Visor,,IMOB,0,,,,India,,,New Delhi,Siddhi Vinayak Plastic
3159671479,2026-07-18 15:52:50,233089259,58179081,Enquiry for Yamaha Headlight Visor from UMESH via IndiaMART,I am interested in Yamaha Headlight Visor,656966.0,Yamaha Headlight Visor,,IMOB,0,,Raebareli,Uttar Pradesh,India,,,New Delhi,Siddhi Vinayak Plastic
3159998119,2026-07-19 16:35:25,272019099,58179081,Enquiry for Discover Bike Headlight Visor from Pankaj via IndiaMART,I am interested in Discover Bike Headlight Visor,177195.0,Discover Bike Headlight Visor,,IMOB,0,,Kota,Rajasthan,India,,,New Delhi,Siddhi Vinayak Plastic
3160071936,2026-07-19 20:51:58,272029862,58179081,Enquiry for Hero Splendor Bike Visor from PARTHIPAN via IndiaMART,I am interested in Hero Splendor Bike Visor,656964.0,Hero Splendor Bike Visor,,IMOB,0,,Yercaud,Tamil Nadu,India,,,New Delhi,Siddhi Vinayak Plastic
3160309666,2026-07-20 16:02:33,256557220,58179081,Enquiry for Hero Splendor Headlight Visor from Mohd via IndiaMART,I am interested in Hero Splendor Headlight Visor,656964.0,Hero Splendor Headlight Visor,,IMOB,0,,Pratapgarh,Uttar Pradesh,India,,,New Delhi,Siddhi Vinayak Plastic
3160354741,2026-07-20 17:59:04,264374781,58179081,Enquiry for Hero Splendor Bike Visor from Abijeet via IndiaMART,I am interested in Hero Splendor Bike Visor,656964.0,Hero Splendor Bike Visor,,IMOB,0,,Muktsar,Punjab,India,,,New Delhi,Siddhi Vinayak Plastic
3160751976,2026-07-21 19:47:08,82491681,58179081,Enquiry for Hero Splendor Bike Visor from AZHAGARSAMY via IndiaMART,I am interested in Hero Splendor Bike Visor,656964.0,Hero Splendor Bike Visor,,IMOB,0,,Periyakulam,Tamil Nadu,India,,,New Delhi,Siddhi Vinayak Plastic
3160954506,2026-07-22 13:29:08,249043164,58179081,Enquiry for Hero Splendor Bike Visor from Atanu via IndiaMART,I am interested in Hero Splendor Bike Visor,656964.0,Hero Splendor Bike Visor,,IMOB,0,,Koraput,Odisha,India,,,New Delhi,Siddhi Vinayak Plastic
3160961373,2026-07-22 13:40:36,268680733,58179081,Enquiry for Hero Passion Plus Headlight Visor from Gourab via IndiaMART,I am interested in Hero Passion Plus Headlight Visor,656964.0,Hero Passion Plus Headlight Visor,,IMOB,0,,,,India,,,New Delhi,Siddhi Vinayak Plastic
3161090302,2026-07-22 19:00:09,272159418,58179081,Enquiry for Hero Splendor Bike Visor from Mupzz via IndiaMART,I am interested in Hero Splendor Bike Visor,656964.0,Hero Splendor Bike Visor,,IMOB,0,,,,India,,,New Delhi,Siddhi Vinayak Plastic
3161129775,2026-07-22 21:03:56,272162646,58179081,Enquiry for TVS Apache Headlight Visor from Sikesh via IndiaMART,I am interested in TVS Apache Headlight Visor,177195.0,TVS Apache Headlight Visor,,IMOB,0,,,,India,,,New Delhi,Siddhi Vinayak Plastic
3161525990,2026-07-24 00:49:46,256679392,58179081,Enquiry for Hero Splendor Bike Visor from Jaykishan via IndiaMART,I am interested in Hero Splendor Bike Visor,656964.0,Hero Splendor Bike Visor,,IMOB,0,,Sitamarhi,Bihar,India,,,New Delhi,Siddhi Vinayak Plastic
3161597789,2026-07-24 11:19:33,272225160,58179081,Enquiry for Activa Front Mudguard from Pratham via IndiaMART,I am interested in Activa Front Mudguard,223026.0,Activa Front Mudguard,,IMOB,0,,Visnagar,Gujarat,India,,,New Delhi,Siddhi Vinayak Plastic
3161697311,2026-07-24 15:30:07,238932882,58179081,Enquiry for Hero Splendor Bike Visor from Jigs via IndiaMART,I am interested in Hero Splendor Bike Visor,656964.0,Hero Splendor Bike Visor,,IMOB,0,,Anand,Gujarat,India,,,New Delhi,Siddhi Vinayak Plastic
3161800376,2026-07-24 20:14:50,272250573,58179081,Enquiry for Discover Bike Headlight Visor from Satendra via IndiaMART,Discover,177195.0,Discover Bike Headlight Visor,,IMOB,0,,Barabanki,Uttar Pradesh,India,,,New Delhi,Siddhi Vinayak Plastic
3162065535,2026-07-25 16:44:03,264156680,58179081,Enquiry for Discover Bike Headlight Visor from Om via IndiaMART,I am interested in Discover Bike Headlight Visor,177195.0,Discover Bike Headlight Visor,,IMOB,0,,Araria,Bihar,India,,,New Delhi,Siddhi Vinayak Plastic
3162124299,2026-07-25 19:42:24,213404083,58179081,Enquiry for Discover Bike Headlight Visor from CHANNAKESHAVA via IndiaMART,I am interested in Discover Bike Headlight Visor,177195.0,Discover Bike Headlight Visor,,IMOB,0,,Bengaluru,Karnataka,India,,,New Delhi,Siddhi Vinayak Plastic
3162416322,2026-07-26 19:06:16,272334304,58179081,Enquiry for Hero Splendor Bike Visor from Lucky via IndiaMART,I am interested in Hero Splendor Bike Visor,656964.0,Hero Splendor Bike Visor,,IMOB,0,,Hisar,Haryana,India,,,New Delhi,Siddhi Vinayak Plastic
3162463776,2026-07-26 21:58:50,265197007,58179081,Enquiry for Discover Bike Headlight Visor from Rajbir via IndiaMART,I am interested in Discover Bike Headlight Visor,177195.0,Discover Bike Headlight Visor,,IMOB,0,,Bilaspur,Chhattisgarh,India,,,New Delhi,Siddhi Vinayak Plastic
3162510300,2026-07-27 06:11:09,244506154,58179081,Enquiry for Hero Splendor Bike Visor from Pushpendra via IndiaMART,I am interested in Hero Splendor Bike Visor,656964.0,Hero Splendor Bike Visor,,IMOB,0,,New Delhi,Delhi,India,,,New Delhi,Siddhi Vinayak Plastic
3162634007,2026-07-27 13:26:20,255293915,58179081,Enquiry for Hero Splendor Bike Visor from Harshal via IndiaMART,I am interested in Hero Splendor Bike Visor,656964.0,Hero Splendor Bike Visor,,IMOB,0,,Solapur,Maharashtra,India,,,New Delhi,Siddhi Vinayak Plastic
3162916643,2026-07-28 09:36:21,100089766,58179081,Enquiry for Discover Bike Headlight Visor via IndiaMART,I am interested in Discover Bike Headlight Visor,177195.0,Discover Bike Headlight Visor,,IMOB,0,,,,India,,,New Delhi,Siddhi Vinayak Plastic
3162964050,2026-07-28 11:36:24,272410418,58179081,Enquiry for Discover Bike Headlight Visor from Toor4070 via IndiaMART,I am interested in Discover Bike Headlight Visor,177195.0,Discover Bike Headlight Visor,,IMOB,0,,,,India,,,New Delhi,Siddhi Vinayak Plastic
3163128572,2026-07-28 17:42:35,36429489,58179081,Enquiry for Hero Splendor Bike Visor from BANDNA via IndiaMART,I am interested in Hero Splendor Bike Visor,656964.0,Hero Splendor Bike Visor,,IMOB,0,,Jammu,Jammu & Kashmir,India,,,New Delhi,Siddhi Vinayak Plastic
3163187149,2026-07-28 20:21:08,272438696,58179081,Enquiry for Discover Bike Headlight Visor from Mithun via IndiaMART,I am interested in Discover Bike Headlight Visor,177195.0,Discover Bike Headlight Visor,,IMOB,0,,,,India,,,New Delhi,Siddhi Vinayak Plastic
3163544670,2026-07-29 19:38:50,272483618,58179081,Enquiry for Discover Bike Headlight Visor from Ritik via IndiaMART,I am interested in Discover Bike Headlight Visor,177195.0,Discover Bike Headlight Visor,,IMOB,0,,,,India,,,New Delhi,Siddhi Vinayak Plastic
3163583474,2026-07-29 21:43:19,272491536,58179081,Enquiry for TVS Apache Headlight Visor from S via IndiaMART,I am interested in TVS Apache Headlight Visor,177195.0,TVS Apache Headlight Visor,,IMOB,0,,Nayagarh,Odisha,India,,,New Delhi,Siddhi Vinayak Plastic
3163853664,2026-07-30 16:58:00,272527296,58179081,Enquiry for Hero Splendor Bike Visor from Jaipal via IndiaMART,Achcha hai to isliye main aapko khana chahta hun yah message free mein de do,656964.0,Hero Splendor Bike Visor,,IMOB,0,,Narnaul,Haryana,India,,,New Delhi,Siddhi Vinayak Plastic
3163867255,2026-07-30 17:30:46,146718991,58179081,Enquiry for Hero Splendor Bike Visor from Jaipal via IndiaMART,I am interested in Hero Splendor Bike Visor,656964.0,Hero Splendor Bike Visor,,IMOB,0,,Mahendragarh,Haryana,India,Jaipal Gurjar,,New Delhi,Siddhi Vinayak Plastic
3163879094,2026-07-30 17:58:55,244275639,58179081,Enquiry for Hero Splendor Bike Visor from Ragul via IndiaMART,I am interested in Hero Splendor Bike Visor,656964.0,Hero Splendor Bike Visor,,IMOB,0,,Vellore,Tamil Nadu,India,,,New Delhi,Siddhi Vinayak Plastic
3163963697,2026-07-30 22:04:51,234235797,58179081,Enquiry for Hero Splendor Bike Visor from PRAKASH via IndiaMART,I am interested in Hero Splendor Bike Visor,656964.0,Hero Splendor Bike Visor,,IMOB,0,,Patna,Bihar,India,,,New Delhi,Siddhi Vinayak Plastic
3164045282,2026-07-31 09:50:28,91862780,58179081,Enquiry for Discover Bike Headlight Visor from Sumit via IndiaMART,I am interested in Discover Bike Headlight Visor,177195.0,Discover Bike Headlight Visor,,IMOB,0,,New Delhi,Delhi,India,,,New Delhi,Siddhi Vinayak Plastic
3164250307,2026-07-31 18:10:54,221008711,58179081,Enquiry for Discover Bike Headlight Visor from Yashas via IndiaMART,I am interested in Discover Bike Headlight Visor,177195.0,Discover Bike Headlight Visor,,IMOB,0,,Chikkaballapur,Karnataka,India,,,New Delhi,Siddhi Vinayak Plastic
3164386555,2026-08-01 08:31:36,250207384,58179081,Enquiry for Discover Bike Headlight Visor from Sunil via IndiaMART,I am interested in Discover Bike Headlight Visor,177195.0,Discover Bike Headlight Visor,,IMOB,0,,Sikar,Rajasthan,India,Sunil  gour,,New Delhi,Siddhi Vinayak Plastic
3164493899,2026-08-01 13:40:21,272614245,58179081,Enquiry for Discover Bike Headlight Visor from Omkumar via IndiaMART,I am interested in Discover Bike Headlight Visor,177195.0,Discover Bike Headlight Visor,,IMOB,0,,,,India,,,New Delhi,Siddhi Vinayak Plastic
3164645443,2026-08-01 20:39:31,251694999,58179081,Enquiry for Hero Splendor Bike Visor from MOHD via IndiaMART,I am interested in Hero Splendor Bike Visor,656964.0,Hero Splendor Bike Visor,,IMOB,0,,Rajauri,Jammu & Kashmir,India,Thanda Pani,,New Delhi,Siddhi Vinayak Plastic
3164765164,2026-08-02 10:47:00,241082227,58179081,Enquiry for Hero Splendor Bike Visor from Daksh via IndiaMART,I am interested in Hero Splendor Bike Visor,656964.0,Hero Splendor Bike Visor,,IMOB,0,,Sikar,Rajasthan,India,Sikar,,New Delhi,Siddhi Vinayak Plastic
3164801462,2026-08-02 12:41:11,272657040,58179081,Enquiry for Hero Splendor Bike Visor from ARTI via IndiaMART,I am interested in Hero Splendor Bike Visor,656964.0,Hero Splendor Bike Visor,,IMOB,0,,Jabalpur,Madhya Pradesh,India,,,New Delhi,Siddhi Vinayak Plastic
3164916115,2026-08-02 18:46:54,272673836,58179081,Enquiry for Hero Passion Plus Headlight Visor from Mownish via IndiaMART,I am interested in Hero Passion Plus Headlight Visor,656964.0,Hero Passion Plus Headlight Visor,,IMOB,0,,Coimbatore,Tamil Nadu,India,,,New Delhi,Siddhi Vinayak Plastic
3164972028,2026-08-02 22:06:19,272682521,58179081,Enquiry for TVS Apache Headlight Visor from Asman via IndiaMART,I am interested in TVS Apache Headlight Visor,177195.0,TVS Apache Headlight Visor,,IMOB,0,,Ranchi,Jharkhand,India,,,New Delhi,Siddhi Vinayak Plastic
3165012732,2026-08-03 05:11:59,272682521,58179081,Enquiry for TVS Apache Headlight Visor from BIMLA via IndiaMART,I am interested in TVS Apache Headlight Visor,177195.0,TVS Apache Headlight Visor,,ANDWEB,0,,Ranchi,Jharkhand,India,,,New Delhi,Siddhi Vinayak Plastic
3165316436,2026-08-03 21:00:25,272727267,58179081,Enquiry for TVS Apache Headlight Visor from Bhagawat via IndiaMART,I am interested in TVS Apache Headlight Visor,177195.0,TVS Apache Headlight Visor,,IMOB,0,,,,India,,,New Delhi,Siddhi Vinayak Plastic
3165787188,2026-08-05 09:02:57,272789790,58179081,Enquiry for Discover Bike Headlight Visor from Mohammed via IndiaMART,I am interested in Discover Bike Headlight Visor,177195.0,Discover Bike Headlight Visor,,IMOB,0,,Birur,Karnataka,India,,,New Delhi,Siddhi Vinayak Plastic
3165795322,2026-08-05 09:36:15,252921682,58179081,Enquiry for Hero Splendor Bike Visor from MANEESH via IndiaMART,I am interested in Hero Splendor Bike Visor,656964.0,Hero Splendor Bike Visor,,IMOB,0,,Rewa,Madhya Pradesh,India,,,New Delhi,Siddhi Vinayak Plastic
3165836007,2026-08-05 11:23:16,272796358,58179081,Enquiry for Discover Bike Headlight Visor from PAVANKUMAR via IndiaMART,I am interested in Discover Bike Headlight Visor,177195.0,Discover Bike Headlight Visor,,IMOB,0,,Bilgi,Karnataka,India,,,New Delhi,Siddhi Vinayak Plastic
3165886036,2026-08-05 13:13:52,235298945,58179081,Enquiry for Discover Bike Headlight Visor from Ayush via IndiaMART,I am interested in Discover Bike Headlight Visor,177195.0,Discover Bike Headlight Visor,,IMOB,0,,Sarangpur,Madhya Pradesh,India,Rathore Coldest Restaurant,,New Delhi,Siddhi Vinayak Plastic
3165911887,2026-08-05 14:11:48,242617821,58179081,Enquiry for Hero Splendor Bike Visor from Love via IndiaMART,I am interested in Hero Splendor Bike Visor,656964.0,Hero Splendor Bike Visor,,IMOB,0,,Ambala,Haryana,India,,,New Delhi,Siddhi Vinayak Plastic
3165978458,2026-08-05 16:48:08,120952120,58179081,Enquiry for Hero Splendor Bike Visor from Siva via IndiaMART,I am interested in Hero Splendor Bike Visor,656964.0,Hero Splendor Bike Visor,,IMOB,0,,Hyderabad,Telangana,India,intonation research laboratories,,New Delhi,Siddhi Vinayak Plastic
3166191669,2026-08-06 10:23:27,129595867,58179081,Enquiry for Discover Bike Headlight Visor from KATLA via IndiaMART,I am interested in Discover Bike Headlight Visor,177195.0,Discover Bike Headlight Visor,,IMOB,0,,Karimnagar,Telangana,India,,,New Delhi,Siddhi Vinayak Plastic
3166277627,2026-08-06 13:32:34,42576179,58179081,Enquiry for Yamaha Headlight Visor from Mohan via IndiaMART,I am interested in Yamaha Headlight Visor,656966.0,Yamaha Headlight Visor,,IMOB,0,,Hyderabad,Telangana,India,SRI KRISHNAVENI,,New Delhi,Siddhi Vinayak Plastic
3166451092,2026-08-06 20:34:20,272877382,58179081,Enquiry for Hero Splendor Bike Visor from Vignesh via IndiaMART,I am interested in Hero Splendor Bike Visor,656964.0,Hero Splendor Bike Visor,,IMOB,0,,,,India,,,New Delhi,Siddhi Vinayak Plastic
3166545152,2026-08-07 08:20:36,272891153,58179081,Enquiry for Hero Splendor Bike Visor from Ajay via IndiaMART,I am interested in Hero Splendor Bike Visor,656964.0,Hero Splendor Bike Visor,,IMOB,0,,Jaipur,Rajasthan,India,,,New Delhi,Siddhi Vinayak Plastic
3166583266,2026-08-07 10:32:38,257978579,58179081,Enquiry for Yamaha Headlight Visor from Omakar via IndiaMART,I am interested in Yamaha Headlight Visor,656966.0,Yamaha Headlight Visor,,IMOB,0,,Sangli,Maharashtra,India,,,New Delhi,Siddhi Vinayak Plastic
3166805534,2026-08-07 19:30:45,159514022,58179081,Enquiry for Discover Bike Headlight Visor from Arif via IndiaMART,I am interested in Discover Bike Headlight Visor,177195.0,Discover Bike Headlight Visor,,IMOB,0,,Srinagar,Jammu & Kashmir,India,Ativan 2 mg,,New Delhi,Siddhi Vinayak Plastic
3166916004,2026-08-08 08:21:01,272940311,58179081,Enquiry for Hero Splendor Bike Visor from Vinod via IndiaMART,I am interested in Hero Splendor Bike Visor,656964.0,Hero Splendor Bike Visor,,IMOB,0,,,Gujarat,India,,,New Delhi,Siddhi Vinayak Plastic
3167029810,2026-08-08 13:39:16,272954967,58179081,Enquiry for TVS Apache Headlight Visor from Areenam via IndiaMART,I am interested in TVS Apache Headlight Visor,177195.0,TVS Apache Headlight Visor,,IMOB,0,,Siliguri,West Bengal,India,,,New Delhi,Siddhi Vinayak Plastic
3167176060,2026-08-08 20:16:49,272974961,58179081,Enquiry for Hero Splendor Bike Visor from S via IndiaMART,I am interested in Hero Splendor Bike Visor,656964.0,Hero Splendor Bike Visor,,IMOB,0,,Kancheepuram,Tamil Nadu,India,,,New Delhi,Siddhi Vinayak Plastic
3167201359,2026-08-08 21:37:52,272977225,58179081,Enquiry for Hero Splendor Bike Visor from Neeraj via IndiaMART,I am interested in Hero Splendor Bike Visor,656964.0,Hero Splendor Bike Visor,,IMOB,0,,Kanpur,Uttar Pradesh,India,,,New Delhi,Siddhi Vinayak Plastic
3167244758,2026-08-09 01:19:12,244816775,58179081,Enquiry for Discover Bike Headlight Visor from Kailash via IndiaMART,I am interested in Discover Bike Headlight Visor,177195.0,Discover Bike Headlight Visor,,IMOB,0,,Badra,Madhya Pradesh,India,,,New Delhi,Siddhi Vinayak Plastic
3167460330,2026-08-09 18:27:29,273016760,58179081,Enquiry for Hero Splendor Bike Visor from Manjunatha via IndiaMART,I am interested in Hero Splendor Bike Visor,656964.0,Hero Splendor Bike Visor,,IMOB,0,,Kadur,Karnataka,India,,,New Delhi,Siddhi Vinayak Plastic
3167460910,2026-08-09 18:29:28,273016944,58179081,Enquiry for Discover Bike Headlight Visor from Bimbi via IndiaMART,I am interested in Discover Bike Headlight Visor,177195.0,Discover Bike Headlight Visor,,IMOB,0,,Balaghat,Madhya Pradesh,India,,,New Delhi,Siddhi Vinayak Plastic
3167521489,2026-08-09 22:01:07,130479975,58179081,Enquiry for Discover Bike Headlight Visor from Sajal via IndiaMART,I am interested in Discover Bike Headlight Visor,177195.0,Discover Bike Headlight Visor,,IMOB,0,,Mathabhanga,West Bengal,India,Vivek,,New Delhi,Siddhi Vinayak Plastic
3167552352,2026-08-10 00:36:51,184098914,58179081,Enquiry for Discover Bike Headlight Visor from Hitendrasinh via IndiaMART,I am interested in Discover Bike Headlight Visor,177195.0,Discover Bike Headlight Visor,,IMOB,0,,Tharad,Gujarat,India,JETDA,,New Delhi,Siddhi Vinayak Plastic
3167680167,2026-08-10 13:07:44,247746474,58179081,Enquiry for Hero Splendor Bike Visor from Prince via IndiaMART,I am interested in Hero Splendor Bike Visor,656964.0,Hero Splendor Bike Visor,,IMOB,0,,Muzaffarpur,Bihar,India,jyoti collection,,New Delhi,Siddhi Vinayak Plastic
3167728202,2026-08-10 14:54:14,273053364,58179081,Enquiry for Hero Splendor Bike Visor from Jyoti via IndiaMART,Amarjeet Kumar,656964.0,Hero Splendor Bike Visor,,IMOB,-3,2026-09-02 10:29:26,Sasaram,Bihar,India,,,New Delhi,Siddhi Vinayak Plastic
3167802426,2026-08-10 17:44:48,210549600,58179081,Enquiry for Yamaha Headlight Visor from Sandeep via IndiaMART,I am interested in Yamaha Headlight Visor,656966.0,Yamaha Headlight Visor,,IMOB,-3,2026-09-02 10:29:20,Dehradun,Uttarakhand,India,,,New Delhi,Siddhi Vinayak Plastic
3167903475,2026-08-10 22:56:37,273076472,58179081,Enquiry for Bottle from Afham via IndiaMART,I am interested in Bottle,1425.0,Bottle,,IMOB,0,,Kunjathur,Kerala,India,,,New Delhi,Siddhi Vinayak Plastic
3167927830,2026-08-11 00:44:20,253417711,58179081,Enquiry for Packaging Box from Pavani via IndiaMART,I am interested in Packaging Box,1993.0,Packaging Box,,ANDROID,0,,Phagwara,Punjab,India,,,New Delhi,Siddhi Vinayak Plastic
3168108546,2026-08-11 14:52:57,273101720,58179081,Enquiry for Plastic Box from 👀 via IndiaMART,I am interested in Plastic Box,40317.0,Plastic Box,,IMOB,0,,,,India,,,New Delhi,Siddhi Vinayak Plastic
3168226487,2026-08-11 19:43:01,38802432,58179081,Enquiry for Carton Box from Pradeep via IndiaMART,I am interested in Carton Box,1416.0,Carton Box,,IMOB,-3,2026-09-02 10:29:07,Sambalpur,Odisha,India,,,New Delhi,Siddhi Vinayak Plastic
3168227039,2026-08-11 19:45:04,272551221,58179081,Enquiry for Plastic Box from Shubham via IndiaMART,I am interested in Plastic Box,40317.0,Plastic Box,,IMOB,0,,Patan,Maharashtra,India,,,New Delhi,Siddhi Vinayak Plastic
3168261191,2026-08-11 21:30:08,102063646,58179081,Enquiry for Plastic Box from Rutvik via IndiaMART,I am interested in Plastic Box,40317.0,Plastic Box,,IMOB,0,,Phaltan,Maharashtra,India,,,New Delhi,Siddhi Vinayak Plastic
3168297831,2026-08-11 23:53:22,270245055,58179081,Enquiry for 3 Ply Corrugated Box from SRINIDHI via IndiaMART,I am interested in 3 Ply Corrugated Box,180740.0,3 Ply Corrugated Box,,IMOB,-3,2026-09-02 10:28:46,Delhi,Delhi,India,,,New Delhi,Siddhi Vinayak Plastic
3168549298,2026-08-12 17:21:20,273162915,58179081,Enquiry for Bottle from Bhushan via IndiaMART,I am interested in Bottle,1425.0,Bottle,,IMOB,0,,,,India,,,New Delhi,Siddhi Vinayak Plastic
3168570153,2026-08-12 18:10:45,116083300,58179081,Enquiry for Hero Splendor Bike Visor from Shivam via IndiaMART,I am interested in Hero Splendor Bike Visor,656964.0,Hero Splendor Bike Visor,,IMOB,-3,2026-09-02 10:28:31,Mirzapur,Uttar Pradesh,India,,,New Delhi,Siddhi Vinayak Plastic
3168746730,2026-08-13 10:31:43,210184379,58179081,Enquiry for Hero Splendor Bike Visor from Ashish via IndiaMART,I am interested in Hero Splendor Bike Visor,656964.0,Hero Splendor Bike Visor,,IMOB,-3,2026-08-31 12:16:59,Dera bassi,Punjab,India,Ruchi cosmatic,,New Delhi,Siddhi Vinayak Plastic
3168984793,2026-08-13 20:06:05,265703943,58179081,Enquiry for Discover Bike Headlight Visor from REKHA via IndiaMART,I am interested in Discover Bike Headlight Visor,177195.0,Discover Bike Headlight Visor,,IMOB,-3,2026-08-31 12:16:17,Satna,Madhya Pradesh,India,,,New Delhi,Siddhi Vinayak Plastic
3170952546,2026-08-19 16:00:37,233000864,58179081,Enquiry for Packaging Box from Rockstar via IndiaMART,I am interested in Packaging Box,1993.0,Packaging Box,,IMOB,-3,2026-08-31 12:14:35,Madanpur Rampur,Odisha,India,Om Agro Biotech Ltd Cuttack,,New Delhi,Siddhi Vinayak Plastic
3177549218,2026-09-08 12:24:52,196019368,39067747,Enquiry for Plastic Kitchenware from Rasmi via IndiaMART,I am interested in Plastic Kitchenware,1514.0,Plastic Kitchenware,,ANDWEB,-2,2026-09-08 12:34:16,Delhi,Delhi,India,Speedfit Techoworld,,Ghaziabad,Purvi Enterprises
3177566646,2026-09-08 13:03:33,112913718,39067747,Enquiry for Plastic Molded Articles from Abhishek via IndiaMART,I am interested in Plastic Molded Articles,146897.0,Plastic Molded Articles,,ANDWEB,-2,2026-09-08 13:58:12,New Delhi,Delhi,India,A.P.Enterprises,Proprietor,Ghaziabad,Purvi Enterprises
3178337535,2026-09-10 16:30:38,12732001,39067747,Business Enquiry from Ajay via IndiaMART,I am interested in your product,146897.0,,,FCP,-2,2026-09-10 20:31:58,Ghaziabad,Uttar Pradesh,India,Ajro Deal Private Limited,Director,Ghaziabad,Purvi Enterprises
3182184368,2026-09-22 13:30:41,23213759,39067747,Enquiry for Imitation Jewelry from Anil via IndiaMART,I am interested in Imitation Jewelry,1876.0,Imitation Jewelry,,ANDWEB,0,,Ghaziabad,Uttar Pradesh,India,namaste ji,,Ghaziabad,Purvi Enterprises
3131911870,2026-04-27 13:49:15,145944445,94058105,Enquiry for Deep Aradhana Pooja Oil from ANANT via IndiaMART,I am interested in Deep Aradhana Pooja Oil,31500.0,Deep Aradhana Pooja Oil,,FCP,-3,2026-05-06 14:57:38,New Delhi,Delhi,India,Anant Jain,,New Delhi,Namisha Trading Company
3147753167,2026-06-13 17:00:22,202637305,94058105,Enquiry for Puja Oil from Ankit via IndiaMART,I am interested in Puja Oil,31500.0,Puja Oil,,DIR,-2,2026-06-14 02:37:00,Noida,Uttar Pradesh,India,Gulesma Enterprises,,New Delhi,Namisha Trading Company
3179032500,2026-09-12 17:15:09,32464991,94058105,Enquiry for Chandan Teeka from Rishabh via IndiaMART,I am interested in Chandan Teeka,134119.0,Chandan Teeka,,IMOB,-2,2026-09-14 14:19:49,Bareilly,Uttar Pradesh,India,Shri Decora,Owner,New Delhi,Namisha Trading Company
3125632761,2026-04-09 15:37:14,146686650,146924766,Enquiry for Iron Rods from Amit via IndiaMART,I am interested in Iron Rods,136923.0,Iron Rods,,IMOB,-2,2026-04-09 15:39:28,Azamgarh,Uttar Pradesh,India,,,Gorakhpur,Santosh Iron & Steel Trading Co.
3126461665,2026-04-11 20:43:38,70465669,146924766,Enquiry for Hot Rolled Steel Angle Bar from Sandeep,"Thickness: Both size
Why do you need this: For Reselling
Probable Order Value: Rs. 50 Lakh to 1 Crore
Quantity: 30   tonne",64831.0,Hot Rolled Steel Angle Bar,,ASTBUY,-2,2026-04-11 23:31:05,Gorakhpur,Uttar Pradesh,India,Bharay Trading Company,,Gorakhpur,Santosh Iron & Steel Trading Co.
3145737980,2026-06-08 09:15:08,270104325,146924766,Enquiry for Iron Door from Ravina via IndiaMART,I am interested in Iron Door,185287.0,Iron Door,,IMOB,-2,2026-06-08 09:37:18,,,India,,,Gorakhpur,Santosh Iron & Steel Trading Co.
3146833002,2026-06-11 08:13:48,110635323,146924766,Enquiry for Iron Door from Ramesh via IndiaMART,Iron gate for Gina,185287.0,Iron Door,iron door,ANDWEB,-2,2026-06-11 08:18:49,New Delhi,Delhi,India,JTS Technosys,Proprietor,Gorakhpur,Santosh Iron & Steel Trading Co.
3152553359,2026-06-27 16:27:33,20244113,203498530,Enquiry for Flat Round Aluminum Washer from Manmeet via IndiaMART,I am interested in Flat Round Aluminum Washer,21933.0,Flat Round Aluminum Washer,,DIR,-3,2026-09-26 15:00:15,Patiala,Punjab,India,GS Alloys,,Ludhiana,Areena Enterprises
3123229628,2026-04-02 22:04:29,63362740,137941261,Enquiry for Patna to Motihari Part Truck Load Transport from RAVI Kumar Sharma,"Weight: Upto 100 Kg
Material: Saloon Chair
Probable Requirement Type: Business Use
Pickup City: Patna
Drop City: Motihari",172377.0,Patna to Motihari Part Truck Load Transport,,ASTBUY,0,,Patna,Bihar,India,Manvi Enterprises,CEO,Patna,Maa Kali Roadways
3127145463,2026-04-13 20:06:12,185281501,137941261,Part Truck Load Transport Service,I am interested in Part Truck Load Transport Service of Maa Kali Roadways.,172377.0,,,IMLOGI,0,,Patna,Bihar,India,Standard Colour Company,CEO,Patna,Maa Kali Roadways
3127754162,2026-04-15 14:28:45,248646641,137941261,Part Truck Load Transport Service,I am interested in Part Truck Load Transport Service of Maa Kali Roadways.,172377.0,,,IMLOGI,0,,Ranchi,Jharkhand,India,Astuti Enterprises,,Patna,Maa Kali Roadways
3130146046,2026-04-22 10:43:36,112230475,137941261,Enquiry for Patna to Piro Part Truck Load Transport from Sameer,"Pickup City: Patna
Drop City: Piro
Weight: 101 to 500 Kg
Material: Paper
Probable Requirement Type: Business Use",172377.0,Patna to Piro Part Truck Load Transport,,ASTBUY,0,,Patna,Bihar,India,Bhojpur Enterprises,Owner,Patna,Maa Kali Roadways
3130549003,2026-04-23 12:08:46,183881775,137941261,Enquiry for Bikram to Pune Part Truck Load Transport from Avinash Kumar,"Pickup City: Bikram
Drop City: Pune
Weight: Upto 100 Kg
Material: Household Goods
Probable Requirement Type: Business Use",172377.0,Bikram to Pune Part Truck Load Transport,,ASTBUY,0,,Bikram,Bihar,India,Avinash Enterprises,Owner,Patna,Maa Kali Roadways
3133694912,2026-05-02 17:09:55,85563667,137941261,Enquiry for Tata 207 Transportation Service from RENU DEVI,Weight: 1 to 3 Ton,42703.0,Tata 207 Transportation Service,,ASTBUY,-2,2026-05-02 18:55:50,Patna,Bihar,India,RS Automobile,,Patna,Maa Kali Roadways
3151243887,2026-06-23 19:50:48,61150358,137941261,Enquiry for Patna to Arariya Transport Service from Rajesh Kumar,"Pickup City: Patna
Drop City: Arariya
Weight: Upto 1 Ton
Probable Requirement Type: Business Use",69543.0,Patna to Arariya Transport Service,,ASTBUY,0,,Patna,Bihar,India,Raju Decorator,,Patna,Maa Kali Roadways
3152113111,2026-06-26 12:08:13,219304865,137941261,Enquiry for Part Truck Load Transport Service from POONAM Banda,"Pickup City: Patna
Drop City: Aurangabad
Material: Fish Feed
Probable Requirement Type: Business Use",172377.0,Part Truck Load Transport Service,,ASTBUY,-2,2026-06-26 12:40:31,Patna,Bihar,India,Aqua Earth And Gardening,,Patna,Maa Kali Roadways
3153250370,2026-06-29 19:33:35,264606239,137941261,Part Truck Load Transport Service,I am interested in Part Truck Load Transport Service of Maa Kali Roadways.,172377.0,,,IMLOGI,0,,Patna,Bihar,India,Shree Ji Enterprises Tld,Owner,Patna,Maa Kali Roadways
3153457514,2026-06-30 13:37:04,114868139,137941261,Enquiry for Container Train Management Service from Soboht Kumar,"Pickup City: patna
Drop City: abidjan
Material: grocery
Weight: More than 18 Ton",42703.0,Container Train Management Service,,ASTBUY,-2,2026-06-30 20:33:42,Patna,Bihar,India,nxmtec pvt ltd,,Patna,Maa Kali Roadways
3153774102,2026-07-01 12:33:31,246029617,137941261,Enquiry for Tata Ace Transport Service from Yogesh,"Pickup City: Patna
Drop City: Delhi
Weight (kg): 6 Tonne
Other Details: Model -1109",653930.0,Tata Ace Transport Service,,ASTBUY,0,,Patna,Bihar,India,,,Patna,Maa Kali Roadways
3155495051,2026-07-06 16:49:37,240429585,137941261,Enquiry for Part Load Transportation Service from RAJA via IndiaMART,I am interested in Part Load Transportation Service,42703.0,Part Load Transportation Service,transportation services,IMOB,0,,Sitamarhi,Bihar,India,RAJA INTERNATIONAL GROUP,,Patna,Maa Kali Roadways
3156487291,2026-07-09 14:17:36,46162972,137941261,Enquiry for Part Truck Load Transport from Aditya Pandey,Probable Requirement Type: Business Use,172377.0,Part Truck Load Transport,,ASTBUY,0,,Masaurhi,Bihar,India,Bhawani Enterprises,Owner,Patna,Maa Kali Roadways
3156721747,2026-07-10 08:34:23,203480012,137941261,Enquiry for Patna to Vaishali Part Truck Load Transport from Shanti Bag Udyog,"Drop City: Vaishali
Weight: Upto 100 Kg
Material: Fabric
Probable Requirement Type: Business Use
Pickup City: Patna",172377.0,Patna to Vaishali Part Truck Load Transport,,ASTBUY,0,,Vaishali,Bihar,India,Shanti Bag Udhyog,Backpack manufacturers,Patna,Maa Kali Roadways
3156833665,2026-07-10 13:42:16,271595775,137941261,Enquiry for Patna to Darbhanga Part Truck Load Transport from Raman Kumar Choudhary,"Weight: 101 to 500 Kg
Material: Water Bottle
Probable Requirement Type: Business Use
Pickup City: Patna
Drop City: Darbhanga",172377.0,Patna to Darbhanga Part Truck Load Transport,,ASTBUY,0,,Darbhanga,Bihar,India,,,Patna,Maa Kali Roadways
3157466783,2026-07-12 11:55:28,162931959,137941261,Enquiry for Patna to Kolkata Transporter from Md. Hozaifa,"Rexine rolls

Pickup City: Patna
Drop City: Kolkata
Material: Rexine
Weight: 1 to 3 Ton",42703.0,Patna to Kolkata Transporter,,ASTBUY,0,,Kolkata,West Bengal,India,Neha Traders,,Patna,Maa Kali Roadways
3157964224,2026-07-13 19:19:41,82053414,137941261,Enquiry for Patna to Isri Part Truck Load Transport from Amir Azhar,"Buyer searched for Diamond Stone Aata Chakki Machine

Pickup City: Patna
Drop City: Isri
Weight: 101 to 500 Kg
Material: Industrial Machinery
Probable Requirement Type: Business Use",172377.0,Patna to Isri Part Truck Load Transport,,ASTBUY,0,,Giridih,Jharkhand,India,Amir pan shop,,Patna,Maa Kali Roadways
3158614550,2026-07-15 15:49:42,57704856,137941261,Enquiry for Patna to Bhagalpur Part Truck Load Transport from Trykar Apparels,"Drop City: Bhagalpur
Weight: Upto 100 Kg
Material: Toys
Probable Requirement Type: Business Use
Pickup City: Patna",172377.0,Patna to Bhagalpur Part Truck Load Transport,,ASTBUY,0,,Bhagalpur,Bihar,India,Trykar Apparels,CEO,Patna,Maa Kali Roadways
3159360890,2026-07-17 17:26:41,205829589,137941261,Enquiry for Tata 407 Service in Patna from Ravi Kumar,"Material: Botal
Pickup City: Patna city 407
Drop City: Patna city to rosra",42703.0,Tata 407 Service in Patna,,ASTBUY,-2,2026-07-25 20:24:55,Patna,Bihar,India,Ravi Traders,,Patna,Maa Kali Roadways
3159375577,2026-07-17 18:03:52,239162241,137941261,Enquiry for Patna to Rohtas Part Truck Load Transport from Arpit Kumar,"Drop City: Rohtas
Weight: Upto 3 Ton
Probable Requirement Type: Business Use
Pickup City: Patna",172377.0,Patna to Rohtas Part Truck Load Transport,,ASTBUY,0,,Patna,Bihar,India,A.k plywood & Laminate,,Patna,Maa Kali Roadways
3160800014,2026-07-21 22:32:42,57908806,137941261,Enquiry for Patna to Asansol Part Truck Load Transport from Centro Tyres,"Buyer Searched for Bicycle Tyres

Probable Requirement Type: Business Use
Pickup City: Patna
Drop City: Asansol
Weight: 501 to 1000 Kg
Material: Bicycle Tyre",172377.0,Patna to Asansol Part Truck Load Transport,,ASTBUY,0,,Patna,Bihar,India,Centro Industries Private Limited,Owner,Patna,Maa Kali Roadways
3161764423,2026-07-24 18:22:50,120537729,137941261,Enquiry for New Delhi to PAN India Part Truck Transport Service from M KUMAR JHA,"Buyer Searched for project transportation service and water boat

Probable Requirement Type: Business Use",172377.0,New Delhi to PAN India Part Truck Transport Service,,ASTBUY,0,,Patna,Bihar,India,The Bright Cargo & Courier Service,Owner,Patna,Maa Kali Roadways
3162962455,2026-07-28 11:33:09,271559190,137941261,Enquiry for Patna to Lucknow Part Truck Load Transport from Akash Kumar,"Drop City: Lucknow
Weight: More than 1000 Kg
Material: Agriculture Products
Probable Requirement Type: Business Use
Pickup City: Patna",172377.0,Patna to Lucknow Part Truck Load Transport,,ASTBUY,0,,Jamnagar,Gujarat,India,,,Patna,Maa Kali Roadways
3164217477,2026-07-31 16:47:42,137106078,137941261,Enquiry for Hyderabad to Chennai Plastic Scrap Transportation Service from Divine Service Solution,"Drop City: None
Material: None
Pickup City: None",42703.0,Hyderabad to Chennai Plastic Scrap Transportation Service,,ASTBUY,-2,2026-08-01 07:47:40,Patna,Bihar,India,Vividh Divine Brilliance Private limited,,Patna,Maa Kali Roadways
3165699552,2026-08-04 21:20:28,6965280,137941261,Enquiry for Patna to Delhi Part Truck Load Transport from Sunil Samrat,"Drop City: Delhi
Weight: Upto 100 Kg
Probable Requirement Type: Business Use
Pickup City: Patna",172377.0,Patna to Delhi Part Truck Load Transport,,ASTBUY,-3,2026-08-07 14:05:58,Muzaffarpur,Bihar,India,Star Waterproofing Private Limited,Owner,Patna,Maa Kali Roadways
3167256399,2026-08-09 06:36:50,67111043,137941261,Enquiry for Patna to Jehanabad Part Truck Load Transport from Irfan Khalid,"Pickup City: Patna
Drop City: Jehanabad
Weight: 101 to 500 Kg
Material: Construction Material
Probable Requirement Type: Business Use
Truck Type: 10 Feet",172377.0,Patna to Jehanabad Part Truck Load Transport,,ASTBUY,0,,Gaya,Bihar,India,SRK Communication,,Patna,Maa Kali Roadways
3167701232,2026-08-10 13:55:34,15867691,137941261,Enquiry for Patna to Mumbai Part Truck Load Transport from Artisan Interior,"Drop City: Mumbai
Weight: 501 to 1000 Kg
Probable Requirement Type: Business Use
Pickup City: Patna",172377.0,Patna to Mumbai Part Truck Load Transport,,ASTBUY,0,,Patna,Bihar,India,Artisan Interior Solutions,,Patna,Maa Kali Roadways
3169968027,2026-08-16 23:34:43,218799156,137941261,Part Truck Load Transport Service,I am interested in Part Truck Load Transport Service of Maa Kali Roadways.,172377.0,,,IMLOGI,0,,Patna,Bihar,India,,,Patna,Maa Kali Roadways
3171562395,2026-08-21 10:47:13,273580869,137941261,Enquiry for Tata Ace Transport Service in Patna from SANJAY,"Pickup City: Patna aiims to kalyani west bengal
Drop City: Kalyani
Material: House goods
Weight: Upto 1 Ton",42703.0,Tata Ace Transport Service in Patna,,ASTBUY,0,,Saran,Bihar,India,,,Patna,Maa Kali Roadways
3123038456,2026-04-02 13:23:42,240689908,26900399,Enquiry for Wedding Sofa from Dharmendra Sharma,Probable Requirement Type: Business Use,146573.0,Wedding Sofa,,ASTBUY,-3,2026-04-02 13:49:19,Vasai,Maharashtra,India,Sai Nandani Event Management,CEO,Mumbai,Mohammed Engineering Works
3123857447,2026-04-04 16:53:59,28368581,26900399,Enquiry for Ghost Acrylic Transparent Chair from Rajender,"Probable Order Value: Rs. 8,000 - 15,000
Quantity: 4   piece
Set Of Chairs: Set of 4
Armrest: Without Armrest",99578.0,Ghost Acrylic Transparent Chair,,ASTBUY,-3,2026-04-04 16:54:30,Thane,Maharashtra,India,self,,Mumbai,Mohammed Engineering Works
3125600168,2026-04-09 14:17:25,25704837,26900399,Enquiry for White Metal Jaimala Sofa from PARAMHANSH,"Quantity: 1   piece
Seating Capacity: 3 Seater
Primary Material: Fiber
Furniture Finish: Gold Paint
Probable Order Value: Rs. 8,500 - 12,000",191258.0,White Metal Jaimala Sofa,,ASTBUY,-3,2026-04-09 14:17:42,Mumbai,Maharashtra,India,,,Mumbai,Mohammed Engineering Works
3126600700,2026-04-12 11:31:35,258042630,26900399,Enquiry for Fancy Steel Sofa from Arjun via IndiaMART,I am interested in Fancy Steel Sofa,18724.0,Fancy Steel Sofa,,ANDWEB,0,,Mumbai,Maharashtra,India,,,Mumbai,Mohammed Engineering Works
3127176392,2026-04-13 21:52:41,265848684,26900399,Enquiry for Wooden Mandap Banquet Table from Saurabh via IndiaMART,I am interested in Wooden Mandap Banquet Table,22835.0,Wooden Mandap Banquet Table,,IMOB,-3,2026-04-13 22:05:32,Vadodara,Gujarat,India,,,Mumbai,Mohammed Engineering Works
3138845428,2026-05-18 15:07:29,263171032,26900399,Enquiry for Wooden Mandap Banquet Table from Ganeev via IndiaMART,I am interested in Wooden Mandap Banquet Table,22835.0,Wooden Mandap Banquet Table,,IMOB,-3,2026-05-18 15:10:25,Mumbai,Maharashtra,India,,,Mumbai,Mohammed Engineering Works
3140570399,2026-05-23 14:27:53,132469398,26900399,Enquiry for Rectangular Brown Wooden Banquet Table from LK via IndiaMART,I am interested in Rectangular Brown Wooden Banquet Table,88047.0,Rectangular Brown Wooden Banquet Table,,IMOB,0,,New Delhi,Delhi,India,,,Mumbai,Mohammed Engineering Works
3143461596,2026-06-01 13:03:12,7453100,26900399,Enquiry for Wooden Mandap Banquet Table from VANAK via IndiaMART,5 table required,22835.0,Wooden Mandap Banquet Table,,PRODDTL,0,,Rajkot,Gujarat,India,Zevar Ornaments,Owner,Mumbai,Mohammed Engineering Works
3147181695,2026-06-12 01:17:21,270294961,26900399,Enquiry for Construction trolley from AISHWARYA via IndiaMART,I am interested in Construction trolley,148899.0,Construction trolley,,IMOB,0,,Mumbai,Maharashtra,India,,,Mumbai,Mohammed Engineering Works
3148406197,2026-06-15 17:01:33,239632866,26900399,Enquiry for Wooden Mandap Banquet Table from Kaustubh via IndiaMART,I am interested in Wooden Mandap Banquet Table,22835.0,Wooden Mandap Banquet Table,,IMOB,0,,Mumbai,Maharashtra,India,,,Mumbai,Mohammed Engineering Works
3149193694,2026-06-17 19:07:33,270497278,26900399,Enquiry for Wooden Mandap Banquet Table from Arav via IndiaMART,I am interested in Wooden Mandap Banquet Table,22835.0,Wooden Mandap Banquet Table,,ANDWEB,-3,2026-06-17 19:49:31,Mumbai,Maharashtra,India,,,Mumbai,Mohammed Engineering Works
3149476058,2026-06-18 15:30:57,263206819,26900399,Enquiry for Wooden Mandap Banquet Table from Muhammad via IndiaMART,I am interested in Wooden Mandap Banquet Table,22835.0,Wooden Mandap Banquet Table,,IMOB,-3,2026-06-18 15:35:52,Mumbai,Maharashtra,India,,,Mumbai,Mohammed Engineering Works
3149930954,2026-06-19 19:55:09,56744270,26900399,Enquiry for Wooden Mandap Banquet Table from Sunil via IndiaMART,I am interested in Wooden Mandap Banquet Table,22835.0,Wooden Mandap Banquet Table,,IMOB,-3,2026-06-19 20:03:43,Ankleshwar,Gujarat,India,Hotel Mallar,,Mumbai,Mohammed Engineering Works
3157208542,2026-07-11 14:49:36,26900399,26900399,Enquiry for Wooden Mandap Banquet Table from Mohd via IndiaMART,I am interested in Wooden Mandap Banquet Table,22835.0,Wooden Mandap Banquet Table,,IMOB,-1,2026-07-11 14:49:36,Mumbai,Maharashtra,India,Mohammed Engineering Works,Owner,Mumbai,Mohammed Engineering Works
3157689347,2026-07-13 03:21:00,202510952,26900399,Enquiry for Wooden Mandap Banquet Table from Ujwal via IndiaMART,I am interested in Wooden Mandap Banquet Table,22835.0,Wooden Mandap Banquet Table,,IMOB,-2,2026-07-13 11:56:05,Mumbai,Maharashtra,India,,,Mumbai,Mohammed Engineering Works
3157773612,2026-07-13 11:50:18,56744270,26900399,Enquiry for Wooden Mandap Banquet Table from Sunil via IndiaMART,I am interested in Rectangular Wooden Mandap Banquet Table,22835.0,Wooden Mandap Banquet Table,,PRODDTL,-3,2026-07-13 11:51:53,Ahmedabad,Gujarat,India,Hotel Mallar,,Mumbai,Mohammed Engineering Works
3157780872,2026-07-13 12:06:53,271730318,26900399,Enquiry for Wooden Mandap Banquet Table from Noor via IndiaMART,I am interested in Wooden Mandap Banquet Table,22835.0,Wooden Mandap Banquet Table,,IMOB,-3,2026-07-13 12:09:09,,,India,,,Mumbai,Mohamed Engineering Works
3159318639,2026-07-17 15:39:04,16714756,26900399,Enquiry for Wooden Mandap Banquet Table from Vijay via IndiaMART,I am interested in Wooden Mandap Banquet Table,22835.0,Wooden Mandap Banquet Table,,IMOB,-3,2026-07-17 16:48:30,Mumbai,Maharashtra,India,Blp k,,Mumbai,Mohamed Engineering Works
3159715470,2026-07-18 17:50:30,12391019,26900399,Enquiry for Acrylic Transparent Chair from Chirag via IndiaMART,I am interested in Acrylic Transparent Chair,99578.0,Acrylic Transparent Chair,,IMOB,-2,2026-07-18 18:39:20,Surat,Gujarat,India,9 Square Event,,Mumbai,Mohamed Engineering Works
3160337984,2026-07-20 17:12:39,118254540,26900399,Enquiry for Rectangular Wooden Mandap Banquet Table from Rahul via IndiaMART,I am interested in Rectangular Wooden Mandap Banquet Table,22835.0,Rectangular Wooden Mandap Banquet Table,,IMOB,-3,2026-07-20 17:13:47,Mumbai,Maharashtra,India,,,Mumbai,Mohamed Engineering Works
3161347499,2026-07-23 15:05:27,7516110,26900399,Enquiry for Wooden Mandap Banquet Table from Prashant via IndiaMART,I am interested in Wooden Mandap Banquet Table,22835.0,Wooden Mandap Banquet Table,,IMOB,-3,2026-07-23 15:05:55,Mumbai,Maharashtra,India,Weta Digital Services,Operator,Mumbai,Mohamed Engineering Works
3161810430,2026-07-24 20:50:09,79712086,26900399,Wooden Mandap Banquet Table Enquiry by Phone on 24-JUL-2026 at 08:26 PM,I am interested in Wooden Mandap Banquet Table,22835.0,Wooden Mandap Banquet Table,Wooden Mandap Banquet Table,PNSBLENQ,-3,2026-07-24 21:14:29,Vasai Virar,Maharashtra,India,,,Mumbai,Mohamed Engineering Works
3162429891,2026-07-26 19:57:02,224633569,26900399,Enquiry for Wooden Mandap Banquet Table from Just via IndiaMART,I am interested in Wooden Mandap Banquet Table,22835.0,Wooden Mandap Banquet Table,,IMOB,-3,2026-07-26 20:02:30,Mumbai,Maharashtra,India,,,Mumbai,Mohamed Engineering Works
3162705210,2026-07-27 16:09:08,108701679,26900399,Enquiry for Wooden Mandap Banquet Table from DARSH via IndiaMART,I am interested in Wooden Mandap Banquet Table,22835.0,Wooden Mandap Banquet Table,,FCP,-3,2026-07-27 16:17:22,Mumbai,Maharashtra,India,dfdd,,Mumbai,Mohamed Engineering Works
3163252440,2026-07-29 00:31:25,33784961,26900399,Enquiry for Wooden Mandap Banquet Table from Haresh via IndiaMART,I am interested in Wooden Mandap Banquet Table,22835.0,Wooden Mandap Banquet Table,,IMOB,-3,2026-07-29 00:46:26,Thane,Maharashtra,India,,,Mumbai,Mohamed Engineering Works
3163460952,2026-07-29 16:06:01,218584224,26900399,Enquiry for Wooden Mandap Banquet Table from SATISH via IndiaMART,I am interested in Wooden Mandap Banquet Table,22835.0,Wooden Mandap Banquet Table,,IMOB,-3,2026-08-18 13:50:18,Thane,Maharashtra,India,,,Mumbai,Mohamed Engineering Works
3164525763,2026-08-01 15:00:15,34793909,26900399,Wooden Mandap Banquet Table Enquiry by Phone on 01-AUG-2026 at 02:38 PM,I am interested in Wooden Mandap Banquet Table,22835.0,Wooden Mandap Banquet Table,Wooden Mandap Banquet Table,PNSBLENQ,-3,2026-08-01 16:02:33,Ahmedabad,Gujarat,India,mahakali fancy store,,Mumbai,Mohamed Engineering Works
3165030886,2026-08-03 08:27:55,246269203,26900399,Enquiry for Wooden Mandap Banquet Table from SUMIT via IndiaMART,I am interested in Wooden Mandap Banquet Table,22835.0,Wooden Mandap Banquet Table,,IMOB,-3,2026-08-03 13:55:21,Panvel,Maharashtra,India,,,Mumbai,Mohamed Engineering Works
3165994769,2026-08-05 17:29:00,225497400,26900399,Enquiry for 2 In 1 Folding Table from Shreyas via IndiaMART,I am interested in 2 In 1 Folding Table,28389.0,2 In 1 Folding Table,,IMOB,-3,2026-08-05 17:35:58,Thane,Maharashtra,India,,,Mumbai,Mohamed Engineering Works
3166554552,2026-08-07 09:09:02,272892553,26900399,Enquiry for Wooden Mandap Banquet Table from Siddhant via IndiaMART,I am interested in Wooden Mandap Banquet Table,22835.0,Wooden Mandap Banquet Table,,IMOB,-3,2026-08-14 14:02:24,Dombivli,Maharashtra,India,,,Mumbai,Mohamed Engineering Works
3166895609,2026-08-08 03:08:19,115927431,26900399,Enquiry for Wooden Mandap Banquet Table from Rakesh via IndiaMART,I am interested in Wooden Mandap Banquet Table,22835.0,Wooden Mandap Banquet Table,,IMOB,-3,2026-08-08 03:08:25,Mumbai,Maharashtra,India,,,Mumbai,Mohamed Engineering Works
3168197778,2026-08-11 18:23:05,273113061,26900399,Enquiry for Wooden Mandap Banquet Table from Jignesh via IndiaMART,I am interested in Wooden Mandap Banquet Table,22835.0,Wooden Mandap Banquet Table,,IMOB,-3,2026-08-14 14:01:40,Mumbai,Maharashtra,India,,,Mumbai,Mohamed Engineering Works
3169897045,2026-08-16 19:05:31,11833809,26900399,Enquiry for Wooden Brown 2 In 1 Folding Table from Yogesh via IndiaMART,I am interested in Wooden Brown 2 In 1 Folding Table,28389.0,Wooden Brown 2 In 1 Folding Table,,ANDWEB,-3,2026-08-18 13:49:41,Madangad,Maharashtra,India,Yashita Enterprises,,Mumbai,Mohamed Engineering Works
3171054031,2026-08-19 20:17:57,46001110,26900399,Enquiry for Wooden Mandap Banquet Table from Om via IndiaMART,I am interested in Wooden Mandap Banquet Table,22835.0,Wooden Mandap Banquet Table,,IMOB,0,,Mumbai,Maharashtra,India,Enrich Cake Studio,,Mumbai,Mohamed Engineering Works
3171314421,2026-08-20 15:17:13,12011131,26900399,Enquiry for Rectangular Wooden Mandap Banquet Table from Mr. via IndiaMART,I am interested in Rectangular Wooden Mandap Banquet Table,22835.0,Rectangular Wooden Mandap Banquet Table,,ANDWEB,-3,2026-08-20 15:17:51,Mumbai,Maharashtra,India,Natures Best,Owner,Mumbai,Mohamed Engineering Works
3171826566,2026-08-21 23:18:55,233156929,26900399,Enquiry for Wooden Mandap Banquet Table from Parth via IndiaMART,I am interested in Wooden Mandap Banquet Table,22835.0,Wooden Mandap Banquet Table,,IMOB,0,,Mumbai,Maharashtra,India,,,Mumbai,Mohamed Engineering Works
3172270432,2026-08-23 12:50:32,48935060,26900399,Enquiry for steel sofa  cum bed from Annapurani via IndiaMART,I am interested in steel sofa cum bed,191259.0,steel sofa  cum bed,,IMOB,0,,Mumbai,Maharashtra,India,for gift,,Mumbai,Mohamed Engineering Works
3172538252,2026-08-24 11:19:44,120028877,26900399,Enquiry for Wooden Mandap Banquet Table from Mallar via IndiaMART,I am interested in Rectangular Wooden Mandap Banquet Table,22835.0,Wooden Mandap Banquet Table,,PRODDTL,0,,Mumbai,Maharashtra,India,,,Mumbai,Mohamed Engineering Works
3172809017,2026-08-25 03:03:09,41166691,26900399,Enquiry for Wooden Mandap Banquet Table from BHARAT via IndiaMART,I am interested in Wooden Mandap Banquet Table,22835.0,Wooden Mandap Banquet Table,,IMOB,0,,Mumbai,Maharashtra,India,,,Mumbai,Mohamed Engineering Works
3172865165,2026-08-25 10:35:12,219372812,26900399,Enquiry for Wooden Mandap Banquet Table from ADINATH via IndiaMART,I am interested in Wooden Mandap Banquet Table,22835.0,Wooden Mandap Banquet Table,,IOSWEB,-3,2026-08-25 11:06:42,Kalyan,Maharashtra,India,Shri hari events,,Mumbai,Mohamed Engineering Works
3173142377,2026-08-26 09:22:29,273856660,26900399,Enquiry for Wooden Mandap Banquet Table from Sonali via IndiaMART,I am interested in Wooden Mandap Banquet Table,22835.0,Wooden Mandap Banquet Table,,IMOB,-3,2026-08-26 21:07:36,Mumbai,Maharashtra,India,,,Mumbai,Mohamed Engineering Works
3173345596,2026-08-26 19:19:53,149741545,26900399,Enquiry for Wooden Mandap Banquet Table from Kishor via IndiaMART,I am interested in Wooden Mandap Banquet Table,22835.0,Wooden Mandap Banquet Table,,IMOB,-3,2026-08-26 21:06:43,Navi Mumbai,Maharashtra,India,,,Mumbai,Mohamed Engineering Works
3174145773,2026-08-28 21:54:26,140712045,26900399,Enquiry for Wooden Banquet Table from Prasad via IndiaMART,I am interested in Wooden Banquet Table,88047.0,Wooden Banquet Table,,IMOB,0,,Mumbai,Maharashtra,India,,,Mumbai,Mohamed Engineering Works
3174578384,2026-08-30 13:30:37,137132210,26900399,Enquiry for Rectangular Wooden Mandap Banquet Table from Mohit via IndiaMART,I am interested in Rectangular Wooden Mandap Banquet Table,22835.0,Rectangular Wooden Mandap Banquet Table,,IMOB,0,,Ahmedabad,Gujarat,India,,,Mumbai,Mohamed Engineering Works
3174643955,2026-08-30 17:13:08,133534896,26900399,Enquiry for Trolley Wheel from SHREE via IndiaMART,I am interested in Trolley Wheel,40326.0,Trolley Wheel,,IMOB,0,,Pune,Maharashtra,India,shree contraction,,Mumbai,Mohamed Engineering Works
3174729042,2026-08-30 22:29:37,78152250,26900399,Enquiry for Wooden Banquet Table from C via IndiaMART,I am interested in Wooden Banquet Table,88047.0,Wooden Banquet Table,,ANDWEB,-3,2026-09-03 13:45:31,Chennai,Tamil Nadu,India,Sri sastha super market,,Mumbai,Mohamed Engineering Works
3175821497,2026-09-03 01:11:01,257217419,26900399,Enquiry for Wooden Mandap Banquet Table from Veena via IndiaMART,I am interested in Wooden Mandap Banquet Table,22835.0,Wooden Mandap Banquet Table,,IMOB,-3,2026-09-03 13:45:18,Mumbai,Maharashtra,India,no company,,Mumbai,Mohamed Engineering Works
3175978152,2026-09-03 14:32:07,80866455,26900399,Enquiry for Wooden Mandap Banquet Table from VIRAJ via IndiaMART,I am interested in Wooden Mandap Banquet Table,22835.0,Wooden Mandap Banquet Table,,ANDWEB,-3,2026-09-03 18:57:36,Pune,Maharashtra,India,Rajasab Readymade,Proprietor,Mumbai,Mohamed Engineering Works
3176074380,2026-09-03 18:46:33,48796512,26900399,Enquiry for Wooden Mandap Banquet Table from Manubhai via IndiaMART,I am interested in Wooden Mandap Banquet Table,22835.0,Wooden Mandap Banquet Table,,IMOB,-3,2026-09-03 18:55:19,Ahmedabad,Gujarat,India,shree uma tubewell,,Mumbai,Mohamed Engineering Works
3176518487,2026-09-05 08:16:30,124058334,26900399,Enquiry for Wooden Mandap Banquet Table from Gopal via IndiaMART,I am interested in Wooden Mandap Banquet Table,22835.0,Wooden Mandap Banquet Table,,IMOB,0,,Raigad,Maharashtra,India,Athrva plumbing,,Mumbai,Mohamed Engineering Works
3177043579,2026-09-06 20:05:31,274395475,26900399,Enquiry for Wooden Mandap Banquet Table from Chetan via IndiaMART,We want for Ganpati decoration base,22835.0,Wooden Mandap Banquet Table,,IMOB,0,,Badlapur,Maharashtra,India,,,Mumbai,Mohamed Engineering Works
3177216251,2026-09-07 12:53:25,249696266,26900399,Enquiry for Wooden Mandap Banquet Table from Patel via IndiaMART,I am interested in Wooden Mandap Banquet Table,22835.0,Wooden Mandap Banquet Table,,IMOB,0,,Ahmedabad,Gujarat,India,,,Mumbai,Mohamed Engineering Works
3177294615,2026-09-07 16:06:03,251978414,26900399,Enquiry for Wooden Banquet Table from Vishal via IndiaMART,I am interested in Wooden Banquet Table,88047.0,Wooden Banquet Table,,IMOB,-3,2026-09-07 16:08:56,Thane,Maharashtra,India,,,Mumbai,Mohamed Engineering Works
3177354244,2026-09-07 18:52:37,242130014,26900399,Enquiry for Wooden Mandap Banquet Table from Dhruvi via IndiaMART,I am interested in Wooden Mandap Banquet Table,22835.0,Wooden Mandap Banquet Table,,IMOB,0,,Navi Mumbai,Maharashtra,India,,,Mumbai,Mohamed Engineering Works
3177425155,2026-09-07 23:02:26,16162351,26900399,Enquiry for Wooden Mandap Banquet Table from Ayush via IndiaMART,I am interested in Wooden Mandap Banquet Table,22835.0,Wooden Mandap Banquet Table,,IMOB,-2,2026-09-08 01:40:25,Surat,Gujarat,India,Reliance Petrol Pump,,Mumbai,Mohamed Engineering Works
3177439636,2026-09-08 00:15:08,16162351,26900399,Enquiry for Wooden Mandap Banquet Table from Ayush via IndiaMART,I am interested in Wooden Mandap Banquet Table,22835.0,Wooden Mandap Banquet Table,,IMOB,-2,2026-09-08 01:40:24,Surat,Gujarat,India,Reliance Petrol Pump,,Mumbai,Mohamed Engineering Works
3177525465,2026-09-08 11:31:03,246680525,26900399,Business Enquiry from MAYANK via IndiaMART,I am interested in your product,18724.0,,,FCP,0,,Mumbai,Maharashtra,India,,,Mumbai,Mohamed Engineering Works
3177537235,2026-09-08 11:59:23,274465842,26900399,Enquiry for Wooden Mandap Banquet Table from VINOD via IndiaMART,I am interested in Rectangular Wooden Mandap Banquet Table,22835.0,Wooden Mandap Banquet Table,,PRODDTL,0,,Mumbai,Maharashtra,India,,,Mumbai,Mohamed Engineering Works
3177551655,2026-09-08 12:30:33,158250091,26900399,Business Enquiry from Saddam via IndiaMART,I am interested in your product,18724.0,,,FCP,-2,2026-09-08 14:42:49,Mumbai,Maharashtra,India,Event Agancy,,Mumbai,Mohamed Engineering Works
3177768987,2026-09-08 22:21:14,274498292,26900399,Enquiry for Wooden Banquet Table from PRIYA via IndiaMART,I am interested in Wooden Banquet Table,88047.0,Wooden Banquet Table,,IMOB,0,,Mumbai,Maharashtra,India,,,Mumbai,Mohamed Engineering Works
3178441469,2026-09-10 21:40:01,54216865,26900399,Enquiry for Rectangular Wooden Mandap Banquet Table from Kunal via IndiaMART,I am interested in Rectangular Wooden Mandap Banquet Table,22835.0,Rectangular Wooden Mandap Banquet Table,mandap table,ANDWEB,0,,Mumbai,Maharashtra,India,"timex, century,  green etc.....",,Mumbai,Mohamed Engineering Works
3178636491,2026-09-11 15:00:19,95473298,26900399,Enquiry for Rectangular Brown Wooden Banquet Table from Deepakvashisth via IndiaMART,I am interested in Rectangular Brown Wooden Banquet Table,88047.0,Rectangular Brown Wooden Banquet Table,,IMOB,0,,Ahmedabad,Gujarat,India,,,Mumbai,Mohamed Engineering Works
3178747898,2026-09-11 19:54:28,95473298,26900399,Enquiry for Wooden Banquet Table from Deepakvashisth via IndiaMART,I am interested in Wooden Banquet Table,88047.0,Wooden Banquet Table,,IMOB,-2,2026-09-29 17:16:49,Ahmedabad,Gujarat,India,,,Mumbai,Mohamed Engineering Works
3178892564,2026-09-12 11:20:18,99085537,26900399,Wooden Mandap Banquet Table Enquiry by Phone on 12-SEP-2026 at 10:56 AM,I am interested in Wooden Mandap Banquet Table,22835.0,Wooden Mandap Banquet Table,Wooden Mandap Banquet Table,PNSBLENQ,0,,Navi Mumbai,Maharashtra,India,Oil And Gas,,Mumbai,Mohamed Engineering Works
3179128503,2026-09-12 22:57:09,274685550,26900399,Enquiry for Wooden Mandap Banquet Table from Malay via IndiaMART,Please share best price,22835.0,Wooden Mandap Banquet Table,,IMOB,0,,Rajkot,Gujarat,India,,,Mumbai,Mohamed Engineering Works
3181696791,2026-09-21 00:30:51,71168642,26900399,Enquiry for Rectangular Wooden Mandap Banquet Table from Dr. via IndiaMART,I am interested in Rectangular Wooden Mandap Banquet Table,22835.0,Rectangular Wooden Mandap Banquet Table,,ANDWEB,0,,Navi Mumbai,Maharashtra,India,Dr. Saruk,,Mumbai,Mohamed Engineering Works
3181898989,2026-09-21 16:19:36,148273576,26900399,Enquiry for Wooden Mandap Banquet Table from Akash via IndiaMART,I am interested in Wooden Mandap Banquet Table,22835.0,Wooden Mandap Banquet Table,,IMOB,-3,2026-09-21 16:23:39,Pune,Maharashtra,India,shree sharda industries,Owner,Mumbai,Mohamed Engineering Works
3182132393,2026-09-22 11:30:34,6773175,26900399,Enquiry for Rectangular Wooden Mandap Banquet Table from Akshay via IndiaMART,I am interested in Rectangular Wooden Mandap Banquet Table,22835.0,Rectangular Wooden Mandap Banquet Table,,ANDWEB,-3,2026-09-22 13:00:18,Mumbai,Maharashtra,India,Star Enterprises,Proprietor,Mumbai,Mohamed Engineering Works
3182134304,2026-09-22 11:32:25,182258647,26900399,Enquiry for Wooden Mandap Banquet Table from Rajanikant via IndiaMART,I am interested in Wooden Mandap Banquet Table,22835.0,Wooden Mandap Banquet Table,,IMOB,-3,2026-09-22 13:00:25,Mumbai,Maharashtra,India,,,Mumbai,Mohamed Engineering Works
3183303685,2026-09-25 15:33:03,79759685,26900399,Enquiry for Wooden Mandap Banquet Table from Kirtipatel via IndiaMART,I am interested in Wooden Mandap Banquet Table,22835.0,Wooden Mandap Banquet Table,,IMOB,-3,2026-09-25 15:33:28,Gandhinagar,Gujarat,India,,,Mumbai,Mohamed Engineering Works
3183699234,2026-09-26 18:19:51,22721658,26900399,Enquiry for Brown Plastic Chair from Shraddha via IndiaMART,I am interested in Brown Plastic Chair,6042.0,Brown Plastic Chair,,IMOB,-3,2026-09-26 18:27:29,Mumbai,Maharashtra,India,Varddha Studios,,Mumbai,Mohamed Engineering Works
3185436448,2026-10-01 16:30:54,162217541,26900399,"Enquiry for New Mild Steel Construction trolley, Load Capacity: 200kg from Shaikh via IndiaMART","I am interested in New Mild Steel Construction trolley, Load Capacity: 200kg",148899.0,"New Mild Steel Construction trolley, Load Capacity: 200kg",,ANDWEB,-3,2026-10-01 22:41:46,Mumbai,Maharashtra,India,27LPHPS8733K1ZV,,Mumbai,Mohamed Engineering Works
3185473420,2026-10-01 18:05:42,274502903,26900399,Enquiry for Wooden Mandap Banquet Table from Reon via IndiaMART,I am interested in Wooden Mandap Banquet Table,22835.0,Wooden Mandap Banquet Table,,ANDWEB,-3,2026-10-01 18:15:35,Mumbai,,India,,,Mumbai,Mohamed Engineering Works
3185482366,2026-10-01 18:30:49,31235989,26900399,Enquiry for Rectangular Wooden Mandap Banquet Table from Sasshank via IndiaMART,I am interested in Rectangular Wooden Mandap Banquet Table,22835.0,Rectangular Wooden Mandap Banquet Table,,ANDWEB,-3,2026-10-01 18:30:55,Mumbai,Maharashtra,India,Reon,Partner,Mumbai,Mohamed Engineering Works
3124325737,2026-04-06 08:25:46,119890921,75623573,Enquiry for Jay Jawan detergent powder from Dk via IndiaMART,I am interested in Jay Jawan detergent powder,12767.0,Jay Jawan detergent powder,,IMOB,-2,2026-04-07 01:08:45,Handia,Uttar Pradesh,India,,,Kanpur,Om Traders
3132675485,2026-04-29 15:44:33,71564696,75623573,Enquiry for Jay Jawan detergent powder from Sanjay via IndiaMART,I am interested in Jay Jawan detergent powder,12767.0,Jay Jawan detergent powder,,ANDWEB,-2,2026-05-26 23:03:36,Kanpur,Uttar Pradesh,India,Ananya Chemicals,Manager,Kanpur,Om Traders
3144652570,2026-06-04 19:08:51,78160561,75623573,Enquiry for Jay Jawan detergent powder from Ayush via IndiaMART,I am interested in Jay Jawan detergent powder,12767.0,Jay Jawan detergent powder,,IMOB,-2,2026-06-04 23:48:56,Kanpur,Uttar Pradesh,India,RSPL Limited,,Kanpur,Om Traders
3146403514,2026-06-09 21:47:36,235897059,75623573,Enquiry for Jay Jawan batti from Abhijeet via IndiaMART,I am interested in Jay Jawan batti,12096.0,Jay Jawan batti,,ANDWEB,-2,2026-06-09 22:40:05,Kanpur,Uttar Pradesh,India,,,Kanpur,Om Traders
3150464546,2026-06-21 15:17:45,195882629,75623573,Enquiry for Jay Jawan detergent powder from Sahanwaj via IndiaMART,I am interested in Jay Jawan detergent powder,12767.0,Jay Jawan detergent powder,,IMOB,-2,2026-06-21 23:39:16,Maharajganj,Uttar Pradesh,India,,,Kanpur,Om Traders
3157357716,2026-07-11 22:25:11,226850679,75623573,Enquiry for Jay Jawan detergent powder from Rajkumar via IndiaMART,I am interested in Jay Jawan detergent powder,12767.0,Jay Jawan detergent powder,,ANDWEB,-2,2026-07-18 05:58:37,Gopalganj,Bihar,India,,,Kanpur,Om Traders
3160003984,2026-07-19 16:58:20,271685449,75623573,Enquiry for Jay Jawan batti from Jatin via IndiaMART,I am interested in Jay Jawan batti,12096.0,Jay Jawan batti,,IMOB,-2,2026-07-20 09:24:08,Bachhrawan,Uttar Pradesh,India,,,Kanpur,Om Traders
3122539804,2026-04-01 07:02:51,188972826,148480662,Enquiry for Hymark Battery Operated Knapsack Sprayer from Ali via IndiaMART,I am interested in Hymark Battery Operated Knapsack Sprayer,148451.0,Hymark Battery Operated Knapsack Sprayer,,IMOB,0,,Srinagar,Jammu & Kashmir,India,,,Gurugram,Agrim Wholesale Private Limited
3122551769,2026-04-01 08:30:16,266726604,148480662,Enquiry for Machete Herbicide 500 Ml from Ps via IndiaMART,I am interested in Machete Herbicide 500 Ml,3175.0,Machete Herbicide 500 Ml,,ANDWEB,0,,Champhai,Mizoram,India,,,Gurugram,Agrim Wholesale Private Limited
3124056838,2026-04-05 11:00:34,79241036,148480662,Enquiry for Hymark Battery Operated Knapsack Sprayer from Sahibe via IndiaMART,I am interested in Hymark Battery Operated Knapsack Sprayer,148451.0,Hymark Battery Operated Knapsack Sprayer,,ANDWEB,0,,Sambhal,Uttar Pradesh,India,Sahibe Alam Khad Beej Bhandar,,Gurugram,Agrim Wholesale Private Limited
3124113173,2026-04-05 13:38:07,19224891,148480662,Enquiry for Hymark Battery Operated Knapsack Sprayer from Ekanth via IndiaMART,I am interested in Hymark Battery Operated Knapsack Sprayer,148451.0,Hymark Battery Operated Knapsack Sprayer,,IMOB,0,,Hubli,Karnataka,India,Siddaroodh Pumps & Tools,Proprietor,Gurugram,Agrim Wholesale Private Limited
3124315729,2026-04-06 07:01:05,190580271,148480662,Enquiry for Hymatic Power Sprayer from Parvaiz via IndiaMART,I am interested in Hymatic Power Sprayer,218032.0,Hymatic Power Sprayer,,IMOB,0,,Srinagar,Jammu & Kashmir,India,,,Gurugram,Agrim Wholesale Private Limited
3124828334,2026-04-07 13:47:15,267199616,148480662,Enquiry for Hymatic Battery Sprayer from Manjeetthakur5700 via IndiaMART,I am interested in Hymatic Battery Sprayer,148451.0,Hymatic Battery Sprayer,,IMOB,0,,,,India,,,Gurugram,Agrim Wholesale Private Limited
3125147731,2026-04-08 11:32:43,243873730,148480662,Enquiry for Hymatic Battery Sprayer from Vipin via IndiaMART,I am interested in Hymatic Battery Sprayer,148451.0,Hymatic Battery Sprayer,,IMOB,0,,Muzaffarnagar,Uttar Pradesh,India,Bharat Medical Agencys,,Gurugram,Agrim Wholesale Private Limited
3125163432,2026-04-08 12:04:50,266955593,148480662,"Enquiry for Hymatic Battery Sprayer, 20 L, PVC from Vipin via IndiaMART","I am interested in Hymatic Battery Sprayer, 20 L, PVC",148451.0,"Hymatic Battery Sprayer, 20 L, PVC",,IMOB,0,,Muzaffarnagar,Uttar Pradesh,India,Vipin Kumar,,Gurugram,Agrim Wholesale Private Limited
3125559292,2026-04-09 12:49:16,245436554,148480662,Enquiry for Hymark Battery Operated Knapsack Sprayer from Rajat via IndiaMART,I am interested in Hymark Battery Operated Knapsack Sprayer,148451.0,Hymark Battery Operated Knapsack Sprayer,,IMOB,0,,Auraiya,Uttar Pradesh,India,V V C Chemical Limited,,Gurugram,Agrim Wholesale Private Limited
3125680376,2026-04-09 17:33:21,160108867,148480662,Enquiry for Tagmycin Bactericide 100Gm from Rudramadhab via IndiaMART,I am interested in Tagmycin Bactericide 100Gm,251777.0,Tagmycin Bactericide 100Gm,,IMOB,0,,Rairangpur,Odisha,India,,,Gurugram,Agrim Wholesale Private Limited
3125737081,2026-04-09 20:10:25,204003926,148480662,Enquiry for Hymark Battery Operated Knapsack Sprayer from Meena via IndiaMART,I am interested in Hymark Battery Operated Knapsack Sprayer,148451.0,Hymark Battery Operated Knapsack Sprayer,,IMOB,0,,Bilsi,Uttar Pradesh,India,,,Gurugram,Agrim Wholesale Private Limited
3125876170,2026-04-10 10:55:57,267340105,148480662,Enquiry for Hymark Battery Operated Knapsack Sprayer from Rajendrakumarsainismpr200 via IndiaMART,I am interested in Hymark Battery Operated Knapsack Sprayer,148451.0,Hymark Battery Operated Knapsack Sprayer,,IMOB,0,,,,India,,,Gurugram,Agrim Wholesale Private Limited
3126645397,2026-04-12 13:31:55,266955593,148480662,"Enquiry for Hymark Battery Operated Knapsack Sprayer, 20 L, PVC from Vipin via IndiaMART","I am interested in Hymark Battery Operated Knapsack Sprayer, 20 L, PVC",148451.0,"Hymark Battery Operated Knapsack Sprayer, 20 L, PVC",,IMOB,0,,Muzaffarnagar,Uttar Pradesh,India,Vipin Kumar,,Gurugram,Agrim Wholesale Private Limited
3127817199,2026-04-15 16:58:38,183907348,148480662,Enquiry for Sudarshan Insecticides Clear from Suresh via IndiaMART,I am interested in Sudarshan Insecticides Clear,43930.0,Sudarshan Insecticides Clear,,IMOB,0,,Neyyattinkara,Kerala,India,no,,Gurugram,Agrim Wholesale Private Limited
3127987073,2026-04-16 08:35:35,242936719,148480662,Enquiry for Machete Herbicide 500 Ml from TUMJOM via IndiaMART,I am interested in Machete Herbicide 500 Ml,3175.0,Machete Herbicide 500 Ml,,ANDWEB,0,,Along,Arunachal Pradesh,India,,,Gurugram,Agrim Wholesale Private Limited
3128260367,2026-04-16 20:02:19,90010520,148480662,"Enquiry for 16 liters Hymark Battery Operated Knapsack Sprayer, 16 L from Titon via IndiaMART","I am interested in 16 liters Hymark Battery Operated Knapsack Sprayer, 16 L",148451.0,"16 liters Hymark Battery Operated Knapsack Sprayer, 16 L",,IMOB,0,,Kamalnagar,Karnataka,India,,,Gurugram,Agrim Wholesale Private Limited
3128952326,2026-04-18 18:10:28,267812235,148480662,Enquiry for Hymark Battery Operated Knapsack Sprayer from Krishna via IndiaMART,I am interested in Hymark Battery Operated Knapsack Sprayer,148451.0,Hymark Battery Operated Knapsack Sprayer,,IMOB,0,,Gangnapur,West Bengal,India,,,Gurugram,Agrim Wholesale Private Limited
3129247918,2026-04-19 17:20:15,90730025,148480662,Enquiry for Garden sprayer pump 3Liter from Satyanaryna via IndiaMART,I am interested in Garden sprayer pump 3Liter,29226.0,Garden sprayer pump 3Liter,,IMOB,0,,Baleshwar,Odisha,India,Kissan Smile,owner,Gurugram,Agrim Wholesale Private Limited
3129249095,2026-04-19 17:25:01,90730025,148480662,Enquiry for Hymatic Battery Sprayer from Satyanaryna via IndiaMART,I am interested in Hymatic Battery Sprayer,148451.0,Hymatic Battery Sprayer,,IMOB,0,,Baleshwar,Odisha,India,Kissan Smile,owner,Gurugram,Agrim Wholesale Private Limited
3129251557,2026-04-19 17:32:28,90730025,148480662,Enquiry for Hymatic Power Sprayer from Satyanaryna via IndiaMART,I am interested in Hymatic Power Sprayer,218032.0,Hymatic Power Sprayer,,IMOB,0,,Baleshwar,Odisha,India,Kissan Smile,owner,Gurugram,Agrim Wholesale Private Limited
3130368785,2026-04-22 19:30:48,266879730,148480662,Enquiry for Aluminium Phosphide Tablets from Rishab via IndiaMART,I am interested in Aluminium Phosphide Tablets,164973.0,Aluminium Phosphide Tablets,,IMOB,0,,Faridabad,Haryana,India,,,Gurugram,Agrim Wholesale Private Limited
3133118964,2026-04-30 21:21:03,38836492,148480662,Enquiry for Hymark Manual  Sprayer Pump from Vikas via IndiaMART,I am interested in Hymark Manual  Sprayer Pump,186780.0,Hymark Manual  Sprayer Pump,,IMOB,0,,Dehradun,Uttarakhand,India,,,Gurugram,Agrim Wholesale Private Limited
3133205052,2026-05-01 10:03:27,264154826,148480662,Enquiry for Hymark Battery Operated Knapsack Sprayer from Umanshu via IndiaMART,I am interested in Hymark Battery Operated Knapsack Sprayer,148451.0,Hymark Battery Operated Knapsack Sprayer,,IMOB,0,,Barkagaon,Jharkhand,India,A K electronics,,Gurugram,Agrim Wholesale Private Limited
3133297732,2026-05-01 14:07:37,253056755,148480662,"Enquiry for Hymark Battery Operated Knapsack Sprayer, 20 L, PVC from Deepanshubhati via IndiaMART","I am interested in Hymark Battery Operated Knapsack Sprayer, 20 L, PVC",148451.0,"Hymark Battery Operated Knapsack Sprayer, 20 L, PVC",,IMOB,0,,New Delhi,Delhi,India,,,Gurugram,Agrim Wholesale Private Limited
3133786934,2026-05-02 22:32:59,254553270,148480662,"Enquiry for Hymark Battery Operated Knapsack Sprayer, 20 L, PVC from Rajat via IndiaMART","I am interested in Hymark Battery Operated Knapsack Sprayer, 20 L, PVC",148451.0,"Hymark Battery Operated Knapsack Sprayer, 20 L, PVC",,IMOB,0,,,,India,,,Gurugram,Agrim Wholesale Private Limited
3133998234,2026-05-03 17:32:25,105493999,148480662,"Enquiry for Liquid Sudarshan Insecticides Clear, 1 Litre from Ajay via IndiaMART","I am interested in Liquid Sudarshan Insecticides Clear, 1 Litre",43930.0,"Liquid Sudarshan Insecticides Clear, 1 Litre",,ANDWEB,0,,Rampur Baghelan,Madhya Pradesh,India,Ajay Agro,,Gurugram,Agrim Wholesale Private Limited
3135753351,2026-05-09 08:16:24,268741757,148480662,Enquiry for Hymatic Power Sprayer from Vivek via IndiaMART,I am interested in Hymatic Power Sprayer,218032.0,Hymatic Power Sprayer,,IMOB,0,,Bijnor,Uttar Pradesh,India,,,Gurugram,Agrim Wholesale Private Limited
3136740627,2026-05-12 11:44:02,203570790,148480662,Enquiry for Tagmycin Bactericide 100Gm from RS via IndiaMART,copper-oxychloride : filter{ },251777.0,Tagmycin Bactericide 100Gm,,PRODDTL,0,,Hyderabad,Telangana,India,HARIHARAA,,Gurugram,Agrim Wholesale Private Limited
3137796224,2026-05-15 12:28:05,269014449,148480662,Enquiry for Topper 77 Herbicide from Amit via IndiaMART,I am interested in Topper 77 Herbicide,121041.0,Topper 77 Herbicide,,IMOB,-3,2026-08-18 17:15:25,Purba Bishnupur,West Bengal,India,,,Gurugram,Agrim Wholesale Private Limited
3138061261,2026-05-16 08:39:08,269014449,148480662,Enquiry for Topper 77 Herbicide from Amit via IndiaMART,I am interested in Topper 77 Herbicide,121041.0,Topper 77 Herbicide,,ANDROID,-3,2026-08-18 17:15:25,Purba Bishnupur,West Bengal,India,,,Gurugram,Agrim Wholesale Private Limited
3138453092,2026-05-17 11:52:19,56870602,148480662,Enquiry for Garden Sprayer Pump 2 Liter from Kisaan via IndiaMART,I am interested in Garden Sprayer Pump 2 Liter,29226.0,Garden Sprayer Pump 2 Liter,,IMOB,0,,Dehradun,Uttarakhand,India,Kisaan Store,Agriculture,Gurugram,Agrim Wholesale Private Limited
3139626748,2026-05-20 17:31:40,185497613,148480662,Enquiry for Dhruv Herbicides HPM from Animesh via IndiaMART,I am interested in Dhruv Herbicides HPM,,Dhruv Herbicides HPM,,IMOB,0,,Balrampur,Chhattisgarh,India,,,Gurugram,Agrim Wholesale Private Limited
3140594913,2026-05-23 15:32:14,26258202,148480662,Enquiry for Hymark Battery Operated Knapsack Sprayer from Abhinandan via IndiaMART,I am interested in Hymark Battery Operated Knapsack Sprayer,148451.0,Hymark Battery Operated Knapsack Sprayer,,IMOB,0,,Kalahandi,Odisha,India,Mahaveer Vanidya Pratisthan,Proprietorship,Gurugram,Agrim Wholesale Private Limited
3141229458,2026-05-25 16:18:53,248634542,148480662,Enquiry for Gamma Herbicide Paraquat from VIKASH via IndiaMART,I am interested in Gamma Herbicide Paraquat,121041.0,Gamma Herbicide Paraquat,,IMOB,0,,Noida,Uttar Pradesh,India,,,Gurugram,Agrim Wholesale Private Limited
3141435320,2026-05-26 10:15:29,136999550,148480662,Enquiry for Machete Herbicide 500 Ml from Pandurang via IndiaMART,I am interested in Machete Herbicide 500 Ml,3175.0,Machete Herbicide 500 Ml,,IMOB,0,,Mouje Nandgad,Karnataka,India,honda,,Gurugram,Agrim Wholesale Private Limited
3142226257,2026-05-28 13:18:28,68110919,148480662,Enquiry for Hymark Battery Operated Knapsack Sprayer from Surendra via IndiaMART,I am interested in Hymark Battery Operated Knapsack Sprayer,148451.0,Hymark Battery Operated Knapsack Sprayer,,IMOB,0,,Jaipur,Rajasthan,India,BHAGWATI AGRO & IRRIGATION,,Gurugram,Agrim Wholesale Private Limited
3142887137,2026-05-30 13:27:25,121505974,148480662,Enquiry for Excel Mera 71 Herbicide from Shrikant via IndiaMART,I am interested in Excel Mera 71 Herbicide,224451.0,Excel Mera 71 Herbicide,,IMOB,0,,Bhopal,Madhya Pradesh,India,,,Gurugram,Agrim Wholesale Private Limited
3146559443,2026-06-10 12:43:37,73049810,148480662,Enquiry for Machete Herbicide 500 Ml from Vipin via IndiaMART,I am interested in Machete Herbicide 500 Ml,3175.0,Machete Herbicide 500 Ml,,PRODDTL,0,,New Delhi,Delhi,India,Cosmetic,,Gurugram,Agrim Wholesale Private Limited
3146920811,2026-06-11 12:27:52,75816038,148480662,"Enquiry for Neptune Battery Spray Pump, Semi Automatic, 20L from Sai via IndiaMART","I am interested in Neptune Battery Spray Pump, Semi Automatic, 20L",164099.0,"Neptune Battery Spray Pump, Semi Automatic, 20L",,IMOB,0,,Hyderabad,Telangana,India,,,Gurugram,Agrim Wholesale Private Limited
3147769552,2026-06-13 17:42:03,807826,148480662,Enquiry for Vriddhi Battry Oprated   Sprayer Pump from Vivek via IndiaMART,"I am interested in Vriddhi Battry Oprated Sprayer Pump, PVC, 20L",164099.0,Vriddhi Battry Oprated   Sprayer Pump,,PRODDTL,-3,2026-08-18 16:48:17,Guwahati,Assam,India,Pomoi Steels,Owner,Gurugram,Agrim Wholesale Private Limited
3148601013,2026-06-16 10:30:28,141227019,148480662,"Enquiry for Hymark Battery Operated Knapsack Sprayer, 20 L, PVC from Suraj via IndiaMART","I am interested in Hymark Battery Operated Knapsack Sprayer, 20 L, PVC",148451.0,"Hymark Battery Operated Knapsack Sprayer, 20 L, PVC",,IMOB,0,,Siwan,Bihar,India,,,Gurugram,Agrim Wholesale Private Limited
3150029687,2026-06-20 09:18:45,270683781,148480662,"Export Enquiry for Hymark Battery Operated Knapsack Sprayer from SAJJAN, Nepal via IndiaMART",I am interested in Hymark Battery Operated Knapsack Sprayer,148451.0,Hymark Battery Operated Knapsack Sprayer,,IMOB,0,,,,Nepal,,,Gurugram,Agrim Wholesale Private Limited
3151050789,2026-06-23 12:03:30,194665323,148480662,Enquiry for Hymax Singel Motor  Sprayer Pump from Prakash via IndiaMART,I am interested in Hymax Singel Motor  Sprayer Pump,218032.0,Hymax Singel Motor  Sprayer Pump,,IMOB,-3,2026-08-27 13:32:30,Madhubani,Bihar,India,Prakash Beej Bhandar,,Gurugram,Agrim Wholesale Private Limited
3151220295,2026-06-23 18:37:51,270843553,148480662,Enquiry for Krishna  Manual Sprayer  Pump from DURGA via IndiaMART,I am interested in Krishna  Manual Sprayer  Pump,186780.0,Krishna  Manual Sprayer  Pump,,IMOB,0,,Saharsa,Bihar,India,,,Gurugram,Agrim Wholesale Private Limited
3151235171,2026-06-23 19:23:49,41288461,148480662,Enquiry for Hymax Singel Motor  Sprayer Pump from Rajesh via IndiaMART,I am interested in Hymax Singel Motor  Sprayer Pump,218032.0,Hymax Singel Motor  Sprayer Pump,,IMOB,0,,Jaunpur,Uttar Pradesh,India,,,Gurugram,Agrim Wholesale Private Limited
3151235797,2026-06-23 19:25:59,41288461,148480662,Enquiry for Neptune Battery Spray Pump from Rajesh via IndiaMART,I am interested in Neptune Battery Spray Pump,164099.0,Neptune Battery Spray Pump,,IMOB,0,,Jaunpur,Uttar Pradesh,India,,,Gurugram,Agrim Wholesale Private Limited
3152011900,2026-06-26 00:10:33,188681775,148480662,Enquiry for Sujala 19 19 19 Fertilizer from Dar via IndiaMART,I am interested in Sujala 19 19 19 Fertilizer,43849.0,Sujala 19 19 19 Fertilizer,,IMOB,-3,2026-08-18 17:39:39,Anantnag,Jammu & Kashmir,India,,,Gurugram,Agrim Wholesale Private Limited
3152430661,2026-06-27 11:22:56,147211483,148480662,"Enquiry for Vriddhi Battry Oprated Sprayer Pump, PVC, 20L from Swarsha via IndiaMART","I am interested in Vriddhi Battry Oprated Sprayer Pump, PVC, 20L",164099.0,"Vriddhi Battry Oprated Sprayer Pump, PVC, 20L",,IMOB,-3,2026-08-18 17:39:06,Bengaluru,Karnataka,India,,,Gurugram,Agrim Wholesale Private Limited
3152634148,2026-06-27 20:36:19,271032380,148480662,Enquiry for Machete Herbicide 500 Ml from Ranjeet via IndiaMART,I am interested in Machete Herbicide 500 Ml,3175.0,Machete Herbicide 500 Ml,,IMOB,-3,2026-08-18 17:38:24,Katra,Uttar Pradesh,India,,,Gurugram,Agrim Wholesale Private Limited
3152698002,2026-06-28 06:26:45,52037534,148480662,Enquiry for Machete Herbicide 500 Ml from Manish via IndiaMART,I am interested in Machete Herbicide 500 Ml,3175.0,Machete Herbicide 500 Ml,,IMOB,-3,2026-08-18 17:37:55,Varanasi,Uttar Pradesh,India,,,Gurugram,Agrim Wholesale Private Limited
3152854901,2026-06-28 16:33:25,270964118,148480662,Enquiry for Hymark Battery Operated Knapsack Sprayer from Tarun via IndiaMART,I am interested in Hymark Battery Operated Knapsack Sprayer,148451.0,Hymark Battery Operated Knapsack Sprayer,,IMOB,-3,2026-08-18 17:37:08,Daundi Lohara,Chhattisgarh,India,,,Gurugram,Agrim Wholesale Private Limited
3153211548,2026-06-29 17:46:18,270519415,148480662,Enquiry for Sudarshan Insecticides Erase from Ayush via IndiaMART,I am interested in Sudarshan Insecticides Erase,121041.0,Sudarshan Insecticides Erase,,IMOB,-3,2026-08-18 17:36:25,Motihari,Bihar,India,Beej Bhandar,,Gurugram,Agrim Wholesale Private Limited
3154844116,2026-07-04 15:02:16,40303472,148480662,Enquiry for Machete Herbicide 500 Ml from JAI via IndiaMART,I am interested in Machete Herbicide 500 Ml,3175.0,Machete Herbicide 500 Ml,,IMOB,-3,2026-08-18 17:35:03,Hardoi,Uttar Pradesh,India,,,Gurugram,Agrim Wholesale Private Limited
3157010211,2026-07-10 22:00:30,145582858,148480662,Enquiry for Neptune Battery Spray Pump from Ashok via IndiaMART,I am interested in Neptune Battery Spray Pump,164099.0,Neptune Battery Spray Pump,,IMOB,-3,2026-08-18 17:31:12,Karmala,Maharashtra,India,ashoka pashu aahar,,Gurugram,Agrim Wholesale Private Limited
3157347136,2026-07-11 21:39:01,44819855,148480662,Enquiry for Neptune Battery Spray Pump from Rajendhar via IndiaMART,I am interested in Neptune Battery Spray Pump,164099.0,Neptune Battery Spray Pump,,IMOB,-3,2026-08-18 17:29:36,Koratla,Telangana,India,,,Gurugram,Agrim Wholesale Private Limited
3157426165,2026-07-12 09:41:37,137577838,148480662,Enquiry for Neptune Battery Spray Pump from Aditya via IndiaMART,I am interested in Neptune Battery Spray Pump,218031.0,Neptune Battery Spray Pump,,IMOB,-3,2026-08-18 17:28:48,Mainpuri,Uttar Pradesh,India,Shiv Khad Bhandar,,Gurugram,Agrim Wholesale Private Limited
3157987920,2026-07-13 20:33:55,192779583,148480662,Enquiry for Sumitomo Glycel Herbicide from Prit via IndiaMART,I am interested in Sumitomo Glycel Herbicide,121041.0,Sumitomo Glycel Herbicide,,FCP,-3,2026-08-18 17:27:17,Rajkot,Gujarat,India,,,Gurugram,Agrim Wholesale Private Limited
3158025898,2026-07-13 22:46:02,105594262,148480662,Enquiry for Hymark Battery Operated Knapsack Sprayer from Fauj via IndiaMART,I am interested in Hymark Battery Operated Knapsack Sprayer,148451.0,Hymark Battery Operated Knapsack Sprayer,,IMOB,-3,2026-08-18 17:25:25,Raxaul,Bihar,India,,,Gurugram,Agrim Wholesale Private Limited
3158291941,2026-07-14 17:28:12,239520418,148480662,"Enquiry for Hymark Manual Sprayer Pump, 16 L, PVC from Waseem via IndiaMART","I am interested in Hymark Manual Sprayer Pump, 16 L, PVC",155463.0,"Hymark Manual Sprayer Pump, 16 L, PVC",,IMOB,-3,2026-08-18 17:23:08,Rajouri,Jammu & Kashmir,India,High tech agriculture machinery store,,Gurugram,Agrim Wholesale Private Limited
3158422870,2026-07-15 02:26:12,12294465,148480662,Enquiry for Sudarshan Insecticides Erase from Mr. via IndiaMART,I am interested in Sudarshan Insecticides Erase,121041.0,Sudarshan Insecticides Erase,,ANDWEB,-3,2026-08-18 17:21:32,New Delhi,Delhi,India,Sunrise Pesticide,CEO,Gurugram,Agrim Wholesale Private Limited
3158846548,2026-07-16 10:56:43,116372953,148480662,Enquiry for All Clear Herbicide from MANAB via IndiaMART,I need,121041.0,All Clear Herbicide,,IMOB,-3,2026-08-18 17:19:57,Goreswar,Assam,India,Manab Sarania,,Gurugram,Agrim Wholesale Private Limited
3159052235,2026-07-16 19:42:24,271894908,148480662,Enquiry for Hymark Battery Operated Knapsack Sprayer via IndiaMART,I am interested in Hymark Battery Operated Knapsack Sprayer,148451.0,Hymark Battery Operated Knapsack Sprayer,,IMOB,-3,2026-08-18 17:18:37,,Jharkhand,India,,,Gurugram,Agrim Wholesale Private Limited
3159665747,2026-07-18 15:37:05,23374903,148480662,Enquiry for Hymax manual bras sprayer pump from Matta via IndiaMART,I am interested in Hymax manual bras sprayer pump,155463.0,Hymax manual bras sprayer pump,,IMOB,-3,2026-08-18 17:17:56,Palasa,Andhra Pradesh,India,Ps Chanakya IMU Navi Mumbai Campus,,Gurugram,Agrim Wholesale Private Limited
3159689645,2026-07-18 16:40:11,137379381,148480662,Enquiry for Hymax manual bras sprayer pump from Loknadham via IndiaMART,I am interested in Hymax manual bras sprayer pump,155463.0,Hymax manual bras sprayer pump,,IMOB,-3,2026-08-18 17:17:16,,,India,,,Gurugram,Agrim Wholesale Private Limited
3160102722,2026-07-19 23:01:54,148304905,148480662,"Enquiry for Chemical Grade Powder Srushti(Zinc High) Fertilizer, 10 kg, Fruits from Kushal via IndiaMART","I am interested in Chemical Grade Powder Srushti(Zinc High) Fertilizer, 10 kg, Fruits",187345.0,"Chemical Grade Powder Srushti(Zinc High) Fertilizer, 10 kg, Fruits",,IMOB,-3,2026-08-18 17:16:33,Pithora,Chhattisgarh,India,3b black bio,,Gurugram,Agrim Wholesale Private Limited
3160151651,2026-07-20 09:19:29,134768960,148480662,Enquiry for Gamma Herbicide Paraquat from Nawal via IndiaMART,I am interested in Gamma Herbicide Paraquat,121041.0,Gamma Herbicide Paraquat,,IMOB,-3,2026-08-18 17:16:01,Muzaffarpur,Bihar,India,,,Gurugram,Agrim Wholesale Private Limited
3160870667,2026-07-22 10:00:25,31993019,148480662,Enquiry for Neptune Battery Spray Pump from Mukesh via IndiaMART,I am interested in Neptune Battery Spray Pump,164099.0,Neptune Battery Spray Pump,,IMOB,-3,2026-08-18 17:14:05,Akola,Maharashtra,India,,,Gurugram,Agrim Wholesale Private Limited
3160886315,2026-07-22 10:42:13,123803937,148480662,Enquiry for Hymark Manual  Sprayer Pump from Hitesh via IndiaMART,I am interested in Hymark Manual Sprayer Pump,186780.0,Hymark Manual  Sprayer Pump,,IMOB,-3,2026-08-18 17:13:31,Patna,Bihar,India,,,Gurugram,Agrim Wholesale Private Limited
3161028866,2026-07-22 16:20:18,92637089,148480662,Enquiry for Neptune Battery Spray Pump from Rishabh via IndiaMART,Best battery me,218031.0,Neptune Battery Spray Pump,,IMOB,-3,2026-08-18 17:12:42,Prayagraj,Uttar Pradesh,India,Tridev Traders,,Gurugram,Agrim Wholesale Private Limited
3161448253,2026-07-23 19:31:01,272203494,148480662,"Enquiry for Hymark Manual Sprayer Pump, 16 L, PVC from Dhanjit via IndiaMART","I am interested in Hymark Manual Sprayer Pump, 16 L, PVC",186780.0,"Hymark Manual Sprayer Pump, 16 L, PVC",,IMOB,-3,2026-08-18 17:12:08,Kokrajhar,Assam,India,,,Gurugram,Agrim Wholesale Private Limited
3161493361,2026-07-23 22:01:16,60045478,148480662,Enquiry for Flite71 Herbicide IIL from Kadeer via IndiaMART,I am interested in Flite71 Herbicide IIL,147558.0,Flite71 Herbicide IIL,,IMOB,-3,2026-08-18 17:11:19,Shahjahanpur,Uttar Pradesh,India,shoken fruit company,,Gurugram,Agrim Wholesale Private Limited
3161534978,2026-07-24 06:00:22,60045478,148480662,Enquiry for Flite71 Herbicide IIL from Kadeer via IndiaMART,I am interested in Flite71 Herbicide IIL,147558.0,Flite71 Herbicide IIL,,IMOB,-3,2026-08-18 17:11:19,Shahjahanpur,Uttar Pradesh,India,shoken fruit company,,Gurugram,Agrim Wholesale Private Limited
3161805089,2026-07-24 20:31:59,223885316,148480662,Enquiry for Aluminium Phosphide Tablets from ROOPA via IndiaMART,I am interested in Aluminium Phosphide Tablets,164973.0,Aluminium Phosphide Tablets,,IMOB,-3,2026-08-18 17:09:49,Bengaluru,Karnataka,India,,,Gurugram,Agrim Wholesale Private Limited
3161994638,2026-07-25 13:38:58,272276590,148480662,Enquiry for Nepune Spray Pump from Vijay via IndiaMART,I am interested in Nepune Spray Pump,218031.0,Nepune Spray Pump,,IMOB,-3,2026-08-18 17:07:31,Mallawan,Uttar Pradesh,India,,,Gurugram,Agrim Wholesale Private Limited
3162007230,2026-07-25 14:09:34,121815204,148480662,"Enquiry for Krishna Battery Sprayer pump, PVC, 20L from Vijay via IndiaMART","I am interested in Krishna Battery Sprayer pump, PVC, 20L",164099.0,"Krishna Battery Sprayer pump, PVC, 20L",,IMOB,-3,2026-08-18 17:09:18,Mallawan,Uttar Pradesh,India,,,Gurugram,Agrim Wholesale Private Limited
3162017470,2026-07-25 14:34:14,160197244,148480662,Enquiry for Krishna Battery Sprayer  pump from Ravindra via IndiaMART,I am interested in Krishna Battery Sprayer  pump,164099.0,Krishna Battery Sprayer  pump,,IMOB,-3,2026-08-18 17:08:42,Malkapur Buldana District,Maharashtra,India,,,Gurugram,Agrim Wholesale Private Limited
3162049011,2026-07-25 16:00:48,246978925,148480662,"Enquiry for Neptune Battery Spray Pump, Semi Automatic, 20L from Dinesh via IndiaMART","I am interested in Neptune Battery Spray Pump, Semi Automatic, 20L",164099.0,"Neptune Battery Spray Pump, Semi Automatic, 20L",,ANDWEB,-3,2026-08-18 17:08:06,Banaskantha,Gujarat,India,,,Gurugram,Agrim Wholesale Private Limited
3162508311,2026-07-27 05:09:20,122185260,148480662,Enquiry for Hymark Battery Operated Knapsack Sprayer from Pinke via IndiaMART,I am interested in Hymark Battery Operated Knapsack Sprayer,148451.0,Hymark Battery Operated Knapsack Sprayer,,IMOB,-3,2026-08-18 17:06:36,Tinsukia,Assam,India,,,Gurugram,Agrim Wholesale Private Limited
3163639514,2026-07-30 06:52:44,255777700,148480662,Enquiry for Milquat Herbicide from Bholu via IndiaMART,I am interested in Milquat Herbicide,3175.0,Milquat Herbicide,,IMOB,-3,2026-08-18 17:05:50,Mumbai,Maharashtra,India,,,Gurugram,Agrim Wholesale Private Limited
3163962330,2026-07-30 22:01:24,46910825,148480662,Enquiry for Sudarshan Insecticides Erase from Shyam via IndiaMART,I am interested in Sudarshan Insecticides Erase,121041.0,Sudarshan Insecticides Erase,,ANDWEB,-3,2026-08-18 17:04:07,Jahanabad,Bihar,India,Om Sai Enterprises,,Gurugram,Agrim Wholesale Private Limited
3164116607,2026-07-31 12:44:38,272561097,148480662,Enquiry for Excel Mera 71 Herbicide from DEVANAND via IndiaMART,I am interested in Excel Mera 71 Herbicide,224451.0,Excel Mera 71 Herbicide,,IMOB,-3,2026-08-14 18:31:41,Rajgarh,Madhya Pradesh,India,,,Gurugram,Agrim Wholesale Private Limited
3164183300,2026-07-31 15:24:23,272561097,148480662,Enquiry for Flite71 Herbicide IIL from DEVANAND via IndiaMART,I am interested in Flite71 Herbicide IIL,147558.0,Flite71 Herbicide IIL,,IMOB,-3,2026-08-14 18:31:41,Rajgarh,Madhya Pradesh,India,,,Gurugram,Agrim Wholesale Private Limited
3164730504,2026-08-02 08:27:31,244326073,148480662,Enquiry for Rahul Manual Sprayer Pump from Rajanti via IndiaMART,I am interested in Rahul Manual Sprayer Pump,155463.0,Rahul Manual Sprayer Pump,,IMOB,-3,2026-08-18 17:01:23,Gurugram,Haryana,India,,,Gurugram,Agrim Wholesale Private Limited
3164731423,2026-08-02 08:32:12,48793766,148480662,Enquiry for Hymark Battery Operated Knapsack Sprayer from Gaurab via IndiaMART,I am interested in Hymark Battery Operated Knapsack Sprayer,148451.0,Hymark Battery Operated Knapsack Sprayer,,IMOB,-3,2026-08-18 17:00:51,Mainpuri,Uttar Pradesh,India,,,Gurugram,Agrim Wholesale Private Limited
3164923369,2026-08-02 19:12:40,35034249,148480662,Enquiry for Srushti(Zinc High) Fertilizer from Sahiram via IndiaMART,I am interested in Srushti(Zinc High) Fertilizer,187345.0,Srushti(Zinc High) Fertilizer,,ANDWEB,-3,2026-08-14 18:31:42,Gurugram,Haryana,India,Ruchi Designs,Owner,Gurugram,Agrim Wholesale Private Limited
3166346325,2026-08-06 16:10:49,31570745,148480662,Enquiry for Nasa Fertilizer Manure from Naresh via IndiaMART,I am interested in Nasa Fertilizer Manure,530.0,Nasa Fertilizer Manure,,IMOB,-3,2026-08-18 16:38:16,Warangal,Telangana,India,,,Gurugram,Agrim Wholesale Private Limited
3167499159,2026-08-09 20:37:07,190676201,148480662,Enquiry for Hymark Battery Operated Knapsack Sprayer from Ajit via IndiaMART,I am interested in Hymark Battery Operated Knapsack Sprayer,148451.0,Hymark Battery Operated Knapsack Sprayer,,IMOB,-3,2026-08-18 16:37:27,Bhagalpur,Bihar,India,Ajit kirana store,,Gurugram,Agrim Wholesale Private Limited
3168203224,2026-08-11 18:37:02,116698472,148480662,Enquiry for Krishna Manual  Sprayer  Pump from Danish via IndiaMART,I am interested in Krishna Manual  Sprayer  Pump,186780.0,Krishna Manual  Sprayer  Pump,,PRODDTL,-3,2026-08-18 16:36:05,Vadakara,Kerala,India,buysoul enterprise,,Gurugram,Agrim Wholesale Private Limited
3168256035,2026-08-11 21:10:19,161688329,148480662,Enquiry for Hymatic Power Sprayer from Sannaveerappa via IndiaMART,I am interested in Hymatic Power Sprayer,218032.0,Hymatic Power Sprayer,,IMOB,-3,2026-08-18 16:34:15,Ranibennur,Karnataka,India,Sannaveerappa. B. Makanur,,Gurugram,Agrim Wholesale Private Limited
3168269934,2026-08-11 21:59:53,35034249,148480662,Enquiry for Srushti(Zinc High) Fertilizer from Sahiram via IndiaMART,Product Name: SRUSHTI (ZINC HIGH) Product Type: MULTI MICRONUTRIENTS FERTILIZER Application Method: SOIL APPLICATION Packaging Size: 10 Kg Brand: multiplex,187345.0,Srushti(Zinc High) Fertilizer,,ANDWEB,-3,2026-08-14 18:31:42,Gurugram,Haryana,India,Ruchi Designs,Owner,Gurugram,Agrim Wholesale Private Limited
3168276850,2026-08-11 22:23:41,232060141,148480662,Enquiry for Hymark Battery Operated Knapsack Sprayer from Akash via IndiaMART,I am interested in Hymark Battery Operated Knapsack Sprayer,148451.0,Hymark Battery Operated Knapsack Sprayer,,IMOB,-3,2026-08-14 18:31:42,Kanpur,Uttar Pradesh,India,,,Gurugram,Agrim Wholesale Private Limited
3168811822,2026-08-13 13:01:26,53770160,148480662,Business Enquiry from AVISHEK via IndiaMART,I am interested in your product,218031.0,,,FCP,-3,2026-08-14 18:31:40,Gurugram,Haryana,India,Sharma Fabricators & Erectors Pvt. Ltd.,,Gurugram,Agrim Wholesale Private Limited
3168832478,2026-08-13 13:46:03,150739140,148480662,Enquiry for Sujala 19 19 19 Fertilizer from Chafe via IndiaMART,I am interested in Sujala 19 19 19 Fertilizer,43849.0,Sujala 19 19 19 Fertilizer,,IMOB,-3,2026-08-14 18:31:36,Latur,Maharashtra,India,,,Gurugram,Agrim Wholesale Private Limited
3169225344,2026-08-14 15:03:03,150097141,148480662,Enquiry for Garden Sprayer Pump 2Liter from Ramesh via IndiaMART,I am interested in Garden Sprayer Pump 2Liter,29226.0,Garden Sprayer Pump 2Liter,,IMOB,-3,2026-08-14 18:31:26,Ahmedabad,Gujarat,India,,,Gurugram,Agrim Wholesale Private Limited
3169699438,2026-08-16 08:01:56,273330959,148480662,Enquiry for Sujala 19 19 19 Fertilizer from KULDEEP via IndiaMART,I am interested in Sujala 19 19 19 Fertilizer,43849.0,Sujala 19 19 19 Fertilizer,,IMOB,-3,2026-08-18 16:27:44,Shivpuri,Madhya Pradesh,India,,,Gurugram,Agrim Wholesale Private Limited
3169748413,2026-08-16 11:24:49,86150871,148480662,Enquiry for Excel Mera 71 Herbicide from Parmeshwar via IndiaMART,I am interested in Excel Mera 71 Herbicide,224451.0,Excel Mera 71 Herbicide,,IMOB,-3,2026-08-18 16:26:32,Hingoli,Maharashtra,India,Gajanand Kirayna,Owner,Gurugram,Agrim Wholesale Private Limited
3169909203,2026-08-16 19:48:31,273365519,148480662,"Export Enquiry for Hymax Battery Powered Sprayer pump from Hiranjan, Nepal via IndiaMART",I am interested in Hymax Battery Powered Sprayer pump,218032.0,Hymax Battery Powered Sprayer pump,,IMOB,-3,2026-08-18 15:42:45,,,Nepal,,,Gurugram,Agrim Wholesale Private Limited
3170173402,2026-08-17 15:42:48,159194022,148480662,Enquiry for Vriddhi  Battry Oprated Sprayer Pump from Dinesh via IndiaMART,I am interested in Vriddhi  Battry Oprated Sprayer Pump,164099.0,Vriddhi  Battry Oprated Sprayer Pump,,IMOB,-3,2026-08-18 15:40:05,Shehra,Gujarat,India,Krushi Agro Tech,,Gurugram,Agrim Wholesale Private Limited
3170557950,2026-08-18 15:49:25,159194022,148480662,Enquiry for Vriddhi  Battry Oprated Sprayer Pump from Dinesh via IndiaMART,I am interested in Vriddhi  Battry Oprated Sprayer Pump,164099.0,Vriddhi  Battry Oprated Sprayer Pump,,IMOB,-3,2026-08-18 15:52:46,Shehra,Gujarat,India,Krushi Agro Tech,,Gurugram,Agrim Wholesale Private Limited
3170896547,2026-08-19 13:54:33,265664971,148480662,Enquiry for Aluminium Phosphide Tablets from Kunal via IndiaMART,I am interested in Aluminium Phosphide Tablets,164973.0,Aluminium Phosphide Tablets,,IMOB,-3,2026-08-27 13:32:46,Gurugram,Haryana,India,,,Gurugram,Agrim Wholesale Private Limited
3171168331,2026-08-20 09:35:56,226404153,148480662,Enquiry for Shaurya Double Motor sprayer pump from Asip via IndiaMART,I am interested in Shaurya Double Motor sprayer pump,155463.0,Shaurya Double Motor sprayer pump,,IMOB,-3,2026-08-27 13:32:43,Bengaluru,Karnataka,India,,,Gurugram,Agrim Wholesale Private Limited
3171879491,2026-08-22 09:35:15,213759960,148480662,Enquiry for Gamma Herbicide Paraquat from Ramashish via IndiaMART,I am interested in Gamma Herbicide Paraquat,121041.0,Gamma Herbicide Paraquat,,IMOB,-3,2026-08-27 13:32:37,Supaul,Bihar,India,utensils shop,,Gurugram,Agrim Wholesale Private Limited
3173060438,2026-08-25 20:20:12,224419092,148480662,Enquiry for Hymark Battery Operated Knapsack Sprayer from Pankaj via IndiaMART,I am interested in Hymark Battery Operated Knapsack Sprayer,148451.0,Hymark Battery Operated Knapsack Sprayer,,IMOB,-3,2026-08-27 13:32:06,Lucknow,Uttar Pradesh,India,Pankaj Mishra Traders,,Gurugram,Agrim Wholesale Private Limited
3173332803,2026-08-26 18:43:37,273761329,148480662,Enquiry for Aluminium Phosphide Tablets from Jyoti via IndiaMART,I am interested in Aluminium Phosphide Tablets,164973.0,Aluminium Phosphide Tablets,celphos tablet,ANDWEB,-3,2026-08-27 13:26:59,Purnea,Bihar,India,,,Gurugram,Agrim Wholesale Private Limited
3173334117,2026-08-26 18:46:57,11481083,148480662,Enquiry for Neptune Battery Spray Pump from Pandharinath via IndiaMART,I am interested in Neptune Battery Spray Pump,164099.0,Neptune Battery Spray Pump,,IMOB,-3,2026-08-27 13:27:02,Nashik,Maharashtra,India,Govind Hardware,,Gurugram,Agrim Wholesale Private Limited
3173495077,2026-08-27 06:35:57,273761329,148480662,Enquiry for Aluminium Phosphide Tablets from Jyoti via IndiaMART,I am interested in Aluminium Phosphide Tablets,164973.0,Aluminium Phosphide Tablets,,ANDWEB,-3,2026-08-27 13:26:59,Purnea,Bihar,India,,,Gurugram,Agrim Wholesale Private Limited
3173586981,2026-08-27 11:40:32,25802569,148480662,Enquiry for Garden Sprayer Pump 2 Liter from LOGESH via IndiaMART,I am interested in Garden Sprayer Pump 2 Liter,29226.0,Garden Sprayer Pump 2 Liter,,IMOB,-3,2026-08-27 13:02:20,Vilathikulam,Tamil Nadu,India,Logu Textiles,Owner,Gurugram,Agrim Wholesale Private Limited
3173729112,2026-08-27 17:16:19,148480662,148480662,Enquiry for Hymark Battery Operated Knapsack Sprayer from Akshay via IndiaMART,I am interested in Hymark Battery Operated Knapsack Sprayer,148451.0,Hymark Battery Operated Knapsack Sprayer,,FCP,-1,2026-08-27 17:16:19,Gurugram,Haryana,India,Agrim Wholesale Private Limited,Business Manager,Gurugram,Agrim Wholesale Private Limited
3173871411,2026-08-28 00:54:32,266559184,148480662,Enquiry for Aluminium Phosphide Tablets from Ajay via IndiaMART,I am interested in Aluminium Phosphide Tablets,164973.0,Aluminium Phosphide Tablets,,IMOB,-3,2026-08-29 10:02:47,Ambala,Haryana,India,ajay agriculture,,Gurugram,Agrim Wholesale Private Limited
3174248168,2026-08-29 11:54:06,200426105,148480662,Enquiry for Hymark Battery Operated Knapsack Sprayer from Rajput via IndiaMART,I am interested in Hymark Battery Operated Knapsack Sprayer,148451.0,Hymark Battery Operated Knapsack Sprayer,,IMOB,0,,Sakit,Uttar Pradesh,India,,,Gurugram,Agrim Wholesale Private Limited
3174262299,2026-08-29 12:31:57,98024037,148480662,Enquiry for Hymark Battery Operated Knapsack Sprayer from Rajpoot via IndiaMART,I am interested in Hymark Battery Operated Knapsack Sprayer,148451.0,Hymark Battery Operated Knapsack Sprayer,,IMOB,0,,Sakit,Uttar Pradesh,India,,,Gurugram,Agrim Wholesale Private Limited
3174273125,2026-08-29 13:00:49,274000510,148480662,Enquiry for Hymark Battery Operated Knapsack Sprayer from Gaurav via IndiaMART,I am interested in Hymark Battery Operated Knapsack Sprayer,148451.0,Hymark Battery Operated Knapsack Sprayer,,IMOB,0,,Sidhi,Madhya Pradesh,India,,,Gurugram,Agrim Wholesale Private Limited
3174666123,2026-08-30 18:30:18,252369696,148480662,Enquiry for Neptune Battery Spray Pump from Manish via IndiaMART,I am interested in Neptune Battery Spray Pump,218031.0,Neptune Battery Spray Pump,,IMOB,0,,Ranchi,Jharkhand,India,,,Gurugram,Agrim Wholesale Private Limited
3174772655,2026-08-31 07:50:47,274077930,148480662,Enquiry for Excel Mera 71 Herbicide from Saloni via IndiaMART,I am interested in Excel Mera 71 Herbicide,224451.0,Excel Mera 71 Herbicide,,IMOB,0,,,,India,,,Gurugram,Agrim Wholesale Private Limited
3175769044,2026-09-02 21:06:41,84764558,148480662,Enquiry for Hymark Battery Operated Knapsack Sprayer from Ravindra via IndiaMART,I am interested in Hymark Battery Operated Knapsack Sprayer,148451.0,Hymark Battery Operated Knapsack Sprayer,,IMOB,0,,Pune,Maharashtra,India,RM PATIL,,Gurugram,Agrim Wholesale Private Limited
3176464044,2026-09-04 22:02:45,274313283,148480662,Enquiry for Flite71 Herbicide IIL from Kalaisevli via IndiaMART,I am interested in Flite71 Herbicide IIL,147558.0,Flite71 Herbicide IIL,,IMOB,0,,,,India,,,Gurugram,Agrim Wholesale Private Limited
3176646126,2026-09-05 14:41:54,58430878,148480662,Enquiry for Milquat Herbicide from Pardeep via IndiaMART,,3175.0,Milquat Herbicide,,IMOB,0,,Bhopal,Madhya Pradesh,India,,,Gurugram,Agrim Wholesale Private Limited
3176836701,2026-09-06 08:32:17,110127844,148480662,Enquiry for Hymark Battery Operated Knapsack Sprayer from Yashpal via IndiaMART,I am interested in Hymark Battery Operated Knapsack Sprayer,148451.0,Hymark Battery Operated Knapsack Sprayer,,IMOB,0,,Firozabad,Uttar Pradesh,India,,,Gurugram,Agrim Wholesale Private Limited
3176955603,2026-09-06 15:07:07,212985952,148480662,Enquiry for Sujala 19 19 19 Fertilizer from Rintu via IndiaMART,I am interested in Sujala 19 19 19 Fertilizer,43849.0,Sujala 19 19 19 Fertilizer,,IMOB,0,,Idukki,Kerala,India,,,Gurugram,Agrim Wholesale Private Limited
3177565651,2026-09-08 13:01:41,208253932,148480662,Enquiry for Krishna Battery Sprayer  pump from Faruk via IndiaMART,I am interested in Krishna Battery Sprayer  pump,164099.0,Krishna Battery Sprayer  pump,,IMOB,0,,Kumher,Rajasthan,India,,,Gurugram,Agrim Wholesale Private Limited
3177982034,2026-09-09 15:41:29,274529398,148480662,Enquiry for Hymark Battery Operated Knapsack Sprayer from MRP via IndiaMART,I am interested in Hymark Battery Operated Knapsack Sprayer,148451.0,Hymark Battery Operated Knapsack Sprayer,,IMOB,0,,,,India,,,Gurugram,Agrim Wholesale Private Limited
3178130744,2026-09-09 23:48:18,123460866,148480662,Enquiry for Sudarshan Insecticides Clear from Savej via IndiaMART,I am interested in Sudarshan Insecticides Clear,43930.0,Sudarshan Insecticides Clear,,IMOB,0,,Muzaffarnagar,Uttar Pradesh,India,,,Gurugram,Agrim Wholesale Private Limited
3178137462,2026-09-10 00:30:20,123460866,148480662,Enquiry for Sudarshan Insecticides Clear from Savej via IndiaMART,I am interested in Sudarshan Insecticides Clear,43930.0,Sudarshan Insecticides Clear,,IMOB,0,,Muzaffarnagar,Uttar Pradesh,India,,,Gurugram,Agrim Wholesale Private Limited
3178523600,2026-09-11 09:49:50,229065215,148480662,Enquiry for Hymark Battery Operated Knapsack Sprayer from Santosh via IndiaMART,I am interested in Hymark Battery Operated Knapsack Sprayer,148451.0,Hymark Battery Operated Knapsack Sprayer,,IMOB,0,,Berhampur,Odisha,India,,,Gurugram,Agrim Wholesale Private Limited
3178793476,2026-09-11 22:35:30,274277716,148480662,Enquiry for Hymark Battery Operated Knapsack Sprayer from M via IndiaMART,No,148451.0,Hymark Battery Operated Knapsack Sprayer,,IMOB,0,,Samastipur,Bihar,India,,,Gurugram,Agrim Wholesale Private Limited
3179106364,2026-09-12 21:23:46,244942251,148480662,Enquiry for Neptune Battery Spray Pump from Rajat via IndiaMART,I am interested in Neptune Battery Spray Pump,164099.0,Neptune Battery Spray Pump,,ANDWEB,0,,Shahjahanpur,Uttar Pradesh,India,Digital Marketing,,Gurugram,Agrim Wholesale Private Limited
3179167296,2026-09-13 07:45:07,161199277,148480662,Enquiry for Hymark Battery Operated Knapsack Sprayer from Krishna via IndiaMART,Agriculture pirpose,148451.0,Hymark Battery Operated Knapsack Sprayer,,IMOB,0,,Bengaluru,Karnataka,India,,,Gurugram,Agrim Wholesale Private Limited
3179173677,2026-09-13 08:37:27,214418106,148480662,Enquiry for Hymark Battery Operated Knapsack Sprayer from Soumyajeet via IndiaMART,I am interested in Hymark Battery Operated Knapsack Sprayer,148451.0,Hymark Battery Operated Knapsack Sprayer,,IMOB,0,,Boudh,Odisha,India,Soumyajit,,Gurugram,Agrim Wholesale Private Limited
3179178755,2026-09-13 09:12:36,161924784,148480662,Enquiry for Excel Mera 71 Herbicide from Kailash via IndiaMART,I am interested in Excel Mera 71 Herbicide,224451.0,Excel Mera 71 Herbicide,,IMOB,0,,Sambhal,Uttar Pradesh,India,,,Gurugram,Agrim Wholesale Private Limited
3179909468,2026-09-15 15:32:53,140267575,148480662,Enquiry for All Clear Herbicide from Ranjan via IndiaMART,I am interested in All Clear Herbicide,121041.0,All Clear Herbicide,,IMOB,0,,Bhubaneswar,Odisha,India,Maa  Nilamani Traders,,Gurugram,Agrim Wholesale Private Limited
3180549247,2026-09-17 13:47:21,59096846,148480662,Enquiry for Hymark Battery Operated Knapsack Sprayer from Harishankar via IndiaMART,I am interested in Hymark Battery Operated Knapsack Sprayer,148451.0,Hymark Battery Operated Knapsack Sprayer,,IMOB,0,,Manikpur Sarhat,Uttar Pradesh,India,,,Gurugram,Agrim Wholesale Private Limited
3180782583,2026-09-18 09:14:31,274924978,148480662,Enquiry for Aluminium Phosphide Tablets from Preeti via IndiaMART,I am interested in Aluminium Phosphide Tablets,164973.0,Aluminium Phosphide Tablets,,IMOB,0,,,,India,,,Gurugram,Agrim Wholesale Private Limited
3181062708,2026-09-18 22:31:13,40052397,148480662,Enquiry for Garden Sprayer Pump 2Liter from SHIVVANSH via IndiaMART,I am interested in Garden Sprayer Pump 2Liter,29226.0,Garden Sprayer Pump 2Liter,,ANDWEB,0,,Guwahati,Assam,India,Assam Automotive,Contact Person,Gurugram,Agrim Wholesale Private Limited
3181338534,2026-09-19 19:30:37,256086105,148480662,Enquiry for Hymark Battery Operated Knapsack Sprayer from Pavan via IndiaMART,I am interested in Hymark Battery Operated Knapsack Sprayer,148451.0,Hymark Battery Operated Knapsack Sprayer,,IMOB,0,,Narsinghpur,Madhya Pradesh,India,,,Gurugram,Agrim Wholesale Private Limited
3181482951,2026-09-20 11:31:08,275041517,148480662,Enquiry for Hymax Battery Powered Sprayer pump from Hariom via IndiaMART,I am interested in Hymax Battery Powered Sprayer pump,218032.0,Hymax Battery Powered Sprayer pump,,IMOB,0,,,,India,,,Gurugram,Agrim Wholesale Private Limited
3182769330,2026-09-24 00:40:15,275282712,148480662,Enquiry for Aluminium Phosphide Tablets from Riya via IndiaMART,I am interested in Aluminium Phosphide Tablets,164973.0,Aluminium Phosphide Tablets,,IMOB,0,,Dehradun,Uttarakhand,India,,,Gurugram,Agrim Wholesale Private Limited
3184047834,2026-09-27 20:30:49,10525063,148480662,Enquiry for Hymark Battery Operated Knapsack Sprayer from Sunil via IndiaMART,I am interested in Hymark Battery Operated Knapsack Sprayer,148451.0,Hymark Battery Operated Knapsack Sprayer,,ANDWEB,0,,New Delhi,Delhi,India,S P Agritech,,Gurugram,Agrim Wholesale Private Limited
3185413908,2026-10-01 15:32:19,127795071,148480662,Enquiry for Rahul Manual Sprayer Pump from Nitesh via IndiaMART,I am interested in Rahul Manual Sprayer Pump,155463.0,Rahul Manual Sprayer Pump,,IMOB,0,,East Champaran,Bihar,India,,,Gurugram,Agrim Wholesale Private Limited
3156766527,2026-07-10 11:04:25,91358651,2749178,Enquiry for Heavy Machinery Shifting Service from Himanshu via IndiaMART,I am interested in Heavy Machinery Shifting Service,171032.0,Heavy Machinery Shifting Service,machine shifting services,ANDWEB,-3,2026-07-10 11:16:43,Vadodara,Gujarat,India,Shakti Fabricators,Partner,Ahmedabad,Ashok Enterprise
3157838581,2026-07-13 14:12:11,91358651,2749178,Enquiry for Heavy Machinery Shifting Service from Himanshu via IndiaMART,I am interested in Heavy Machinery Shifting Service,171032.0,Heavy Machinery Shifting Service,,PRODDTL,-3,2026-07-16 16:04:19,Vadodara,Gujarat,India,Shakti Fabricators,Partner,Ahmedabad,Ashok Enterprise
3179985050,2026-09-15 18:50:25,10883695,2749178,Semi-Lowbed Trailer Rental Services Enquiry by Phone on 15-SEP-2026 at 06:23 PM,I am interested in Semi-Lowbed Trailer Rental Services,40132.0,Semi-Lowbed Trailer Rental Services,Semi-Lowbed Trailer Rental Services,PNSBLENQ,0,,Ahmedabad,Gujarat,India,Prisha Engineers Pvt. Ltd.,Manager,Ahmedabad,Ashok Enterprise
3180260975,2026-09-16 15:48:55,12058171,2749178,Enquiry for Trucks And Trailers On Rental Service from Mr via IndiaMART,"reuired 40 ft 
ahmedabad to kutch",40132.0,Trucks And Trailers On Rental Service,,DIR,0,,Visnagar,Gujarat,India,Shree Uma Fire And Engineering Service,Proprietor,Ahmedabad,Ashok Enterprise
3180273704,2026-09-16 16:20:36,12058171,2749178,Trucks and Trailers On Rental Service Enquiry by Phone on 16-SEP-2026 at 03:52 PM,I am interested in Trucks and Trailers On Rental Service,40132.0,Trucks and Trailers On Rental Service,Trucks and Trailers On Rental Service,PNSBLENQ,0,,Visnagar,Gujarat,India,Shree Uma Fire And Engineering Service,Proprietor,Ahmedabad,Ashok Enterprise
3135105942,2026-05-07 08:55:05,107020786,225852776,Enquiry for Pu Foam from PINKI via IndiaMART,I am interested in Pu Foam,8810.0,Pu Foam,pu foam,ANDWEB,0,,Meerut,Uttar Pradesh,India,Royal Enterprises,,Meerut,Gera Foam House
3135195702,2026-05-07 13:04:52,225565518,225852776,Enquiry for PU Bonded Foam from IMRAN KHAN SO IRFAN KHAN,"Density: 18 Density
Thickness: 1 inch (25 mm)
Size: 6x3 ft (72x36 in)
Probable Order Value: Rs. 50,000 to 1 Lakh
Probable Requirement Type: Business Use
Quantity: 200   Piece",8810.0,PU Bonded Foam,,ASTBUY,-3,2026-08-20 16:43:05,Khatauli,Uttar Pradesh,India,Mansuri Enterprises,,Meerut,Gera Foam House
3135200161,2026-05-07 13:14:37,225565518,225852776,Enquiry for Pu Foam from IMRAN via IndiaMART,I am interested in Pu Foam,8810.0,Pu Foam,,IMOB,-3,2026-08-20 16:43:05,Khatauli,Uttar Pradesh,India,Mansuri Enterprises,,Meerut,Gera Foam House
3129823200,2026-04-21 12:24:28,15039376,7482803,Enquiry for Asbestos Rope from Anoop via IndiaMART,"charminar asbestos rope : filter{  }, 3 mm Dia Needed",21787.0,Asbestos Rope,,DIR,-2,2026-04-21 12:41:56,Gorakhpur,Uttar Pradesh,India,Gallantt Ispat Limited,Owner,Muzaffarnagar,Mittal Refractories
3137031418,2026-05-13 09:20:14,87932229,7482803,Fiber Glass Wools Enquiry by Phone on 13-MAY-2026 at 08:53 AM,I am interested in Fiber Glass Wools,28763.0,Fiber Glass Wools,Fiber Glass Wools,PNSBLENQ,0,,Muzaffarnagar,Uttar Pradesh,India,Tayif Enterprises,owner,Muzaffarnagar,Mittal Refractories
3137221410,2026-05-13 17:23:25,61280354,7482803,"Enquiry for Refractory Castable for Boiler ,refactory Cement Boiler Castable Super from Arjun","Packaging Size: 25 kg
Probable Requirement Type: Business Use",42441.0,"Refractory Castable for Boiler ,refactory Cement Boiler Castable Super",,ASTBUY,-2,2026-05-13 18:12:28,Roorkee,Uttarakhand,India,A.S. Enterprises,,Muzaffarnagar,Mittal Refractories
3138792246,2026-05-18 13:02:56,23847695,7482803,Enquiry for Fire Bricks from Somendra via IndiaMART,fire-bricks : filter{ },68872.0,Fire Bricks,,DIR,-2,2026-05-18 13:53:30,Dehradun,Uttarakhand,India,HNV Enterprises,,Muzaffarnagar,Mittal Refractories
3144300450,2026-06-03 18:43:47,13636748,7482803,Enquiry for Firecrete Super Refractory Castables from PANKAJ,"Quantity: 4000   Kg
Packaging Size: 25 kg
Type of Requirement: Sample Only
Probable Order Value: Rs. 2 to 5 Lakh
Probable Requirement Type: Business Use",42441.0,Firecrete Super Refractory Castables,,ASTBUY,-2,2026-06-03 18:53:17,Muzaffarnagar,Uttar Pradesh,India,Chakradhar Chemicals Pvt. Ltd.,,Muzaffarnagar,Mittal Refractories
3182549956,2026-09-23 13:34:33,37826828,7482803,Enquiry for Rockwool Mattress from NAMAN via IndiaMART,I am interested in Rockwool Mattress,135639.0,Rockwool Mattress,,FCP,0,,Muzaffarnagar,Uttar Pradesh,India,,,Muzaffarnagar,Mittal Refractories
3129422064,2026-04-20 10:45:58,35389830,70382549,Enquiry for Manual Hand Molding Machine from RAJAN,"Clamping Force: 100 Ton
Condition: New
Probable Requirement Type: Business Use",33253.0,Manual Hand Molding Machine,,ASTBUY,0,,New Delhi,Delhi,India,RJ POLYMERS INDIA,,Noida,Pal Electrical Works
3130195647,2026-04-22 12:34:48,189112903,70382549,Enquiry for On-Off Thermotech TIC 4000 TP Temperature Controller from Kapil via IndiaMART,I am interested in On-Off Thermotech TIC 4000 TP Temperature Controller,1913.0,On-Off Thermotech TIC 4000 TP Temperature Controller,,IMOB,0,,Etawah,Uttar Pradesh,India,,,Noida,Pal Electrical Works
3135151753,2026-05-07 11:18:55,108275768,70382549,Enquiry for Manual Hand Molding Machine from VIKRAM,"Type: Hand Molding Machine
Gm: 12
Probable Requirement Type: Business Use",33253.0,Manual Hand Molding Machine,,ASTBUY,0,,Gurgaon,Haryana,India,,,Noida,Pal Electrical Works
3137663493,2026-05-14 22:30:22,189790703,70382549,"Export Enquiry for 15MM Water Motor Pump Mechanical Seal from Sanjay, Nepal via IndiaMART",I am interested in 15MM Water Motor Pump Mechanical Seal,42971.0,15MM Water Motor Pump Mechanical Seal,,PRODDTL,0,,,,Nepal,JAY ELECTRO POWER,,Noida,Pal Electrical Works
3140475050,2026-05-23 10:33:10,119975921,70382549,Enquiry for Manual Hand Molding Machine from Sapna Devi,"Machine Type: Hydraulic Molding Machine
Automation Grade: Manual
Probable Requirement Type: Business Use",33253.0,Manual Hand Molding Machine,,ASTBUY,0,,Palwal,Haryana,India,Sapan Metal Cast,,Noida,Pal Electrical Works
3145586329,2026-06-07 16:49:13,186680070,70382549,Enquiry for Manual Hand Molding Machine from Aspak,"Probable Requirement Type: Business Use
Clamping Force: 100 Ton
Condition: New
Shot Weight: 100 gm",33253.0,Manual Hand Molding Machine,,ASTBUY,0,,Faridabad,Haryana,India,Abbas Manufacturing,,Noida,Pal Electrical Works
3148718026,2026-06-16 14:48:57,58316595,70382549,Enquiry for On-Off Thermotech TIC 4000 TP Temperature Controller from Virender via IndiaMART,I am interested in On-Off Thermotech TIC 4000 TP Temperature Controller,1913.0,On-Off Thermotech TIC 4000 TP Temperature Controller,,DIR,0,,Kala Amb,Himachal Pradesh,India,Gnosis Pharmaceuticals Pvt. Ltd.,,Noida,Pal Electrical Works
3150112424,2026-06-20 12:59:31,144477327,70382549,Enquiry for On-Off Thermotech TIC 4000 TP Temperature Controller from Meharban via IndiaMART,I am interested in On-Off Thermotech TIC 4000 TP Temperature Controller,1913.0,On-Off Thermotech TIC 4000 TP Temperature Controller,,IMOB,0,,Roorkee,Uttarakhand,India,UK Technology And Servicing,,Noida,Pal Electrical Works
3154559479,2026-07-03 17:06:32,81083619,70382549,Enquiry for Thermotech TIC 4000 TP Temperature Controller from Arvind via IndiaMART,I am interested in Thermotech TIC 4000 TP Temperature Controller,1913.0,Thermotech TIC 4000 TP Temperature Controller,,IMOB,0,,Noida,Uttar Pradesh,India,,,Noida,Pal Electrical Works
3157911204,2026-07-13 17:03:39,136143364,70382549,Enquiry for Thermotech TIC 4000 TP Temperature Controller from Karn via IndiaMART,I am interested in Thermotech TIC 4000 TP Temperature Controller,1913.0,Thermotech TIC 4000 TP Temperature Controller,,IMOB,0,,,,India,,,Noida,Pal Electrical Works
3162604242,2026-07-27 12:20:47,51236821,70382549,Bra Cup Molding Machine Enquiry by Phone on 27-JUL-2026 at 11:50 AM,I am interested in Bra Cup Molding Machine,33253.0,Bra Cup Molding Machine,Bra Cup Molding Machine,PNSBLENQ,0,,New Delhi,Delhi,India,Craftx Inc,Director,Noida,Pal Electrical Works
3172646101,2026-08-24 15:41:48,30786179,70382549,"Enquiry for Mild Steel Bra Cup Moulding Machine, Capacity: 5 Kw 415v from Pratap via IndiaMART",,33253.0,"Mild Steel Bra Cup Moulding Machine, Capacity: 5 Kw 415v",,ANDWEB,0,,Bhadrak,Odisha,India,Lucky Fashion,Chief Executive Officer,Noida,Pal Electrical Works
3175738702,2026-09-02 19:33:56,30126585,70382549,Enquiry for Thermotech TIC 4000 TP Temperature Controller from Piyush via IndiaMART,I am interested in Thermotech TIC 4000 TP Temperature Controller,1913.0,Thermotech TIC 4000 TP Temperature Controller,,IMOB,0,,New Delhi,Delhi,India,SRZ International,Owner,Noida,Pal Electrical Works
3176450179,2026-09-04 21:06:42,274309813,70382549,Enquiry for Black Rubber Coupling from Arun via IndiaMART,I am interested in Black Rubber Coupling,8295.0,Black Rubber Coupling,,ANDWEB,0,,New Delhi,Delhi,India,,,Noida,Pal Electrical Works
3178603635,2026-09-11 13:24:51,87960835,70382549,Enquiry for Thermotech TIC 4000 TP Temperature Controller from Simpu via IndiaMART,I am interested in Thermotech TIC 4000 TP Temperature Controller,1913.0,Thermotech TIC 4000 TP Temperature Controller,,FCP,0,,New Delhi,Delhi,India,G.G.Sales Co.,,Noida,Pal Electrical Works
3140843875,2026-05-24 12:44:30,214589016,11574612,Enquiry for Outdoor Games from Bhagwat via IndiaMART,I am interested in Outdoor Games,69765.0,Outdoor Games,school playground equipment,ANDWEB,-3,2026-05-26 15:26:41,Barmer,Rajasthan,India,satyam associate,,Jodhpur,Game Craft
3153545851,2026-06-30 17:16:21,209779613,11574612,Enquiry for Gel Blaster Gun from Mayank,"Gun Type: Gel Blaster
Ammo Type: Gel Ball
Material: Plastic
Quantity: 10   Carton",116456.0,Gel Blaster Gun,,ASTBUY,-3,2026-07-01 10:03:02,Jodhpur,Rajasthan,India,Dropshipping,,Jodhpur,Game Craft
3153840715,2026-07-01 15:16:48,271154047,11574612,Enquiry for Bike Racing Super Bike 2 from Ganesh via IndiaMART,I am interested in Bike Racing Super Bike 2,72921.0,Bike Racing Super Bike 2,,IMOB,-3,2026-07-03 12:01:55,Anuppur,Madhya Pradesh,India,,,Jodhpur,Game Craft
3156511445,2026-07-09 15:15:28,3756513,11574612,"Enquiry for Deluxe Twin Car Racing Arcade Machine, 42 inch, 2 players from Saddam via IndiaMART","I am interested in Deluxe Twin Car Racing Arcade Machine, 42 inch, 2 players",29177.0,"Deluxe Twin Car Racing Arcade Machine, 42 inch, 2 players",racing arcade gaming machine car,IMOB,-3,2026-07-10 22:49:16,Pali,Rajasthan,India,Bharat Computers,Manager,Jodhpur,Game Craft
3160782228,2026-07-21 21:26:45,94320189,11574612,Enquiry for Double Seat VR Egg Simulator Machine from Sanjay via IndiaMART,I am interested in Double Seat VR Egg Simulator Machine,445071.0,Double Seat VR Egg Simulator Machine,vr egg chair,IMOB,-3,2026-07-21 23:45:30,Delhi,Delhi,India,groom hair ayurveda,,Jodhpur,Game Craft
3161033550,2026-07-22 16:32:35,251088006,11574612,Business Enquiry from Cell via IndiaMART,I am interested in your product,4769.0,,,MDC,-3,2026-07-22 19:24:45,New Delhi,Delhi,India,,,Jodhpur,Game Craft
3163829636,2026-07-30 16:00:44,233473983,11574612,Enquiry for Pink Love Claw Crane Machine from RASHMI via IndiaMART,I am interested in Pink Love Claw Crane Machine,445068.0,Pink Love Claw Crane Machine,,MDC,0,,Delhi,Delhi,India,Mystery Room,,Jodhpur,Game Craft
3164234165,2026-07-31 17:31:54,99788295,11574612,Enquiry for Free Luck Prize Redemption Machine from Basu via IndiaMART,I am interested in Free Luck Prize Redemption Machine,50428.0,Free Luck Prize Redemption Machine,,IMOB,-3,2026-08-01 12:35:33,Asind,Rajasthan,India,,,Jodhpur,Game Craft
3164883163,2026-08-02 17:00:24,72355136,11574612,Enquiry for Crazy Clown Redemption Arcade Machine from Sushil via IndiaMART,I am interested in Crazy Clown Redemption Arcade Machine,50428.0,Crazy Clown Redemption Arcade Machine,,MDC,-2,2026-08-02 21:40:20,Indore,Madhya Pradesh,India,Rudra Enterprises,,Jodhpur,Game Craft
3169663390,2026-08-15 23:24:49,154046664,11574612,Enquiry for Hovercraft Kiddie Ride Machine from Shadab via IndiaMART,I am interested in Hovercraft Kiddie Ride Machine,31301.0,Hovercraft Kiddie Ride Machine,,IMOB,-3,2026-08-20 16:55:26,Neral,Maharashtra,India,tiwale bike service,,Jodhpur,Game Craft
3169672426,2026-08-16 00:13:30,154046664,11574612,Enquiry for Hovercraft Kiddie Ride Machine from Shadab via IndiaMART,I am interested in Hovercraft Kiddie Ride Machine,31301.0,Hovercraft Kiddie Ride Machine,,IMOB,-3,2026-08-20 16:55:26,Neral,Maharashtra,India,tiwale bike service,,Jodhpur,Game Craft
3171351454,2026-08-20 16:42:04,102273401,11574612,Enquiry for Hoop Dreams Basketball Arcade Machine from Daphrang via IndiaMART,I am interested in Hoop Dreams Basketball Arcade Machine,177824.0,Hoop Dreams Basketball Arcade Machine,,PRODDTL,-3,2026-08-20 16:51:44,Shillong,Meghalaya,India,Shakania Enterprises,,Jodhpur,Game Craft
3172807369,2026-08-25 02:12:07,225327432,11574612,Enquiry for Happy Moment Claw Crane Machine from Prabhat via IndiaMART,I am interested in Happy Moment Claw Crane Machine,445068.0,Happy Moment Claw Crane Machine,,PRODDTL,-3,2026-08-31 18:15:09,Bareilly,Uttar Pradesh,India,,,Jodhpur,Game Craft
3173386252,2026-08-26 21:23:04,273487225,11574612,Enquiry for Crazy Clown Redemption Arcade Machine from SAURABH via IndiaMART,I am interested in Crazy Clown Redemption Arcade Machine,50428.0,Crazy Clown Redemption Arcade Machine,,ANDWEB,-3,2026-08-31 18:14:43,Kanpur,Uttar Pradesh,India,,,Jodhpur,Game Craft
3179441658,2026-09-14 06:50:27,274709825,11574612,Enquiry for Claw Machine Toy Catcher Machine from Anilaxmi Love Dev,"Probable Requirement Type: Business Use
Operation Mode: Coin Operated",445068.0,Claw Machine Toy Catcher Machine,,ASTBUY,-3,2026-09-15 15:11:16,Jodhpur,Rajasthan,India,,,Jodhpur,Game Craft
3179492333,2026-09-14 11:06:25,274714256,11574612,Enquiry for Happy Moment Claw Crane Machine from Sam via IndiaMART,Prize Type: Soft Toys Claw Type: 3 Prong Lighting: LED Strip Brand Name: HAPPY MOMENT,445068.0,Happy Moment Claw Crane Machine,,ANDWEB,-3,2026-09-15 15:06:16,Hyderabad,Telangana,India,,,Jodhpur,Game Craft
3179492514,2026-09-14 11:07:17,274714256,11574612,Enquiry for Happy Moment Claw Crane Machine from Sam via IndiaMART,I am interested in Happy Moment Claw Crane Machine,445068.0,Happy Moment Claw Crane Machine,,ANDWEB,-3,2026-09-15 15:06:16,Hyderabad,Telangana,India,,,Jodhpur,Game Craft
3180856863,2026-09-18 12:34:43,274876160,11574612,"Export Enquiry for Jurassic Park Gun Shooting Arcade Machine from Oscar, China (Hong Kong S.A.R.) via IndiaMART",I am interested in Jurassic Park Gun Shooting Arcade Machine,4769.0,Jurassic Park Gun Shooting Arcade Machine,,IMOB,-2,2026-09-18 12:42:25,,,China (Hong Kong S.A.R.),,,Jodhpur,Game Craft
3176851986,2026-09-06 09:51:12,274367408,64004566,Enquiry for Ladies Knitted Woolen Cardigan via IndiaMART,I am interested in Ladies Knitted Woolen Cardigan,220291.0,Ladies Knitted Woolen Cardigan,,IOSWEB,-3,2026-09-18 16:04:17,,,Kazakhstan,,,Ludhiana,S.H. Baweja Knitwears
3177839927,2026-09-09 09:47:29,242560603,64004566,Enquiry for Cardigan Sweater from Keshav Chopra,Buyer Filled Details:   Jyoti by Sarthak knitwear,24328.0,Cardigan Sweater,,ASTBUY,0,,Ludhiana,Punjab,India,,,Ludhiana,S.H. Baweja Knitwears
3183353119,2026-09-25 17:50:44,189043395,64004566,Enquiry for Cashmelon Cardigan from Suresh,"Probable Requirement Type: Business Use
Quantity: 240   Piece
Fabric: Cashmelon
Buyer Filled Details: Buyer is interested in 8-single item, specifically mentioning 8K Jagdish Chaudhary as a manufacturer.
Probable Order Value: Rs. 1 to 2 Lakh",24328.0,Cashmelon Cardigan,,ASTBUY,0,,Ludhiana,Punjab,India,,,Ludhiana,S.H. Baweja Knitwears
3183545315,2026-09-26 11:52:55,205231605,64004566,Enquiry for Stylish Ladies Cardigan Sweater. from Lachhman Singh,"Quantity:   500   Piece
 Why do you need this:   Business Use
 Probable Order Value:   Rs. 2 - 2.8 Lakh",10593.0,Stylish Ladies Cardigan Sweater.,,ASTBUY,-3,2026-09-26 11:53:13,Ludhiana,Punjab,India,L.S Knitwear,,Ludhiana,S.H. Baweja Knitwears
3183585710,2026-09-26 13:27:10,78991457,64004566,Enquiry for Ladies V Neck Woolen Cardigan from Bhupinder Singh,Why do you need this: Business Use,220291.0,Ladies V Neck Woolen Cardigan,,ASTBUY,0,,Ludhiana,Punjab,India,Saini Hosiery And Machinery Works,Owner,Ludhiana,S.H. Baweja Knitwears
3125254178,2026-04-08 15:25:42,15059457,78653648,"Enquiry for Proximity Sensor, Read Switch SMT-8M-A-PS-24V-E-2,5-OE 574335 from Dheeraj via IndiaMART","I am interested in Proximity Sensor, Read Switch SMT-8M-A-PS-24V-E-2,5-OE 574335",18364.0,"Proximity Sensor, Read Switch SMT-8M-A-PS-24V-E-2,5-OE 574335",,ANDWEB,-3,2026-04-19 07:13:06,Bhiwadi,Rajasthan,India,Bajrang Enterprises,,Greater Noida,Kkaz Engineering Services
3126228336,2026-04-11 10:47:59,15755962,78653648,Enquiry for Takamisawa Relay NY24W-K from PRAVEEN via IndiaMART,I am interested in Takamisawa Relay NY24W-K,34752.0,Takamisawa Relay NY24W-K,,FCP,-3,2026-04-19 07:11:13,Jaipur,Rajasthan,India,Solution Point Automation Private Limited,Marketing Manager,Greater Noida,Kkaz Engineering Services
3126704800,2026-04-12 16:14:55,198185294,78653648,Enquiry for Hot Runner Nozzle Tip Insulator Cap MHT part no 122723 Drawing No 100561 from Satish via IndiaMART,I am interested in Hot Runner Nozzle Tip Insulator Cap MHT part no 122723 Drawing No 100561,188999.0,Hot Runner Nozzle Tip Insulator Cap MHT part no 122723 Drawing No 100561,,ANDWEB,-3,2026-04-13 11:16:45,Ahmedabad,Gujarat,India,Chamunda Engineers,CEO,Greater Noida,Kkaz Engineering Services
3126916041,2026-04-13 11:06:59,50588508,78653648,Enquiry for Hot Runner Nozzle Tip Insulator Cap MHT part no 122723 Drawing No 100561 from Gravit via IndiaMART,I am interested in Hot Runner Nozzle Tip Insulator Cap MHT part no 122723 Drawing No 100561,188999.0,Hot Runner Nozzle Tip Insulator Cap MHT part no 122723 Drawing No 100561,,IOSWEB,-3,2026-04-13 11:16:21,Saharanpur,Uttar Pradesh,India,Micro Tech Enterprises,Managing Director,Greater Noida,Kkaz Engineering Services
3127706169,2026-04-15 12:36:48,406474,78653648,Enquiry for Pump Amplifier Card Rexroth Make VT 5041 30 13D from Harminder via IndiaMART,I am interested in Pump Amplifier Card Rexroth Make VT 5041 30 13D,85121.0,Pump Amplifier Card Rexroth Make VT 5041 30 13D,,PRODDTL,-3,2026-04-19 07:10:09,Faridabad,Haryana,India,Harris Powertronics And Automation,Proprietor,Greater Noida,Kkaz Engineering Services
3127736410,2026-04-15 13:44:17,130715808,78653648,Enquiry for Parker PCD00A-400 from Jeetu via IndiaMART,I am interested in Parker PCD00A-400,187165.0,Parker PCD00A-400,,IMOB,-3,2026-04-15 13:44:38,Greater Noida,Uttar Pradesh,India,jitu,,Greater Noida,Kkaz Engineering Services
3128359539,2026-04-17 08:19:51,228601433,78653648,Enquiry for Hot Runner Nozzle Tip Insulator Cap MHT part no 122723 Drawing No 100561 from SANJIV via IndiaMART,MHT,188999.0,Hot Runner Nozzle Tip Insulator Cap MHT part no 122723 Drawing No 100561,,PRODDTL,-3,2026-04-19 07:09:55,Vapi,Gujarat,India,DREAM ENGINEERING,,Greater Noida,Kkaz Engineering Services
3128489948,2026-04-17 13:59:44,257572780,78653648,"Enquiry for Water Flow Regulator WFR, Water Battery, Injection molding industry from Prasanna via IndiaMART","I am interested in Water Flow Regulator WFR, Water Battery, Injection molding industry",-1.0,"Water Flow Regulator WFR, Water Battery, Injection molding industry",,PRODDTL,-3,2026-04-19 07:08:54,Coimbatore,Tamil Nadu,India,,,Greater Noida,Kkaz Engineering Services
3129102974,2026-04-19 10:02:02,183747945,78653648,"Export Enquiry for Pneumatic Cylinder DSBC 80 25 PPVA N3 1383333 from Nader, Bangladesh via IndiaMART",I am interested in Pneumatic Cylinder DSBC 80 25 PPVA N3 1383333,185040.0,Pneumatic Cylinder DSBC 80 25 PPVA N3 1383333,,PRODDTL,-2,2026-04-19 20:57:08,,,Bangladesh,Autometica,,Greater Noida,Kkaz Engineering Services
3129831257,2026-04-21 12:41:28,19884160,78653648,"Enquiry for Oil HYDAC Flow Control Valve DRV-08-01.X/P/M/40/2019 A.P, For Industrial from Rajender via IndiaMART","I am interested in Oil HYDAC Flow Control Valve DRV-08-01.X/P/M/40/2019 A.P, For Industrial",78688.0,"Oil HYDAC Flow Control Valve DRV-08-01.X/P/M/40/2019 A.P, For Industrial",,DIR,0,,New Delhi,Delhi,India,Next Tech Cnc Pvt Limited,Director,Greater Noida,Kkaz Engineering Services
3130206328,2026-04-22 12:58:04,251831361,78653648,"Enquiry for Water Flow Regulator WFR, Water Battery, Injection molding industry from Comapct via IndiaMART",,-1.0,"Water Flow Regulator WFR, Water Battery, Injection molding industry",,PRODDTL,0,,Haridwar,Uttarakhand,India,,,Greater Noida,Kkaz Engineering Services
3133295991,2026-05-01 14:03:56,79512517,78653648,"Enquiry for Water Flow Regulator WFR, Water Battery, Injection molding industry from ARAVINDHAN.R via IndiaMART","Water flow monitor,regulator and temperature indicator",,"Water Flow Regulator WFR, Water Battery, Injection molding industry",,IMOB,0,,Chennai,Tamil Nadu,India,,,Greater Noida,Kkaz Engineering Services
3134280914,2026-05-04 16:31:00,246383397,78653648,Enquiry for Hot Runner Nozzle Tip Insulator Cap MHT part no 122723 Drawing No 100561 from KARTIK via IndiaMART,I am interested in Hot Runner Nozzle Tip Insulator Cap MHT part no 122723 Drawing No 100561,188999.0,Hot Runner Nozzle Tip Insulator Cap MHT part no 122723 Drawing No 100561,,PRODDTL,0,,Pune,Maharashtra,India,TECINPET SOLUTION PVT LTD GANESH NAGAR INDUSTRIAL AREA SASWAD ROAD PUNE,,Greater Noida,Kkaz Engineering Services
3135331504,2026-05-07 19:03:46,101855496,78653648,Enquiry for Hydac Make Pressure Switch EDS-8446-1-400-013 from Prem via IndiaMART,I am interested in Hydac Make Pressure Switch EDS-8446-1-400-013,29673.0,Hydac Make Pressure Switch EDS-8446-1-400-013,,PRODDTL,0,,Silvassa,Dadra and Nagar Haveli and Daman and Diu,India,Supreme Corporation,CEO,Greater Noida,Kkaz Engineering Services
3135588143,2026-05-08 15:52:27,117581317,78653648,Enquiry for Flow Sensor  SC 440/1-A4-GSP from Sam via IndiaMART,I am interested in Flow Sensor  SC 440/1-A4-GSP,32216.0,Flow Sensor  SC 440/1-A4-GSP,,ANDWEB,0,,Haldia,West Bengal,India,Indian Coast Guard,,Greater Noida,Kkaz Engineering Services
3136222640,2026-05-10 17:34:33,86051038,78653648,Enquiry for Flow Sensor  SC 440/1-A4-GSP from Mr. via IndiaMART,I am interested in Flow Sensor  SC 440/1-A4-GSP,32216.0,Flow Sensor  SC 440/1-A4-GSP,,IMOB,0,,Visakhapatnam,Andhra Pradesh,India,Pretec Underground Private Limited,,Greater Noida,Kkaz Engineering Services
3136394458,2026-05-11 11:37:42,74188100,78653648,Enquiry for Parker PCD00A-400 from Aditya via IndiaMART,I am interested in Parker PCD00A-400,187165.0,Parker PCD00A-400,,PRODDTL,0,,Aurangabad,Maharashtra,India,Shreerang Electromech,Owner,Greater Noida,Kkaz Engineering Services
3137054416,2026-05-13 10:30:03,252929154,78653648,"Export Enquiry for Limit Switch Bernstein ENK-SU1Z AHS-V from SUBROTO, Bangladesh via IndiaMART",I am interested in Limit Switch Bernstein ENK-SU1Z AHS-V,180102.0,Limit Switch Bernstein ENK-SU1Z AHS-V,,ANDWEB,0,,,,Bangladesh,Real Time Automation and Iot,,Greater Noida,Kkaz Engineering Services
3137779470,2026-05-15 11:50:15,269012423,78653648,"Export Enquiry for Hot Runner Nozzle Tip Insulator Cap MHT part no 122723 Drawing No 100561 from Victor, Ecuador via IndiaMART",I am interested in Hot Runner Nozzle Tip Insulator Cap MHT part no 122723 Drawing No 100561,188999.0,Hot Runner Nozzle Tip Insulator Cap MHT part no 122723 Drawing No 100561,,IMOB,0,,,,Ecuador,,,Greater Noida,Kkaz Engineering Services
3139598949,2026-05-20 16:23:07,74188100,78653648,Enquiry for Parker PCD00A-400 from Aditya via IndiaMART,I am interested in Parker PCD00A-400,187165.0,Parker PCD00A-400,,FCP,0,,Aurangabad,Maharashtra,India,Shreerang Electromech,Owner,Greater Noida,Kkaz Engineering Services
3140551568,2026-05-23 13:41:54,161787779,78653648,Enquiry for Hydac Make Pressure Switch EDS-8446-1-400-013 from Mihir via IndiaMART,I am interested in Hydac Make Pressure Switch EDS-8446-1-400-013,29673.0,Hydac Make Pressure Switch EDS-8446-1-400-013,,PRODDTL,0,,Chennai,Tamil Nadu,India,Dilight Agency,,Greater Noida,Kkaz Engineering Services
3141205809,2026-05-25 15:09:26,406474,78653648,Enquiry for Pump Amplifier Card Rexroth Make VT 5041 30 13D from Harminder via IndiaMART,I am interested in Pump Amplifier Card Rexroth Make VT 5041 30 13D,85121.0,Pump Amplifier Card Rexroth Make VT 5041 30 13D,,PRODDTL,0,,Faridabad,Haryana,India,Harris Powertronics And Automation,Proprietor,Greater Noida,Kkaz Engineering Services
3141220938,2026-05-25 15:45:41,156979512,78653648,Enquiry for Pump Amplifier Card Rexroth Make VT 5041 30 13D from Aamir via IndiaMART,VT5041-3X,85121.0,Pump Amplifier Card Rexroth Make VT 5041 30 13D,,PRODDTL,0,,Bhavnagar,Gujarat,India,KGN Industrial Automation,Marketing Manager,Greater Noida,Kkaz Engineering Services
3141417796,2026-05-26 09:26:28,265951847,78653648,"Export Enquiry for HYDAC Flow Control Valve DRV-08-01.X/P/M/40/2019 A.P from Maya, USA via IndiaMART","Maya Zahir, DRV-12-01 X/P/M",78688.0,HYDAC Flow Control Valve DRV-08-01.X/P/M/40/2019 A.P,,PRODDTL,0,,,,United States Of America,,,Greater Noida,Kkaz Engineering Services
3142693000,2026-05-29 19:06:16,235768166,78653648,Enquiry for Takamisawa Relay NY24W-K via IndiaMART,I am interested in Takamisawa Relay NY24W-K,34752.0,Takamisawa Relay NY24W-K,,DIR,0,,,,India,,,Greater Noida,Kkaz Engineering Services
3145093061,2026-06-06 08:55:57,30527858,78653648,"Enquiry for Water Flow Regulator WFR, Water Battery, Injection molding industry from YOGESH via IndiaMART","I am interested in Water Flow Regulator WFR, Water Battery, Injection molding industry",28622.0,"Water Flow Regulator WFR, Water Battery, Injection molding industry",,IMOB,0,,Sangli,Maharashtra,India,Mahakal irrigation,Jai mahakal,Greater Noida,Kkaz Engineering Services
3146426175,2026-06-09 23:22:11,36596713,78653648,Enquiry for Hydac Make Pressure Switch EDS-8446-1-400-013 from Aniruddh via IndiaMART,I am interested in Hydac Make Pressure Switch EDS-8446-1-400-013,29673.0,Hydac Make Pressure Switch EDS-8446-1-400-013,,IMOB,0,,Rajkot,Gujarat,India,A.B.Engineering,Owner,Greater Noida,Kkaz Engineering Services
3146433236,2026-06-10 00:04:14,36596713,78653648,Enquiry for Hydac Make Pressure Switch EDS-8446-1-400-013 from Aniruddh via IndiaMART,I am interested in Hydac Make Pressure Switch EDS-8446-1-400-013,29673.0,Hydac Make Pressure Switch EDS-8446-1-400-013,,IMOB,0,,Rajkot,Gujarat,India,A.B.Engineering,Owner,Greater Noida,Kkaz Engineering Services
3146918119,2026-06-11 12:21:16,58641738,78653648,"Enquiry for Accumulator Bladder , SB 330-50 A1 from Sneha via IndiaMART","I am interested in Accumulator Bladder , SB 330-50 A1",23451.0,"Accumulator Bladder , SB 330-50 A1",,IMOB,0,,Anpara,Uttar Pradesh,India,R.R Electrical And Engineering,Owner,Greater Noida,Kkaz Engineering Services
3149376275,2026-06-18 11:48:56,32237678,78653648,Enquiry for Baumer Encoder ITD 40 A 4 Y153 1024 T NI H33SK12 S 25 from Selva via IndiaMART,I am interested in Baumer Encoder ITD 40 A 4 Y153 1024 T NI H33SK12 S 25,192406.0,Baumer Encoder ITD 40 A 4 Y153 1024 T NI H33SK12 S 25,,IMOB,0,,Tiruppur,Tamil Nadu,India,Bmw,,Greater Noida,Kkaz Engineering Services
3149893286,2026-06-19 18:02:29,153827318,78653648,Enquiry for Hydac Preasure Switch EDS 8446-1-0100 from Hardik via IndiaMART,I am interested in Hydac Preasure Switch EDS 8446-1-0100,1683.0,Hydac Preasure Switch EDS 8446-1-0100,,ANDWEB,0,,Vadodara,Gujarat,India,Shyam Enterprise,CEO,Greater Noida,Kkaz Engineering Services
3151383583,2026-06-24 11:00:48,269386844,78653648,Electronic Modules Enquiry by Phone on 24-JUN-2026 at 10:31 AM,I am interested in Electronic Modules,27642.0,Electronic Modules,Electronic Modules,PNSBLENQ,0,,Ludhiana,Punjab,India,,,Greater Noida,Kkaz Engineering Services
3152157389,2026-06-26 13:50:49,131389510,78653648,Enquiry for Pneumatic Cylinder DSBC 80 25 PPVA N3 1383333 from Mahesh via IndiaMART,I am interested in Pneumatic Cylinder DSBC 80 25 PPVA N3 1383333,185040.0,Pneumatic Cylinder DSBC 80 25 PPVA N3 1383333,,IMOB,0,,Ghaziabad,Uttar Pradesh,India,Begud Beverages Private Limited,,Greater Noida,Kkaz Engineering Services
3152838784,2026-06-28 15:36:55,72654842,78653648,Enquiry for Limit Switch Bernstein ENK-SU1Z AHS-V from Manikanta via IndiaMART,[email],180102.0,Limit Switch Bernstein ENK-SU1Z AHS-V,,PRODDTL,0,,Rangareddy,Telangana,India,Huhtamaki,,Greater Noida,Kkaz Engineering Services
3153114057,2026-06-29 13:50:21,49888453,78653648,Baumer Position Sensor Enquiry by Phone on 29-JUN-2026 at 01:26 PM,I am interested in Baumer Position Sensor,192406.0,Baumer Position Sensor,Baumer Position Sensor,PNSBLENQ,0,,Noida,Uttar Pradesh,India,SS Print,Owner,Greater Noida,Kkaz Engineering Services
3153802051,2026-07-01 13:39:22,85319885,78653648,Enquiry for Rexroth Amplifier Board VT-VRPA 1-527-20/V0/2/2V-  KM 0812558 MRN [phone] from Praja via IndiaMART,I am interested in Rexroth Amplifier Board VT-VRPA 1-527-20/V0/2/2V-  KM 0812558 MRN [phone],34737.0,Rexroth Amplifier Board VT-VRPA 1-527-20/V0/2/2V-  KM 0812558 MRN 0811405076,,PRODDTL,-3,2026-07-01 13:43:08,Bengaluru,Karnataka,India,Advanced Micro Services Pvt. Ltd.,Business Head,Greater Noida,Kkaz Engineering Services
3153862592,2026-07-01 16:10:18,44894607,78653648,BUS005F Ultrasonic Sensor Bus M30m1-ppx-07/035-s92k Enquiry by Phone on 01-JUL-2026 at 03:45 PM,Buyer Searched for balluff bus m30 m1 xc 340-s92k<br><br>,40486.0,BUS005F Ultrasonic Sensor Bus M30m1-ppx-07/035-s92k,BUS005F Ultrasonic Sensor Bus M30m1-ppx-07/035-s92k,PNSBLENQ,0,,Kathua,Jammu & Kashmir,India,CHIRIPAL POLYFILM LTD.,,Greater Noida,Kkaz Engineering Services
3153905081,2026-07-01 18:02:44,5464334,78653648,Enquiry for BUS005F Ultrasonic Sensor BUS M30M1-PPX-07/035-S92K from Arun via IndiaMART,I am interested in BUS005F Ultrasonic Sensor BUS M30M1-PPX-07/035-S92K,40486.0,BUS005F Ultrasonic Sensor BUS M30M1-PPX-07/035-S92K,,PRODDTL,0,,Ludhiana,Punjab,India,Aryan Automation Inc,CEO,Greater Noida,Kkaz Engineering Services
3154561218,2026-07-03 17:10:23,46278080,78653648,Enquiry for Pump Amplifier Card Rexroth Make VT 5041 30 13D from Mohomad via IndiaMART,I am interested in Pump Amplifier Card Rexroth Make VT 5041 30 13D,85121.0,Pump Amplifier Card Rexroth Make VT 5041 30 13D,,PRODDTL,0,,Noida,Uttar Pradesh,India,Bonny Baby Care Pvt Ltd,,Greater Noida,Kkaz Engineering Services
3154942458,2026-07-04 20:00:23,250489020,78653648,Enquiry for HYDAC Flow Control Valve DRV-08-01.X/P/M/40/2019 A.P from Kesavamatham via IndiaMART,"I am interested in Oil HYDAC Flow Control Valve DRV-08-01.X/P/M/40/2019 A.P, For Industrial",78688.0,HYDAC Flow Control Valve DRV-08-01.X/P/M/40/2019 A.P,,PRODDTL,-3,2026-07-08 07:16:28,Visakhapatnam,Andhra Pradesh,India,IMR ENGINEERING SERVICES OPC PVT LTD,,Greater Noida,Kkaz Engineering Services
3155447745,2026-07-06 14:49:39,3572058,78653648,Enquiry for Hot Runner Nozzle Tip Insulator Cap MHT part no 122723 Drawing No 100561 from Jigar via IndiaMART,I am interested in Hot Runner Nozzle Tip Insulator Cap MHT part no 122723 Drawing No 100561,29562.0,Hot Runner Nozzle Tip Insulator Cap MHT part no 122723 Drawing No 100561,,IMOB,-3,2026-07-08 07:16:13,Ahmedabad,Gujarat,India,Patson Plast,Owner,Greater Noida,Kkaz Engineering Services
3157496584,2026-07-12 13:25:49,28117709,78653648,Enquiry for Limit Switch Bernstein ENK-SU1Z AHS-V from Janh via IndiaMART,"I am interested in 240 VAC Limit Switch Bernstein ENK-SU1Z AHS-V, For Assembly Machines",180102.0,Limit Switch Bernstein ENK-SU1Z AHS-V,,PRODDTL,0,,Bhubaneswar,Odisha,India,Janh &Saar Services LLP,,Greater Noida,Kkaz Engineering Services
3158917959,2026-07-16 13:45:26,257449717,78653648,Enquiry for Pump Amplifier Card Rexroth Make VT 5041 30 13D from Arinjay via IndiaMART,I am interested in Pump Amplifier Card Rexroth Make VT 5041 30 13D,85121.0,Pump Amplifier Card Rexroth Make VT 5041 30 13D,,PRODDTL,0,,Delhi,Delhi,India,,,Greater Noida,Kkaz Engineering Services
3159708799,2026-07-18 17:33:16,271979873,78653648,"Export Enquiry for Hot Runner Nozzle Tip Insulator Cap MHT part no 122723 Drawing No 100561 from Sahara, UAE via IndiaMART",I am interested in Hot Runner Nozzle Tip Insulator Cap MHT part no 122723 Drawing No 100561,29562.0,Hot Runner Nozzle Tip Insulator Cap MHT part no 122723 Drawing No 100561,,PRODDTL,0,,,,United Arab Emirates,,,Greater Noida,Kkaz Engineering Services
3159902038,2026-07-19 11:39:41,271979873,78653648,"Export Enquiry for Hot Runner Nozzle Tip Insulator Cap MHT part no 122723 Drawing No 100561 from Anish, UAE via IndiaMART",I am interested in Hot Runner Nozzle Tip Insulator Cap MHT part no 122723 Drawing No 100561,29562.0,Hot Runner Nozzle Tip Insulator Cap MHT part no 122723 Drawing No 100561,,IMOB,0,,,,United Arab Emirates,,,Greater Noida,Kkaz Engineering Services
3160260673,2026-07-20 14:04:31,266280553,78653648,"Export Enquiry for Hydac Preasure Switch EDS 8446-1-0100 from Tatsiana, Belarus via IndiaMART",,1683.0,Hydac Preasure Switch EDS 8446-1-0100,,PRODDTL,0,,,,Belarus,,,Greater Noida,Kkaz Engineering Services
3160571104,2026-07-21 12:25:02,72401395,78653648,Enquiry for Limit Switch Bernstein ENK-SU1Z AHS-V from Raj via IndiaMART,Buyer Searched for BERNSTEIN & ENK-SU1Z AHS-V,180102.0,Limit Switch Bernstein ENK-SU1Z AHS-V,,PRODDTL,0,,Gurugram,Haryana,India,Arv Alliance Corporation,Owner,Greater Noida,Kkaz Engineering Services
3160680750,2026-07-21 16:40:25,200253243,78653648,Takamisawa Relay Ny24w-k Enquiry by Phone on 21-JUL-2026 at 04:13 PM,I am interested in Takamisawa Relay Ny24w-k,34752.0,Takamisawa Relay Ny24w-k,Takamisawa Relay Ny24w-k,PNSBLENQ,0,,Faridabad,Haryana,India,Vanstech Machines,CEO,Greater Noida,Kkaz Engineering Services
3161629248,2026-07-24 12:38:50,7963664,78653648,Enquiry for Hot Runner Nozzle Tip Insulator Cap MHT part no 122723 Drawing No 100561 from Raghavendra via IndiaMART,I am interested in Hot Runner Nozzle Tip Insulator Cap MHT part no 122723 Drawing No 100561,29562.0,Hot Runner Nozzle Tip Insulator Cap MHT part no 122723 Drawing No 100561,,ANDROID,-3,2026-08-01 14:00:43,Mysuru,Karnataka,India,Everest Polymers,PATNER,Greater Noida,Kkaz Engineering Services
3162756965,2026-07-27 18:10:56,255361326,78653648,"Enquiry for Oil HYDAC Flow Control Valve DRV-08-01.X/P/M/40/2019 A.P, For Industrial from Tushar via IndiaMART","I am interested in Oil HYDAC Flow Control Valve DRV-08-01.X/P/M/40/2019 A.P, For Industrial",78688.0,"Oil HYDAC Flow Control Valve DRV-08-01.X/P/M/40/2019 A.P, For Industrial",,DIR,0,,Noida,Uttar Pradesh,India,value proc solutions,,Greater Noida,Kkaz Engineering Services
3163310217,2026-07-29 10:10:06,92082427,78653648,Enquiry for Parker PCD00A-400 from Ajith via IndiaMART,I am interested in Parker PCD00A-400,187165.0,Parker PCD00A-400,,PRODDTL,-2,2026-07-30 06:06:17,Hosur,Tamil Nadu,India,AD Industrial Static Supplies,,Greater Noida,Kkaz Engineering Services
3163428352,2026-07-29 14:46:09,263032365,78653648,Enquiry for Rexroth Amplifier Board VT-VRPA 1-527-20/V0/2/2V-  KM 0812558 MRN [phone] from Gulista via IndiaMART,I am interested in Rexroth Amplifier Board VT-VRPA 1-527-20/V0/2/2V-  KM 0812558 MRN [phone],34737.0,Rexroth Amplifier Board VT-VRPA 1-527-20/V0/2/2V-  KM 0812558 MRN 0811405076,,PRODDTL,0,,New Delhi,Delhi,India,RQ GLOBAL,,Greater Noida,Kkaz Engineering Services
3163633991,2026-07-30 05:29:39,272499276,78653648,"Export Enquiry for Rexroth Amplifier Board VT-VRPA 1-527-20/V0/2/2V-  KM 0812558 MRN [phone] from Shawkyalhakim, Kuwait via IndiaMART",I am interested in Rexroth Amplifier Board VT-VRPA 1-527-20/V0/2/2V-  KM 0812558 MRN [phone],34737.0,Rexroth Amplifier Board VT-VRPA 1-527-20/V0/2/2V-  KM 0812558 MRN 0811405076,,IMOB,-3,2026-07-30 12:51:40,,,Kuwait,,,Greater Noida,Kkaz Engineering Services
3165206294,2026-08-03 16:10:15,118375998,78653648,Hot Runners Enquiry by Phone on 03-AUG-2026 at 03:46 PM,Buyer Searched for Hot Runner System<br><br>,29562.0,Hot Runners,Hot Runners,PNSBLENQ,0,,Nashik,Maharashtra,India,Vot Enterprises,Owner,Greater Noida,Kkaz Engineering Services
3167692788,2026-08-10 13:35:57,270683537,78653648,Enquiry for Hot Runner Nozzle Tip Insulator Cap MHT part no 122723 Drawing No 100561 from Kevin via IndiaMART,I am interested in Hot Runner Nozzle Tip Insulator Cap MHT part no 122723 Drawing No 100561,29562.0,Hot Runner Nozzle Tip Insulator Cap MHT part no 122723 Drawing No 100561,,PRODDTL,0,,Ahmedabad,Gujarat,India,Divy trading,,Greater Noida,Kkaz Engineering Services
3167741593,2026-08-10 15:26:29,16300700,78653648,Enquiry for Limit Switch Bernstein ENK-SU1Z AHS-V from Jagadish via IndiaMART,I am interested in Limit Switch Bernstein ENK-SU1Z AHS-V,180102.0,Limit Switch Bernstein ENK-SU1Z AHS-V,,MY,0,,Chennai,Tamil Nadu,India,Synergy Soluzens,Admin,Greater Noida,Kkaz Engineering Services
3167751629,2026-08-10 15:49:52,16300700,78653648,"Enquiry for 240 VAC Limit Switch Bernstein ENK-SU1Z AHS-V, For Assembly Machines from Jagadish via IndiaMART","enk-su1z ahs-v, BOTH Lever Type & Plunger type required
Qty - Each 10 Nos",180102.0,"240 VAC Limit Switch Bernstein ENK-SU1Z AHS-V, For Assembly Machines",,DIR,0,,Chennai,Tamil Nadu,India,Synergy Soluzens,Admin,Greater Noida,Kkaz Engineering Services
3168246326,2026-08-11 20:41:36,23341611,78653648,Enquiry for Rexroth Amplifier Board VT-VRPA 1-527-20/V0/2/2V-  KM 0812558 MRN [phone] from DHARMENDRA via IndiaMART,I am interested in Rexroth Amplifier Board VT-VRPA 1-527-20/V0/2/2V-  KM 0812558 MRN [phone],34737.0,Rexroth Amplifier Board VT-VRPA 1-527-20/V0/2/2V-  KM 0812558 MRN 0811405076,,IMOB,0,,Silvassa,Dadra and Nagar Haveli and Daman and Diu,India,Plastic Industry,,Greater Noida,Kkaz Engineering Services
3168414118,2026-08-12 12:12:09,267564022,78653648,Enquiry for Amplifier Card VT-VRPA-1-527-20/V0/PO-IS MRN [phone] from RAKESH via IndiaMART,I am interested in Amplifier Card VT-VRPA-1-527-20/V0/PO-IS MRN [phone],,Amplifier Card VT-VRPA-1-527-20/V0/PO-IS MRN 0811405064,,PRODDTL,-2,2026-08-13 06:44:20,Manesar,Haryana,India,,,Greater Noida,Kkaz Engineering Services
3168768110,2026-08-13 11:26:06,244300851,78653648,Enquiry for Limit Switch Bernstein ENK-SU1Z AHS-V from Prabhakaran via IndiaMART,I am interested in Limit Switch Bernstein ENK-SU1Z AHS-V,180102.0,Limit Switch Bernstein ENK-SU1Z AHS-V,,FCP,0,,Hyderabad,Telangana,India,Vijay Neha Polymers,,Greater Noida,Kkaz Engineering Services
3169269895,2026-08-14 17:01:32,6214653,78653648,Enquiry for Rexroth Amplifier Card VT-VRPA 1-537-10/v0/PV Pv60 MRN [phone] KM 812555 from CITIZEN via IndiaMART,I am interested in Rexroth Amplifier Card VT-VRPA 1-537-10/v0/PV Pv60 MRN [phone] KM 812555,69352.0,Rexroth Amplifier Card VT-VRPA 1-537-10/v0/PV Pv60 MRN 0811405097 KM 812555,,ANDWEB,0,,Bhavnagar,Gujarat,India,Citizen Marine,Proprietor,Greater Noida,Kkaz Engineering Services
3171336413,2026-08-20 16:06:30,19231563,78653648,Enquiry for Rexroth Amplifier Board VT-VRPA 1-527-20/V0/2/2V-  KM 0812558 MRN [phone] from SUNIL via IndiaMART,I am interested in Rexroth Amplifier Board VT-VRPA 1-527-20/V0/2/2V- KM 0812558 MRN,34737.0,Rexroth Amplifier Board VT-VRPA 1-527-20/V0/2/2V-  KM 0812558 MRN 0811405076,,PRODDTL,-3,2026-08-20 16:19:58,Noida,Uttar Pradesh,India,Shinefield Technologies,,Greater Noida,Kkaz Engineering Services
3172011461,2026-08-22 15:23:32,227745403,78653648,Enquiry for Hot Runner Nozzle Tip Insulator Cap MHT part no 122723 Drawing No 100561 from Sakthivel via IndiaMART,I am interested in Hot Runner Nozzle Tip Insulator Cap MHT part no 122723 Drawing No 100561,29562.0,Hot Runner Nozzle Tip Insulator Cap MHT part no 122723 Drawing No 100561,,IMOB,0,,Namakkal,Tamil Nadu,India,,,Greater Noida,Kkaz Engineering Services
3173296227,2026-08-26 17:09:51,235408869,78653648,Enquiry for Baumer Encoder ITD 40 A 4 Y153 1024 T NI H33SK12 S 25 from Prashant via IndiaMART,I am interested in Baumer Encoder ITD 40 A 4 Y153 1024 T NI H33SK12 S 25,192406.0,Baumer Encoder ITD 40 A 4 Y153 1024 T NI H33SK12 S 25,,PRODDTL,-3,2026-08-26 17:30:27,Meerut,Uttar Pradesh,India,Flexoney,OWNER,Greater Noida,Kkaz Engineering Services
3173471156,2026-08-27 04:06:26,235408869,78653648,Enquiry for Baumer Encoder ITD 40 A 4 Y153 1024 T NI H33SK12 S 25 from Prashant via IndiaMART,I am interested in Baumer Encoder ITD 40 A 4 Y153 1024 T NI H33SK12 S 25,192406.0,Baumer Encoder ITD 40 A 4 Y153 1024 T NI H33SK12 S 25,,PRODDTL,0,,Meerut,Uttar Pradesh,India,Flexoney,OWNER,Greater Noida,Kkaz Engineering Services
3173575027,2026-08-27 11:12:26,215241549,78653648,"Enquiry for Proximity Sensor, Read Switch SMT-8M-A-PS-24V-E-2,5-OE 574335 from Mayuri via IndiaMART","I am interested in Proximity Sensor, Read Switch SMT-8M-A-PS-24V-E-2,5-OE 574335",18364.0,"Proximity Sensor, Read Switch SMT-8M-A-PS-24V-E-2,5-OE 574335",,PRODDTL,0,,Ahmedabad,Gujarat,India,,,Greater Noida,Kkaz Engineering Services
3173687237,2026-08-27 15:37:18,245495331,78653648,Business Enquiry from Pooja via IndiaMART,I am interested in your product,18364.0,,,FCP,-3,2026-08-27 15:48:17,Bengaluru,Karnataka,India,Nishant Molding,,Greater Noida,Kkaz Engineering Services
3173864806,2026-08-28 00:21:07,235408869,78653648,Enquiry for Baumer Encoder ITD 40 A 4 Y153 1024 T NI H33SK12 S 25 from Prashant via IndiaMART,I am interested in Baumer Encoder ITD 40 A 4 Y153 1024 T NI H33SK12 S 25,192406.0,Baumer Encoder ITD 40 A 4 Y153 1024 T NI H33SK12 S 25,,PRODDTL,0,,Meerut,Uttar Pradesh,India,Flexoney,OWNER,Greater Noida,Kkaz Engineering Services
3173917507,2026-08-28 05:43:20,245495331,78653648,Business Enquiry from Pooja via IndiaMART,I am interested in your product,18364.0,,,FCP,0,,Bengaluru,Karnataka,India,Nishant Molding,,Greater Noida,Kkaz Engineering Services
3174939116,2026-08-31 15:53:12,256580254,78653648,"Enquiry for Proximity Sensor, Read Switch SMT-8M-A-PS-24V-E-2,5-OE 574335 from Ratnakar via IndiaMART","I am interested in Proximity Sensor, Read Switch SMT-8M-A-PS-24V-E-2,5-OE 574335",18364.0,"Proximity Sensor, Read Switch SMT-8M-A-PS-24V-E-2,5-OE 574335",,PRODDTL,0,,Hyderabad,Telangana,India,,,Greater Noida,Kkaz Engineering Services
3175315639,2026-09-01 16:43:54,252809691,78653648,"Enquiry for Seal Kit Hydac Accumulator NBR20/CK35, F.SB 330-50 A1/112M-330A from Hitesh via IndiaMART",SB330-32F1/112A1 Gasket Set,23451.0,"Seal Kit Hydac Accumulator NBR20/CK35, F.SB 330-50 A1/112M-330A",,PRODDTL,0,,Vadodara,Gujarat,India,Hardhan Engineers,Owner,Greater Noida,Kkaz Engineering Services
3176713316,2026-09-05 17:58:24,13836435,78653648,Enquiry for Hydac Preasure Switch EDS 8446-1-0100 from Dr via IndiaMART,I am interested in Hydac Preasure Switch EDS 8446-1-0100,1683.0,Hydac Preasure Switch EDS 8446-1-0100,,IMOB,-3,2026-09-05 18:04:40,Panvel,Maharashtra,India,Tarachand Logistic,,Greater Noida,Kkaz Engineering Services
3177946169,2026-09-09 14:09:41,32689561,78653648,Enquiry for Limit Switch Bernstein ENK-SU1Z AHS-V from BUDHRAM via IndiaMART,I am interested in Limit Switch Bernstein ENK-SU1Z AHS-V,180102.0,Limit Switch Bernstein ENK-SU1Z AHS-V,,PRODDTL,-3,2026-09-16 15:13:05,Ahmedabad,Gujarat,India,Mangaldeep Enterprise,Proprietor,Greater Noida,Kkaz Engineering Services
3179016854,2026-09-12 16:30:40,242754266,78653648,Enquiry for Hydac Make Pressure Switch EDS-8446-1-400-013 from Sourav via IndiaMART,I am interested in Hydac Make Pressure Switch EDS-8446-1-400-013,29673.0,Hydac Make Pressure Switch EDS-8446-1-400-013,,PRODDTL,0,,Bhiwadi,Rajasthan,India,Dynamic Control And Automation,,Greater Noida,Kkaz Engineering Services
3180243190,2026-09-16 15:02:14,32689561,78653648,Enquiry for Limit Switch Bernstein ENK-SU1Z AHS-V from BUDHRAM via IndiaMART,I am interested in Limit Switch Bernstein ENK-SU1Z AHS-V,180102.0,Limit Switch Bernstein ENK-SU1Z AHS-V,,PRODDTL,-3,2026-09-16 15:13:05,Ahmedabad,Gujarat,India,Mangaldeep Enterprise,Proprietor,Greater Noida,Kkaz Engineering Services
3181257648,2026-09-19 15:32:00,51829784,78653648,Enquiry for Balluff BUS005F Ultrasonic Sensor BUS M30M1-PPX-07/035-S92K from Ketan via IndiaMART,I am interested in Balluff BUS005F Ultrasonic Sensor BUS M30M1-PPX-07/035-S92K,40486.0,Balluff BUS005F Ultrasonic Sensor BUS M30M1-PPX-07/035-S92K,,IMOB,0,,Rajkot,Gujarat,India,Neo International,,Greater Noida,Kkaz Engineering Services
3181831488,2026-09-21 13:32:29,275101957,78653648,Enquiry for Hot Runner Nozzle Tip Insulator Cap MHT part no 122723 Drawing No 100561 from Rajnish via IndiaMART,I am interested in Hot Runner Nozzle Tip Insulator Cap MHT part no 122723 Drawing No 100561,29562.0,Hot Runner Nozzle Tip Insulator Cap MHT part no 122723 Drawing No 100561,,IMOB,-3,2026-09-21 13:35:40,Morbi,Gujarat,India,,,Greater Noida,Kkaz Engineering Services
3182154840,2026-09-22 12:20:24,161526243,78653648,Enquiry for Diffuse Sensor BOS0298 BOS R81K-PA-RD10-S4 from Jain via IndiaMART,BOS0298 (BOS R81K-PA-RD10-S4) Diffuse sensors,137598.0,Diffuse Sensor BOS0298 BOS R81K-PA-RD10-S4,,PRODDTL,0,,Aurangabad,Maharashtra,India,Jain Electro Services,,Greater Noida,Kkaz Engineering Services
3166376254,2026-08-06 17:20:18,125787358,125787358,Enquiry for Cotton Dress Materials from Gangouri via IndiaMART,I am interested in Cotton Dress Materials,3049.0,Cotton Dress Materials,,IMOB,-1,2026-08-06 17:20:18,Jaipur,Rajasthan,India,Gangouri Creation,,Jaipur,Gangouri Creation
3156949744,2026-07-10 18:36:20,215358903,103509296,Enquiry for Chacha Chaudhary Namkeen from Sarvesh via IndiaMART,I am interested in Chacha Chaudhary Namkeen,,Chacha Chaudhary Namkeen,,IMOB,-3,2026-09-25 14:12:57,Agra,Uttar Pradesh,India,Dev Kiryana  Store,,Agra,bhole traders
3170793178,2026-08-19 10:03:52,199357978,103509296,Enquiry for Potato Chips from RKUMAR via IndiaMART,I am interested in Potato Chips,7229.0,Potato Chips,,IMOB,0,,Ahmedabad,Gujarat,India,Mishkasales,,Agra,bhole traders
3174493812,2026-08-30 08:01:50,120479267,103509296,Enquiry for Chacha Chaudhary Namkeen from Jatin via IndiaMART,I am interested in Chacha Chaudhary Namkeen,42068.0,Chacha Chaudhary Namkeen,,IMOB,-3,2026-09-25 14:12:12,Vrindavan,Uttar Pradesh,India,,,Agra,bhole traders
3135465015,2026-05-08 10:32:37,265648939,49939718,Enquiry for False Ceiling Services from Mohammed via IndiaMART,I am interested in False Ceiling Services,56268.0,False Ceiling Services,,IMOB,-3,2026-05-08 10:33:45,Chennai,Tamil Nadu,India,,,Kalambur,Jayam Interior
3130072200,2026-04-22 00:12:00,226464001,108096179,Enquiry for Milling Machine Job Work from Subha via IndiaMART,I am interested in Milling Machine Job Work,56226.0,Milling Machine Job Work,,IMOB,0,,Howrah,West Bengal,India,,,Howrah,Anjily Majhi Engineering Works
3123501682,2026-04-03 17:08:06,226055151,58553032,Enquiry for Mercedes Benz GLS 400d 4MATIC Used Car from Gori via IndiaMART,I am interested in Mercedes Benz GLS 400d 4MATIC Used Car,205369.0,Mercedes Benz GLS 400d 4MATIC Used Car,,DIR,0,,Pune,Maharashtra,India,OS Overseas,,Pune,The Autocops
3125570133,2026-04-09 13:12:51,226055151,58553032,Enquiry for Mercedes Benz GLS 400d 4MATIC Used Car from Gori via IndiaMART,I am interested in Mercedes Benz GLS 400d 4MATIC Used Car,205369.0,Mercedes Benz GLS 400d 4MATIC Used Car,,DIR,0,,Pune,Maharashtra,India,OS Overseas,,Pune,The Autocops
3177171949,2026-09-07 11:02:26,85450501,79859904,Enquiry for Fixed Tower Crane Tc 6552 ( 10 Tons) from Vimal Prakash,"Model: TC 6552
Maximum Load Lifting Capacity: 10 Ton
Probable Requirement Type: Business Use",193708.0,Fixed Tower Crane Tc 6552 ( 10 Tons),,ASTBUY,-3,2026-09-07 11:02:40,Noida,Uttar Pradesh,India,Rama Civil Company.,,Noida,Jsk Enterprises
3182867175,2026-09-24 12:02:00,66093333,79859904,Enquiry for Rope Pulley from ANIKET Panchal,"Quantity: 30   piece
Probable Order Value: Rs. 20,000 to 50,000
Probable Requirement Type: Business Use",147326.0,Rope Pulley,,ASTBUY,-2,2026-09-24 12:02:42,New Delhi,Delhi,India,Aniket Enterprises,,Noida,Jsk Enterprises
3182968340,2026-09-24 16:00:42,275323642,79859904,Enquiry for ACE Tower Crane from Ok,"Model: Tc5060
Buyer Filled Details: 5ton
Probable Requirement Type: Business Use",193708.0,ACE Tower Crane,,ASTBUY,-3,2026-09-24 18:09:27,New Delhi,Delhi,India,,,Noida,Jsk Enterprises
3140061179,2026-05-21 22:35:06,208015428,29384871,Enquiry for Package Rope from Guddu via IndiaMART,I am interested in Package Rope,20794.0,Package Rope,,ANDWEB,-2,2026-05-23 14:10:34,Nagpur,Maharashtra,India,Guddu,,Nagpur,Ashish Enterprises
3159331814,2026-07-17 16:11:01,48363479,29384871,Enquiry for Bubble Roll from Spheric via IndiaMART,I am interested in Bubble Roll,85843.0,Bubble Roll,,DIR,0,,Nagpur,Maharashtra,India,Spheric Innovation,,Nagpur,Ashish Enterprises
3128609609,2026-04-17 19:00:17,543387,147028331,"Enquiry for Silver Round Brass Urli, For Decoration from Shishum via IndiaMART","I am interested in Silver Round Brass Urli, For Decoration",182742.0,"Silver Round Brass Urli, For Decoration",,IMOB,-2,2026-05-16 06:52:36,Indore,Madhya Pradesh,India,DY Chem Enterprises,Partner,Hathras,Bharat Handicraft
3136493278,2026-05-11 15:34:30,237172975,147028331,Enquiry for Brass arti from DEEPAK via IndiaMART,I am interested in Brass arti,123850.0,Brass arti,,IMOB,-3,2026-06-14 13:52:37,Berhampur,Odisha,India,,,Hathras,Bharat Handicraft
3148017043,2026-06-14 14:29:26,147028331,147028331,Enquiry for Brass Samai from Gulshan via IndiaMART,I am interested in Brass Samai,64957.0,Brass Samai,,IMOB,-1,2026-06-14 14:29:26,Hathras,Uttar Pradesh,India,Bharat Handicraft,Proprietor,Hathras,Bharat Handicraft
3180468094,2026-09-17 10:19:58,274869571,147028331,Enquiry for Brass Tulsi Pot from Kuntum via IndiaMART,I am interested in Brass Tulsi Pot,139616.0,Brass Tulsi Pot,,IMOB,0,,,,India,,,Hathras,Bharat Handicraft
3138323769,2026-05-16 21:05:49,146730278,138893458,Enquiry for Tractor Bumper from Brajesh via IndiaMART,I am interested in Tractor Bumper,162559.0,Tractor Bumper,,IMOB,-2,2026-05-16 21:18:02,Mathura,Uttar Pradesh,India,,,Mathura,Durga Auto Traders
3184963747,2026-09-30 12:13:50,205688552,187887068,Enquiry for Zippers from Saurabh via IndiaMART,I am interested in Zippers,875.0,Zippers,,ANDWEB,-2,2026-09-30 14:58:15,Jaipur,Rajasthan,India,Ramdut Impex,Owner,Surat,Ziptron Enterprise
3122559027,2026-04-01 09:11:36,245642043,146010610,Enquiry for Goods Carrier Transportation from Pooja Mishra,"Pickup City: Prayagraj
Drop City: Mumbai
Probable Requirement Type: Business Use",69543.0,Goods Carrier Transportation,,ASTBUY,-3,2026-04-01 09:11:44,Vasai Virar,Maharashtra,India,,,Prayagraj,KPR Tempo Services Packers And Movers
3123427044,2026-04-03 14:11:50,7061945,146010610,Enquiry for Transport Service from Rakesh Singh,"Drop City: Prayagraj
Material: household items
Buyer Filled Details: Buyer wants to transport household items from Ayodhya to Prayagraj.",42703.0,Transport Service,,ASTBUY,-3,2026-04-03 14:13:21,Ayodhya,Uttar Pradesh,India,manpower india servicespvt ltd,,Prayagraj,KPR Tempo Services Packers And Movers
3124817956,2026-04-07 13:25:26,78255951,146010610,Enquiry for Transportation Services for Commercial Goods from Praduman,"Any product

Weight: More than 18 Ton
Probable Requirement Type: Business Use
Pickup City: Prayagraj
Drop City: Kolkata",69543.0,Transportation Services for Commercial Goods,,ASTBUY,-3,2026-04-07 13:25:31,Prayagraj,Uttar Pradesh,India,,,Prayagraj,KPR Tempo Services Packers And Movers
3125226937,2026-04-08 14:20:15,54115408,146010610,Enquiry for Goods Transport Services from Vijay Gulati,"Pickup City: Prayagraj
Drop City: Koraput
Weight: More than 18 Ton
Buyer Filled Details: price details
Probable Requirement Type: Business Use",69543.0,Goods Transport Services,,ASTBUY,-3,2026-04-08 14:34:50,Prayagraj,Uttar Pradesh,India,Sethi Construction Co.,,Prayagraj,KPR Tempo Services Packers And Movers
3126249804,2026-04-11 11:39:57,13148047,146010610,Enquiry for Pickup Transport Service from Hansraj Verma,"Weight: 1 to 3 Ton
Buyer Filled Details: Buyer needs pickup service for empty water bottles and some tools.",42703.0,Pickup Transport Service,,ASTBUY,-3,2026-04-11 12:41:54,Prayagraj,Uttar Pradesh,India,Vaishali Catering Services,,Prayagraj,KPR Tempo Services Packers And Movers
3128244341,2026-04-16 19:11:03,223854909,146010610,Enquiry for Transportation Services from Prashant Mishra,"Buyer searched for transport services from Bokaro to Prayagraj

Weight: 1 to 3 Ton",42703.0,Transportation Services,,ASTBUY,-3,2026-04-16 19:40:26,Prayagraj,Uttar Pradesh,India,,,Prayagraj,KPR Tempo Services Packers And Movers
3128592250,2026-04-17 18:07:10,267761670,146010610,Enquiry for Transportation Service from AKHILESH,"Drop City: Allahabad
Material: Goods
Buyer Filled Details: Buyer needs to transport goods.",42703.0,Transportation Service,,ASTBUY,-3,2026-04-18 10:26:30,Alipur Duar,West Bengal,India,,,Prayagraj,KPR Tempo Services Packers And Movers
3129670736,2026-04-20 21:21:52,128315049,146010610,Enquiry for Sirsa to Bikaner Part Truck Load Transport from VKS Doors,"Additional Requirements: Courier Service
Probable Requirement Type: Business Use
Pickup City: Sirsa
Drop City: Bikaner
Weight: Upto 100 Kg
Material: Construction Material
Truck Type: Pickup/ace",172377.0,Sirsa to Bikaner Part Truck Load Transport,,ASTBUY,-3,2026-04-22 18:48:28,Sirsa,Haryana,India,Vishwakarma Steel Udyog,Owner,Prayagraj,KPR Tempo Services Packers And Movers
3130146436,2026-04-22 10:44:42,103296998,146010610,Enquiry for Part Truck Load Transportation Service from Surya Narayan,"Buyer searched for Part Truck Load transport service, door-to-door delivery from Agra to Prayagraj

Pickup City: Prayagraj
Drop City: All India
Probable Requirement Type: Business Use",172377.0,Part Truck Load Transportation Service,,ASTBUY,-3,2026-04-22 18:48:18,Mumbai,Maharashtra,India,Kedar  Steel,,Prayagraj,KPR Tempo Services Packers And Movers
3130573960,2026-04-23 13:07:06,37627978,146010610,Enquiry for Sirsa to Delhi Part Truck Load Transport from Abhay Bamniya,"Buyer Searched for hand tool

Weight: Upto 100 Kg
Probable Requirement Type: Business Use
Pickup City: Sirsa
Drop City: Delhi",172377.0,Sirsa to Delhi Part Truck Load Transport,,ASTBUY,-3,2026-04-23 13:21:42,Indore,Madhya Pradesh,India,Ultimate Electronics,Owner,Prayagraj,KPR Tempo Services Packers And Movers
3130807100,2026-04-24 06:18:17,141949335,146010610,Enquiry for Prayagraj to Prayagraj Part Truck Load Transport from Lavkush MAURYA,"Buyer Searched for Stainless Steel, Ice Cream & Wood

Material: Agriculture Products
Probable Requirement Type: Business Use
Pickup City: Prayagraj
Drop City: Prayagraj
Weight: 501 to 1000 Kg",172377.0,Prayagraj to Prayagraj Part Truck Load Transport,,ASTBUY,-3,2026-04-25 15:46:46,Prayagraj,Uttar Pradesh,India,,,Prayagraj,KPR Tempo Services Packers And Movers
3131595253,2026-04-26 13:56:09,198809880,146010610,Part Truck Load Transport Service,I am interested in Part Truck Load Transport Service of KPR Tempo Services Packers And Movers.,172377.0,,,IMLOGI,-3,2026-04-26 14:18:40,Kunda,Uttar Pradesh,India,S Sine Elevator & Lift,Proprietor,Prayagraj,KPR Tempo Services Packers And Movers
3134173960,2026-05-04 11:38:22,181586433,146010610,Enquiry for Local Transport Service from Saroj via IndiaMART,I am interested in Local Transport Service,171931.0,Local Transport Service,,ANDWEB,-3,2026-05-04 12:07:51,Prayagraj,Uttar Pradesh,India,Om Shanti Packers And Movers,,Prayagraj,KPR Tempo Services Packers And Movers
3134848962,2026-05-06 12:39:52,268615045,146010610,Enquiry for Sirsa to Rohtak Part Truck Load Transport from Shankar,"Pickup City: Sirsa
Drop City: Rohtak
Weight: Upto 100 Kg
Probable Requirement Type: Business Use",172377.0,Sirsa to Rohtak Part Truck Load Transport,,ASTBUY,-3,2026-05-06 14:58:16,Sirsa,Haryana,India,Fulton Electric pvt ltd,,Prayagraj,KPR Tempo Services Packers And Movers
3135481825,2026-05-08 11:19:32,94234557,146010610,Enquiry for Building Material Transport Services from NAGESHWAR SINGH,"Pickup City: Kabraai
Drop City: Prayagraj
Probable Requirement Type: Business Use",69543.0,Building Material Transport Services,,ASTBUY,-3,2026-05-08 11:26:10,Prayagraj,Uttar Pradesh,India,,,Prayagraj,KPR Tempo Services Packers And Movers
3136713411,2026-05-12 10:34:24,267331336,146010610,Enquiry for Part Truck Load Transport Service in Gobindgarh Punjab from SATYAM Yadav,"Pickup City: Allahabad
Drop City: Gobindgarh Punjab
Probable Requirement Type: Business Use",172377.0,Part Truck Load Transport Service in Gobindgarh Punjab,,ASTBUY,-3,2026-05-12 10:48:18,Handia,Uttar Pradesh,India,,,Prayagraj,KPR Tempo Services Packers And Movers
3137021385,2026-05-13 08:16:35,210994726,146010610,Enquiry for Sirsa to Delhi Part Truck Load Transport from PRANJAL SO OM VISHNU,"Probable Requirement Type: Business Use
Truck Type: Pickup/ace
Pickup City: Sirsa
Drop City: Delhi
Weight: 101 to 500 Kg
Material: Agriculture Products",172377.0,Sirsa to Delhi Part Truck Load Transport,,ASTBUY,-3,2026-05-13 11:04:34,New Delhi,Delhi,India,Organics,,Prayagraj,KPR Tempo Services Packers And Movers
3137646815,2026-05-14 21:23:42,61676178,146010610,Enquiry for Transportation Services from Shubham,"Buyer Searched for jharkhand transport services

Pickup City: Jharkhand
Drop City: Latehar district
Material: 16 wheeler tipper hyva",42703.0,Transportation Services,,ASTBUY,-3,2026-05-14 21:43:40,Prayagraj,Uttar Pradesh,India,,,Prayagraj,KPR Tempo Services Packers And Movers
3139127518,2026-05-19 12:48:29,269192403,146010610,Enquiry for Prayagraj to Prayagraj Part Truck Load Transport from Himanshu,"Buyer Searched for transportation service

Pickup City: Prayagraj
Drop City: Prayagraj
Weight: 101 to 500 Kg
Material: Household Goods
Probable Requirement Type: Business Use
Truck Type: Pickup/ace",172377.0,Prayagraj to Prayagraj Part Truck Load Transport,,ASTBUY,-3,2026-05-19 13:04:54,Prayagraj,Uttar Pradesh,India,,,Prayagraj,KPR Tempo Services Packers And Movers
3139470566,2026-05-20 11:39:58,269238594,146010610,Enquiry for Goods Carrier Transportation from PRIYA,"Pickup City: Ghorpur
Drop City: Managawan
Buyer Filled Details: Buyer needs to send 12,000 bricks.
Probable Requirement Type: Business Use",69543.0,Goods Carrier Transportation,,ASTBUY,-3,2026-05-20 12:52:58,Prayagraj,Uttar Pradesh,India,,,Prayagraj,KPR Tempo Services Packers And Movers
3140251775,2026-05-22 15:04:28,61223397,146010610,Part Truck Load Transport Service,I am interested in Part Truck Load Transport Service of KPR Tempo Services Packers And Movers.,172377.0,,,IMLOGI,-3,2026-05-22 15:04:34,Karari,Uttar Pradesh,India,Ram Babu Traders,,Prayagraj,KPR Tempo Services Packers And Movers
3140543812,2026-05-23 13:24:00,269380905,146010610,Enquiry for Transportation Services from Dinesh,"Pickup City: Sirsa
Drop City: Jhajjar, Haryana",42703.0,Transportation Services,,ASTBUY,-3,2026-05-23 14:59:40,Jhajjar,Haryana,India,,,Prayagraj,KPR Tempo Services Packers And Movers
3140689497,2026-05-23 20:16:32,61110178,146010610,Enquiry for Transportation Services from Sachin,"Pickup City: Prayagraj
Drop City: 823001
Material: Gaya",42703.0,Transportation Services,,ASTBUY,-3,2026-05-24 06:49:16,Gaya,Bihar,India,,,Prayagraj,KPR Tempo Services Packers And Movers
3142307278,2026-05-28 16:37:07,115145427,146010610,Enquiry for Transport Service from PARVEEN,"Buyer Filled Details: Needs To   Water Motor
Drop City: Sirsa
Material: Motor
Weight: Upto 1 Ton",42703.0,Transport Service,,ASTBUY,-3,2026-05-28 16:41:21,Rewari,Haryana,India,,,Prayagraj,KPR Tempo Services Packers And Movers
3142324367,2026-05-28 17:23:12,162957745,146010610,Enquiry for Goods Transport Services from VANSHAJ,"Pickup City: Prayagraj
Drop City: Prayagraj
Probable Requirement Type: Business Use",69543.0,Goods Transport Services,,ASTBUY,-3,2026-05-28 22:24:22,Delhi,Delhi,India,Bhumija,,Prayagraj,KPR Tempo Services Packers And Movers
3142658461,2026-05-29 17:28:31,268535043,146010610,Enquiry for Prayagraj to Delhi Part Truck Load Transport from Faiz Ahmed,"Probable Requirement Type: Business Use
Truck Type: Pickup/ace
Pickup City: Prayagraj
Drop City: Delhi
Weight: Upto 100 Kg
Material: Household Goods",172377.0,Prayagraj to Delhi Part Truck Load Transport,,ASTBUY,-3,2026-05-29 17:28:45,Prayagraj,Uttar Pradesh,India,Archies Enterprises,,Prayagraj,KPR Tempo Services Packers And Movers
3143333200,2026-05-31 22:50:32,221537778,146010610,Enquiry for Goods Transport Services from Rohit,"Weight: More than 18 Ton
Probable Requirement Type: Business Use
Pickup City: Handia Prayagraj
Drop City: Riwa satna",69543.0,Goods Transport Services,,ASTBUY,-3,2026-06-01 09:26:11,Prayagraj,Uttar Pradesh,India,,,Prayagraj,KPR Tempo Services Packers And Movers
3144450209,2026-06-04 10:39:21,2960386,146010610,Enquiry for Pickup Transport Service in Lucknow from Pankaj Agarwal,,42703.0,Pickup Transport Service in Lucknow,,ASTBUY,-3,2026-06-04 12:38:08,Prayagraj,Uttar Pradesh,India,Bee Hive Infraventures Privete Limited,Owner,Prayagraj,KPR Tempo Services Packers And Movers
3144580680,2026-06-04 15:55:21,146010610,146010610,Enquiry for KPR Tempo Services Packers And Movers from Kpr via IndiaMART,I am interested in KPR Tempo Services Packers And Movers,85224.0,KPR Tempo Services Packers And Movers,kpr tempo service,ANDWEB,-1,2026-06-04 15:55:21,Prayagraj,Uttar Pradesh,India,KPR Tempo Services Packers And Movers,,Prayagraj,KPR Tempo Services Packers And Movers
3145503360,2026-06-07 12:35:18,185172268,146010610,Enquiry for Commercial Goods Transportation Service from ANIKET PANDEY,"Pickup City: Prayagraj
Drop City: Sawai Madhopur
Probable Requirement Type: Business Use",69543.0,Commercial Goods Transportation Service,,ASTBUY,-3,2026-06-07 13:25:23,Sikandra,Uttar Pradesh,India,the mavri,,Prayagraj,KPR Tempo Services Packers And Movers
3145747730,2026-06-08 09:52:25,181586433,146010610,Enquiry for Transportation Services from Saroj Singh,,42703.0,Transportation Services,,ASTBUY,-3,2026-06-08 10:20:11,Prayagraj,Uttar Pradesh,India,Om Shanti Packers And Movers,,Prayagraj,KPR Tempo Services Packers And Movers
3146312325,2026-06-09 17:15:50,57463349,146010610,Enquiry for Transportation Services from Vishal,,42703.0,Transportation Services,,ASTBUY,-3,2026-06-09 17:25:56,Prayagraj,Uttar Pradesh,India,GAURI NANDAN CARPET,,Prayagraj,KPR Tempo Services Packers And Movers
3146673976,2026-06-10 17:00:29,270226201,146010610,Enquiry for Office Shifting Service from NAGENDRA,Probable Requirement Type: Business Use,4951.0,Office Shifting Service,,ASTBUY,-3,2026-06-10 17:49:29,Prayagraj,Uttar Pradesh,India,,,Prayagraj,KPR Tempo Services Packers And Movers
3184207242,2026-09-28 12:06:20,67178577,146010610,Part Truck Load Transport Service,I am interested in Part Truck Load Transport Service of KPR Tempo Services Packers And Movers.,172377.0,,,IMLOGI,-3,2026-09-28 12:53:36,Robertsganj,Uttar Pradesh,India,Mount Fresh Services,,Prayagraj,KPR Tempo Services Packers And Movers
3123990817,2026-04-05 01:04:48,252961087,72293913,"Export Enquiry for Room Jhoomar from Bbc, UK via IndiaMART",I am interested in Room Jhoomar,16039.0,Room Jhoomar,,IMOB,0,,,,United Kingdom,,,Gorakhpur,Kanpur Bijliwala
3179016929,2026-09-12 16:30:43,271980663,66179566,Business Enquiry from Rahul via IndiaMART,I am interested in your product,139629.0,,,FCP,0,,New Delhi,Delhi,India,,,Agra,Alvus International
3138015404,2026-05-15 22:59:26,269042161,13648325,"Export Enquiry for Threaded Pin from Gilbert, USA via IndiaMART",I am interested in Threaded Pin,117238.0,Threaded Pin,,IMOB,-2,2026-05-16 16:00:22,,,United States Of America,,,Ahmedabad,Hariom Steel And Engineers
3156161510,2026-07-08 15:35:08,42395226,13648325,Business Enquiry from Shankar via IndiaMART,I am interested in your product,126247.0,,,FCP,-3,2026-07-11 10:11:19,Chennai,Tamil Nadu,India,fabrication,,Ahmedabad,Hariom Steel And Engineers
3175576140,2026-09-02 12:49:54,254812558,13648325,Enquiry for MS Round Bar from Daya via IndiaMART,8.2.mm,126247.0,MS Round Bar,,PRODDTL,0,,Surat,Gujarat,India,Balaji Enterprise,,Ahmedabad,Hariom Steel And Engineers
3129327957,2026-04-19 22:16:54,192800239,41440640,Enquiry for Reflection A4 65 Gsm Copier Paper from Aniket via IndiaMART,I am interested in Reflection A4 65 Gsm Copier Paper,25884.0,Reflection A4 65 Gsm Copier Paper,copier paper,IMOB,-2,2026-04-19 22:19:34,Pune,Maharashtra,India,,,Mumbai,Sri Paper Traders LLP
3129631621,2026-04-20 19:07:39,202011000,41440640,Enquiry for Reflection A4 65 Gsm Copier Paper from Bharat via IndiaMART,I am interested in Reflection A4 65 Gsm Copier Paper,25884.0,Reflection A4 65 Gsm Copier Paper,a4 size copier paper,ANDWEB,-2,2026-04-20 20:05:11,Pune,Maharashtra,India,Ramdev Agencies,,Mumbai,Sri Paper Traders LLP
3134332399,2026-05-04 19:03:43,235647185,41440640,Enquiry for Reflection A4 65 Gsm Copier Paper from Swapnil via IndiaMART,I am interested in Reflection A4 65 Gsm Copier Paper,25884.0,Reflection A4 65 Gsm Copier Paper,,IMOB,-2,2026-05-05 10:07:04,Chiplun,Maharashtra,India,Sarayu Stationary,,Mumbai,Sri Paper Traders LLP
3148631677,2026-06-16 11:44:04,4097381,41440640,Enquiry for Reflection A4 65 Gsm Copier Paper from Makarand via IndiaMART,Andhra Reflection 65 GSM A4 White 1 Ream,25884.0,Reflection A4 65 Gsm Copier Paper,,PRODDTL,-2,2026-06-16 11:59:06,Mumbai,Maharashtra,India,Makarand Athalye,,Mumbai,Sri Paper Traders LLP
3151832877,2026-06-25 14:36:59,187515003,41440640,Enquiry for Reflection 70gsm Copier Paper from Rupesh via IndiaMART,I am interested in Reflection 70gsm Copier Paper,25884.0,Reflection 70gsm Copier Paper,,IMOB,-2,2026-06-25 15:05:01,Mumbai,Maharashtra,India,Tejaswini Commerce Classes,,Mumbai,Sri Paper Traders LLP
3152981806,2026-06-29 03:42:01,232551219,41440640,Enquiry for Reflection 70gsm Copier Paper from Akash via IndiaMART,I am interested in Reflection 70gsm Copier Paper,25884.0,Reflection 70gsm Copier Paper,,IMOB,-2,2026-06-29 07:01:57,Pune,Maharashtra,India,Printler,,Mumbai,Sri Paper Traders LLP
3172182170,2026-08-23 06:20:13,112844516,41440640,Enquiry for Reflection A4 65 Gsm Copier Paper from Arjun via IndiaMART,I am interested in Reflection A4 65 Gsm Copier Paper,25884.0,Reflection A4 65 Gsm Copier Paper,reflection copier paper,IMOB,-2,2026-08-23 07:23:10,Pune,Maharashtra,India,Shambhu copiers,,Mumbai,Sri Paper Traders LLP
3172051571,2026-08-22 17:10:42,253385497,270751783,Enquiry for Indiamart hending from Tushar via IndiaMART,Manage my Indiamart account,168229.0,Indiamart hending,,FCP,-3,2026-08-22 17:11:52,Ahmedabad,Gujarat,India,Tushar Industries,,Ahmedabad,Jaitra Digital Solution
3172057361,2026-08-22 17:29:17,270751783,270751783,Enquiry for B2B Portal handling from Beerabhan via IndiaMART,Please send your number,168229.0,B2B Portal handling,,ANDWEB,-1,2026-08-22 17:29:17,Ahmedabad,Gujarat,India,Jaitra Digital Solution,,Ahmedabad,Jaitra Digital Solution
3172058709,2026-08-22 17:32:09,253385497,270751783,Enquiry for B2B Portal handling from Tushar via IndiaMART,B2B Portal handling,168229.0,B2B Portal handling,,DIR,-3,2026-08-22 17:32:09,Ahmedabad,Gujarat,India,Tushar Industries,,Ahmedabad,Jaitra Digital Solution
3172061678,2026-08-22 17:39:05,253385497,270751783,Enquiry for B2B Portal handling from Tushar via IndiaMART,I am interested in B2B Portal handling,168229.0,B2B Portal handling,,DIR,-3,2026-08-22 17:39:05,Ahmedabad,Gujarat,India,Tushar Industries,,Ahmedabad,Jaitra Digital Solution
3172075751,2026-08-22 18:19:39,270751783,270751783,Enquiry for B2B Portal handling from Beerabhan via IndiaMART,I am interested in B2B Portal handling,168229.0,B2B Portal handling,,ANDWEB,-1,2026-08-22 18:19:39,Ahmedabad,Gujarat,India,Jaitra Digital Solution,,Ahmedabad,Jaitra Digital Solution
3172076135,2026-08-22 18:20:31,270751783,270751783,Enquiry for Indiamart hending from Beerabhan via IndiaMART,I am interested in Indiamart hending,168229.0,Indiamart hending,,ANDWEB,-1,2026-08-22 18:20:31,Ahmedabad,Gujarat,India,Jaitra Digital Solution,,Ahmedabad,Jaitra Digital Solution
3172077286,2026-08-22 18:24:29,271779070,270751783,Enquiry for B2B Portal handling from JAITRA via IndiaMART,B2B supplier portal handling,168229.0,B2B Portal handling,,IMOB,-3,2026-08-22 18:26:48,Ahmedabad,Gujarat,India,,,Ahmedabad,Jaitra Digital Solution
3172077358,2026-08-22 18:24:40,253385497,270751783,Enquiry for Tradeindia handling from Tushar via IndiaMART,I am interested,168229.0,Tradeindia handling,,ANDWEB,-3,2026-08-22 18:24:41,Ahmedabad,Gujarat,India,Tushar Industries,,Ahmedabad,Jaitra Digital Solution
