chat_id,glid,session_id,user_type,source,user_message,bot_reply,intent,action_type,message_status,feedback,entry_date,campaign_name,intent_confidence,product_id,media_url
384034807,114584804,3729ef3d-3ed9-4f00-b18d-99c7eeef2dab,,WhatsApp,,"Hi! You just spoke with *Sahajanand Marketing* 📞
Was the call helpful?",WA_Call_Feedback,nudge,,,2026-08-19 14:06:02.000,,,,
384047741,114584804,3729ef3d-3ed9-4f00-b18d-99c7eeef2dab,,WhatsApp,,"Hi! You just spoke with *Sixfire Pvt* 📞
Was the call helpful?",WA_Call_Feedback,nudge,,,2026-08-19 14:17:19.000,,,,
384162647,114584804,3729ef3d-3ed9-4f00-b18d-99c7eeef2dab,,WhatsApp,,How was your chat experience with IndiaMart?,MSITE_CSAT,clicked,,,2026-08-19 15:57:29.000,,,,
384952689,114584804,3729ef3d-3ed9-4f00-b18d-99c7eeef2dab,,WhatsApp,,"Hi! *Emart Exim Private Limited* tried to reach you 📞
Did you connect?",WA_Callback_Connect_Q,nudge,,,2026-08-20 11:46:59.000,,,,
386802723,682581,2db57cd6-755f-40fe-b19a-83216f1762c2,,WhatsApp8181,YES,"Please Enter Production Capacity
50 kg
100 kg
150 kg

 More options
200 kg
250 kg
300 kg",Msite_BL_Quantity,clicked,,,2026-08-22 11:55:20.000,,,,
386803783,682581,2db57cd6-755f-40fe-b19a-83216f1762c2,,WhatsApp8181,300 kg,"Please Enter Type of Cosmetic
Cream and Lotion
Hair Gel and Oil
Soap and Shampoo

 More options",Msite_BL_Spec,clicked,,,2026-08-22 11:56:20.000,,,,
386808936,682581,2db57cd6-755f-40fe-b19a-83216f1762c2,,WhatsApp8181,,"Enter Type of Cosmetic to get best quotation
Cream and Lotion
Hair Gel and Oil
Soap and Shampoo

 More options",Msite_BL_Spec,clicked,,,2026-08-22 12:01:21.000,,,,
386814482,682581,2db57cd6-755f-40fe-b19a-83216f1762c2,,WhatsApp8181,,Thank you message call cta,Msite_BL_Spec,clicked,,,2026-08-22 12:06:22.000,,,,
397946099,96255123,5e8e72ba-c556-4836-b21d-4a820b508f2b,,WhatsApp,,"Relationship Manager ""Shreyshi Tanvi"" has JOINED the chat 
 
Ph No:[phone]",,typed,,,2026-09-03 17:39:57.000,,,,
397946701,96255123,4bb3118d-ed12-444d-87b0-15f5791a467c,2,WhatsApp,,,,,,,2026-09-03 17:40:26.000,agent_bargain,,,
397947014,96255123,4bb3118d-ed12-444d-87b0-15f5791a467c,2,WhatsApp,,,,image/jpeg,,,2026-09-03 17:40:42.000,agent_bargain,,,http://5.imimg.com/data5/WA_9696/Default/2026/9/640899289/UX/OR/QE/96255123/image-1788437442-4018-918888777102.jpeg
397947052,96255123,4bb3118d-ed12-444d-87b0-15f5791a467c,2,WhatsApp,,,,image/jpeg,,,2026-09-03 17:40:44.000,agent_bargain,,,http://5.imimg.com/data5/WA_9696/Default/2026/9/640899303/ZQ/ZT/LR/96255123/image-1788437444-8659-918888777102.jpeg
397947098,96255123,4bb3118d-ed12-444d-87b0-15f5791a467c,2,WhatsApp,,,,image/jpeg,,,2026-09-03 17:40:47.000,agent_bargain,,,http://5.imimg.com/data5/WA_9696/Default/2026/9/640899327/VQ/UP/LH/96255123/image-1788437447-4097-918888777102.jpeg
397947140,96255123,4bb3118d-ed12-444d-87b0-15f5791a467c,2,WhatsApp,,,,image/jpeg,,,2026-09-03 17:40:49.000,agent_bargain,,,http://5.imimg.com/data5/WA_9696/Default/2026/9/640899350/CX/LU/SB/96255123/image-1788437449-6388-918888777102.jpeg
397947149,96255123,4bb3118d-ed12-444d-87b0-15f5791a467c,2,WhatsApp,,,,image/jpeg,,,2026-09-03 17:40:50.000,agent_bargain,,,http://5.imimg.com/data5/WA_9696/Default/2026/9/640899353/CH/EQ/KA/96255123/image-1788437450-075-918888777102.jpeg
397947157,96255123,4bb3118d-ed12-444d-87b0-15f5791a467c,2,WhatsApp,,,,image/jpeg,,,2026-09-03 17:40:50.000,agent_bargain,,,http://5.imimg.com/data5/WA_9696/Default/2026/9/640899359/DR/GS/HR/96255123/image-1788437450-6557-918888777102.jpeg
397947170,96255123,4bb3118d-ed12-444d-87b0-15f5791a467c,2,WhatsApp,,,,image/jpeg,,,2026-09-03 17:40:51.000,agent_bargain,,,http://5.imimg.com/data5/WA_9696/Default/2026/9/640899366/FS/RT/HV/96255123/image-1788437451-3735-918888777102.jpeg
397947175,96255123,4bb3118d-ed12-444d-87b0-15f5791a467c,2,WhatsApp,,,,image/jpeg,,,2026-09-03 17:40:51.000,agent_bargain,,,http://5.imimg.com/data5/WA_9696/Default/2026/9/640899368/RU/MN/AS/96255123/image-1788437451-6361-918888777102.jpeg
397947187,96255123,4bb3118d-ed12-444d-87b0-15f5791a467c,2,WhatsApp,,,,image/jpeg,,,2026-09-03 17:40:52.000,agent_bargain,,,http://5.imimg.com/data5/WA_9696/Default/2026/9/640899370/TH/DS/FB/96255123/image-1788437452-106-918888777102.jpeg
397947195,96255123,4bb3118d-ed12-444d-87b0-15f5791a467c,2,WhatsApp,,,,image/jpeg,,,2026-09-03 17:40:52.000,agent_bargain,,,http://5.imimg.com/data5/WA_9696/Default/2026/9/640899373/RN/CD/CO/96255123/image-1788437452-5369-918888777102.jpeg
397947223,96255123,4bb3118d-ed12-444d-87b0-15f5791a467c,2,WhatsApp,,,,image/jpeg,,,2026-09-03 17:40:53.000,agent_bargain,,,http://5.imimg.com/data5/WA_9696/Default/2026/9/640899378/TJ/YC/XG/96255123/image-1788437453-8425-918888777102.jpeg
397947226,96255123,4bb3118d-ed12-444d-87b0-15f5791a467c,2,WhatsApp,,,,image/jpeg,,,2026-09-03 17:40:54.000,agent_bargain,,,http://5.imimg.com/data5/WA_9696/Default/2026/9/640899381/AN/ZG/VV/96255123/image-1788437453-9979-918888777102.jpeg
397947252,96255123,4bb3118d-ed12-444d-87b0-15f5791a467c,2,WhatsApp,,,,image/jpeg,,,2026-09-03 17:40:55.000,agent_bargain,,,http://5.imimg.com/data5/WA_9696/Default/2026/9/640899390/EN/GO/QV/96255123/image-1788437455-3329-918888777102.jpeg
397947256,96255123,4bb3118d-ed12-444d-87b0-15f5791a467c,2,WhatsApp,,,,image/jpeg,,,2026-09-03 17:40:55.000,agent_bargain,,,http://5.imimg.com/data5/WA_9696/Default/2026/9/640899392/XH/ZE/YN/96255123/image-1788437455-6726-918888777102.jpeg
397947279,96255123,4bb3118d-ed12-444d-87b0-15f5791a467c,2,WhatsApp,,,,image/jpeg,,,2026-09-03 17:40:56.000,agent_bargain,,,http://5.imimg.com/data5/WA_9696/Default/2026/9/640899399/FF/CY/VL/96255123/image-1788437456-4912-918888777102.jpeg
397947301,96255123,4bb3118d-ed12-444d-87b0-15f5791a467c,2,WhatsApp,,,,image/jpeg,,,2026-09-03 17:40:58.000,agent_bargain,,,http://5.imimg.com/data5/WA_9696/Default/2026/9/640899415/WZ/NY/OI/96255123/image-1788437457-8505-918888777102.jpeg
397947306,96255123,4bb3118d-ed12-444d-87b0-15f5791a467c,2,WhatsApp,,,,image/jpeg,,,2026-09-03 17:40:58.000,agent_bargain,,,http://5.imimg.com/data5/WA_9696/Default/2026/9/640899418/DD/YL/QA/96255123/image-1788437458-039-918888777102.jpeg
397947316,96255123,4bb3118d-ed12-444d-87b0-15f5791a467c,2,WhatsApp,,,,image/jpeg,,,2026-09-03 17:40:58.000,agent_bargain,,,http://5.imimg.com/data5/WA_9696/Default/2026/9/640899420/SS/PP/CI/96255123/image-1788437458-2756-918888777102.jpeg
397947344,96255123,4bb3118d-ed12-444d-87b0-15f5791a467c,2,WhatsApp,,,,image/jpeg,,,2026-09-03 17:40:59.000,agent_bargain,,,http://5.imimg.com/data5/WA_9696/Default/2026/9/640899431/XC/AD/KK/96255123/image-1788437459-6629-918888777102.jpeg
397947346,96255123,4bb3118d-ed12-444d-87b0-15f5791a467c,2,WhatsApp,,,,image/jpeg,,,2026-09-03 17:40:59.000,agent_bargain,,,http://5.imimg.com/data5/WA_9696/Default/2026/9/640899432/EI/VG/GL/96255123/image-1788437459-6587-918888777102.jpeg
397947356,96255123,4bb3118d-ed12-444d-87b0-15f5791a467c,2,WhatsApp,,,,image/jpeg,,,2026-09-03 17:41:00.000,agent_bargain,,,http://5.imimg.com/data5/WA_9696/Default/2026/9/640899435/AB/IR/HA/96255123/image-1788437460-1229-918888777102.jpeg
397947377,96255123,4bb3118d-ed12-444d-87b0-15f5791a467c,2,WhatsApp,,,,image/jpeg,,,2026-09-03 17:41:01.000,agent_bargain,,,http://5.imimg.com/data5/WA_9696/Default/2026/9/640899445/XK/GB/DU/96255123/image-1788437461-407-918888777102.jpeg
397947388,96255123,4bb3118d-ed12-444d-87b0-15f5791a467c,2,WhatsApp,,,,image/jpeg,,,2026-09-03 17:41:01.000,agent_bargain,,,http://5.imimg.com/data5/WA_9696/Default/2026/9/640899450/QQ/GK/TN/96255123/image-1788437461-6815-918888777102.jpeg
397947401,96255123,4bb3118d-ed12-444d-87b0-15f5791a467c,2,WhatsApp,,,,image/jpeg,,,2026-09-03 17:41:02.000,agent_bargain,,,http://5.imimg.com/data5/WA_9696/Default/2026/9/640899456/KL/TR/NK/96255123/image-1788437462-5732-918888777102.jpeg
397947414,96255123,4bb3118d-ed12-444d-87b0-15f5791a467c,2,WhatsApp,,,,image/jpeg,,,2026-09-03 17:41:03.000,agent_bargain,,,http://5.imimg.com/data5/WA_9696/Default/2026/9/640899460/MT/OV/IH/96255123/image-1788437463-1483-918888777102.jpeg
397947420,96255123,4bb3118d-ed12-444d-87b0-15f5791a467c,2,WhatsApp,,,,image/jpeg,,,2026-09-03 17:41:03.000,agent_bargain,,,http://5.imimg.com/data5/WA_9696/Default/2026/9/640899462/RI/FA/DS/96255123/image-1788437463-475-918888777102.jpeg
397947446,96255123,4bb3118d-ed12-444d-87b0-15f5791a467c,2,WhatsApp,,,,image/jpeg,,,2026-09-03 17:41:05.000,agent_bargain,,,http://5.imimg.com/data5/WA_9696/Default/2026/9/640899472/WD/AA/YU/96255123/image-1788437464-9062-918888777102.jpeg
397947451,96255123,4bb3118d-ed12-444d-87b0-15f5791a467c,2,WhatsApp,,,,image/jpeg,,,2026-09-03 17:41:05.000,agent_bargain,,,http://5.imimg.com/data5/WA_9696/Default/2026/9/640899474/GA/ZZ/LM/96255123/image-1788437465-1635-918888777102.jpeg
397947467,96255123,4bb3118d-ed12-444d-87b0-15f5791a467c,2,WhatsApp,,,,image/jpeg,,,2026-09-03 17:41:05.000,agent_bargain,,,http://5.imimg.com/data5/WA_9696/Default/2026/9/640899484/OR/OP/NN/96255123/image-1788437465-8219-918888777102.jpeg
397949816,96255123,4bb3118d-ed12-444d-87b0-15f5791a467c,2,WhatsApp,Stock,,,typed,,,2026-09-03 17:43:09.000,agent_bargain,,,
397949871,96255123,4bb3118d-ed12-444d-87b0-15f5791a467c,2,WhatsApp,,,,image/jpeg,,,2026-09-03 17:43:12.000,agent_bargain,,,http://5.imimg.com/data5/WA_9696/Default/2026/9/640900496/OF/OR/MG/96255123/image-1788437592-0578-918888777102.jpeg
397951576,96255123,4bb3118d-ed12-444d-87b0-15f5791a467c,2,WhatsApp,,,,image/jpeg,,,2026-09-03 17:44:43.000,agent_bargain,,,http://5.imimg.com/data5/WA_9696/Default/2026/9/640901150/LB/GP/LV/96255123/image-1788437683-3319-918888777102.jpeg
397952488,96255123,4bb3118d-ed12-444d-87b0-15f5791a467c,2,WhatsApp,,,,image/jpeg,,,2026-09-03 17:45:31.000,agent_bargain,,,http://5.imimg.com/data5/WA_9696/Default/2026/9/640901570/ND/QH/HR/96255123/image-1788437731-3708-918888777102.jpeg
397952656,96255123,4bb3118d-ed12-444d-87b0-15f5791a467c,2,WhatsApp,,,,image/jpeg,,,2026-09-03 17:45:39.000,agent_bargain,,,http://5.imimg.com/data5/WA_9696/Default/2026/9/640901621/TW/JL/GX/96255123/image-1788437739-3795-918888777102.jpeg
397952891,96255123,4bb3118d-ed12-444d-87b0-15f5791a467c,2,WhatsApp,,,,image/jpeg,,,2026-09-03 17:45:52.000,agent_bargain,,,http://5.imimg.com/data5/WA_9696/Default/2026/9/640901695/PF/LU/SO/96255123/image-1788437752-8361-918888777102.jpeg
397953312,96255123,4bb3118d-ed12-444d-87b0-15f5791a467c,2,WhatsApp,,,,image/jpeg,,,2026-09-03 17:46:12.000,agent_bargain,,,http://5.imimg.com/data5/WA_9696/Default/2026/9/640901843/TH/FZ/KY/96255123/image-1788437772-4041-918888777102.jpeg
397954197,96255123,4bb3118d-ed12-444d-87b0-15f5791a467c,2,WhatsApp,,,,image/jpeg,,,2026-09-03 17:46:59.000,agent_bargain,,,http://5.imimg.com/data5/WA_9696/Default/2026/9/640902213/DF/RT/XS/96255123/image-1788437819-4196-918888777102.jpeg
397955023,96255123,4bb3118d-ed12-444d-87b0-15f5791a467c,2,WhatsApp,,,,image/jpeg,,,2026-09-03 17:47:42.000,agent_bargain,,,http://5.imimg.com/data5/WA_9696/Default/2026/9/640902532/LM/OG/UX/96255123/image-1788437862-5442-918888777102.jpeg
397961550,96255123,911d40d4-4c4b-4517-aee7-739d092895ab,,WhatsApp,,"Relationship Manager ""Shreyshi Tanvi"" has JOINED the chat 
 
Ph No:[phone]",,typed,,,2026-09-03 17:53:29.000,,,,
397963240,96255123,ff681f36-2fa2-4bee-8f94-e6837d7f61cd,,WhatsApp,,Sir I hope you have shared all the product?/,,typed,,,2026-09-03 17:55:05.000,,,,
397963484,96255123,4bb3118d-ed12-444d-87b0-15f5791a467c,2,WhatsApp,Yes,,,typed,,,2026-09-03 17:55:18.000,agent_bargain,,,
397963701,96255123,4bb3118d-ed12-444d-87b0-15f5791a467c,2,WhatsApp,Also check this,,,typed,,,2026-09-03 17:55:29.000,agent_bargain,,,
397963742,96255123,4bb3118d-ed12-444d-87b0-15f5791a467c,2,WhatsApp,And upload,,,typed,,,2026-09-03 17:55:32.000,agent_bargain,,,
397973010,96255123,4bb3118d-ed12-444d-87b0-15f5791a467c,2,WhatsApp,https://www.skylethnics.com,,,typed,,,2026-09-03 18:04:08.000,agent_bargain,,,
397973028,96255123,4bb3118d-ed12-444d-87b0-15f5791a467c,2,WhatsApp,"Hey Checkout this listing on Justdial!
https://jsdl.in/DT-36E3UMVE",,,typed,,,2026-09-03 18:04:09.000,agent_bargain,,,
398980826,96255123,1c8f3d6a-0ba8-417b-ad2b-f39ce2267b00,,WhatsApp,,"Relationship Manager ""Shreyshi Tanvi"" has JOINED the chat 
 
Ph No:[phone]",,typed,,,2026-09-04 17:51:18.000,,,,
398981118,96255123,a2d4954b-a680-4f46-9142-50c833074649,,WhatsApp,,Sir please share your website link again as its not opening,,typed,,,2026-09-04 17:51:35.000,,,,
397806530,96255123,5c65ed28-6425-40bf-8123-439d143ec87c,2,WhatsApp,Hi,"Hello, how can I help?
New BuyLeads
Update Catalog
My Account Manager
Complaint
Edit Profile
My Invoices",Default Welcome Intent Default,typed,,,2026-09-03 15:35:52.000,,,,
397807384,96255123,918888777102,2,WhatsApp,Update Catalog,"Please use this link to update your catalog.

🔗 Manage your catalog: https://seller.indiamart.com/product/manageproducts/",Catalog Management,clicked,sent,,2026-09-03 15:36:40.000,,,,
397808251,96255123,5c65ed28-6425-40bf-8123-439d143ec87c,2,WhatsApp,,"{""queryImage"":{""img_src"":""http:\/\/5.imimg.com\/data5\/WA_9696\/Default\/2026\/9\/[phone]\/YZ\/TC\/JF\/[phone]\/image.jpeg"",""key"":""img_5996"",""status"":"""",""item_id"":"""",""is_img"":true}}",Photo uploaded but not added as a product as ..,image/jpeg,,,2026-09-03 15:37:28.000,,,,http://5.imimg.com/data5/WA_9696/Default/2026/9/640828006/YZ/TC/JF/96255123/image.jpeg
397808258,96255123,5c65ed28-6425-40bf-8123-439d143ec87c,2,WhatsApp,,"{""queryImage"":{""img_src"":""http:\/\/5.imimg.com\/data5\/WA_9696\/Default\/2026\/9\/[phone]\/OB\/IY\/GN\/[phone]\/image.jpeg"",""key"":""img_7030"",""status"":"""",""item_id"":"""",""is_img"":true}}",Photo uploaded but not added as a product as ..,image/jpeg,,,2026-09-03 15:37:28.000,,,,http://5.imimg.com/data5/WA_9696/Default/2026/9/640828011/OB/IY/GN/96255123/image.jpeg
397808270,96255123,5c65ed28-6425-40bf-8123-439d143ec87c,2,WhatsApp,,"{""queryImage"":{""img_src"":""http:\/\/5.imimg.com\/data5\/WA_9696\/Default\/2026\/9\/[phone]\/RM\/RO\/MD\/[phone]\/image.jpeg"",""key"":""img_7396"",""status"":""Hi \n\nWhat is the Photo for ?\n Add Product \nComplaint"",""item_id"":"""",""is_img"":true}}",Photo uploaded but not added as a product as ..,image/jpeg,,,2026-09-03 15:37:28.000,,,,http://5.imimg.com/data5/WA_9696/Default/2026/9/640828000/RM/RO/MD/96255123/image.jpeg
397808279,96255123,5c65ed28-6425-40bf-8123-439d143ec87c,2,WhatsApp,,"{""queryImage"":{""img_src"":""http:\/\/5.imimg.com\/data5\/WA_9696\/Default\/2026\/9\/[phone]\/ES\/GB\/EA\/[phone]\/image.jpeg"",""key"":""img_8037"",""status"":"""",""item_id"":"""",""is_img"":true}}",Photo uploaded but not added as a product as ..,image/jpeg,,,2026-09-03 15:37:29.000,,,,http://5.imimg.com/data5/WA_9696/Default/2026/9/640828017/ES/GB/EA/96255123/image.jpeg
397808283,96255123,5c65ed28-6425-40bf-8123-439d143ec87c,2,WhatsApp,,"{""queryImage"":{""img_src"":""http:\/\/5.imimg.com\/data5\/WA_9696\/Default\/2026\/9\/[phone]\/XW\/LO\/JM\/[phone]\/image.jpeg"",""key"":""img_3296"",""status"":"""",""item_id"":"""",""is_img"":true}}",Photo uploaded but not added as a product as ..,image/jpeg,,,2026-09-03 15:37:29.000,,,,http://5.imimg.com/data5/WA_9696/Default/2026/9/640828021/XW/LO/JM/96255123/image.jpeg
397808299,96255123,5c65ed28-6425-40bf-8123-439d143ec87c,2,WhatsApp,,"{""queryImage"":{""img_src"":""http:\/\/5.imimg.com\/data5\/WA_9696\/Default\/2026\/9\/[phone]\/SM\/CS\/HR\/[phone]\/image.jpeg"",""key"":""img_9626"",""status"":"""",""item_id"":"""",""is_img"":true}}",Photo uploaded but not added as a product as ..,image/jpeg,,,2026-09-03 15:37:30.000,,,,http://5.imimg.com/data5/WA_9696/Default/2026/9/640828030/SM/CS/HR/96255123/image.jpeg
397808303,96255123,5c65ed28-6425-40bf-8123-439d143ec87c,2,WhatsApp,,"{""queryImage"":{""img_src"":""http:\/\/5.imimg.com\/data5\/WA_9696\/Default\/2026\/9\/[phone]\/KI\/FT\/HV\/[phone]\/image.jpeg"",""key"":""img_8592"",""status"":"""",""item_id"":"""",""is_img"":true}}",Photo uploaded but not added as a product as ..,image/jpeg,,,2026-09-03 15:37:30.000,,,,http://5.imimg.com/data5/WA_9696/Default/2026/9/640828033/KI/FT/HV/96255123/image.jpeg
397808319,96255123,5c65ed28-6425-40bf-8123-439d143ec87c,2,WhatsApp,,"{""queryImage"":{""img_src"":""http:\/\/5.imimg.com\/data5\/WA_9696\/Default\/2026\/9\/[phone]\/OJ\/SM\/AP\/[phone]\/image.jpeg"",""key"":""img_929"",""status"":"""",""item_id"":"""",""is_img"":true}}",Photo uploaded but not added as a product as ..,image/jpeg,,,2026-09-03 15:37:31.000,,,,http://5.imimg.com/data5/WA_9696/Default/2026/9/640828049/OJ/SM/AP/96255123/image.jpeg
397808345,96255123,5c65ed28-6425-40bf-8123-439d143ec87c,2,WhatsApp,,"{""queryImage"":{""img_src"":""http:\/\/5.imimg.com\/data5\/WA_9696\/Default\/2026\/9\/[phone]\/BA\/TW\/RD\/[phone]\/image.jpeg"",""key"":""img_866"",""status"":"""",""item_id"":"""",""is_img"":true}}",Photo uploaded but not added as a product as ..,image/jpeg,,,2026-09-03 15:37:32.000,,,,http://5.imimg.com/data5/WA_9696/Default/2026/9/640828056/BA/TW/RD/96255123/image.jpeg
397808356,96255123,5c65ed28-6425-40bf-8123-439d143ec87c,2,WhatsApp,,"{""queryImage"":{""img_src"":""http:\/\/5.imimg.com\/data5\/WA_9696\/Default\/2026\/9\/[phone]\/VS\/JP\/UA\/[phone]\/image.jpeg"",""key"":""img_377"",""status"":"""",""item_id"":"""",""is_img"":true}}",Photo uploaded but not added as a product as ..,image/jpeg,,,2026-09-03 15:37:32.000,,,,http://5.imimg.com/data5/WA_9696/Default/2026/9/640828064/VS/JP/UA/96255123/image.jpeg
397808357,96255123,5c65ed28-6425-40bf-8123-439d143ec87c,2,WhatsApp,,"{""queryImage"":{""img_src"":""http:\/\/5.imimg.com\/data5\/WA_9696\/Default\/2026\/9\/[phone]\/HY\/TG\/ND\/[phone]\/image.jpeg"",""key"":""img_5054"",""status"":"""",""item_id"":"""",""is_img"":true}}",Photo uploaded but not added as a product as ..,image/jpeg,,,2026-09-03 15:37:32.000,,,,http://5.imimg.com/data5/WA_9696/Default/2026/9/640828065/HY/TG/ND/96255123/image.jpeg
397808361,96255123,5c65ed28-6425-40bf-8123-439d143ec87c,2,WhatsApp,,"{""queryImage"":{""img_src"":""http:\/\/5.imimg.com\/data5\/WA_9696\/Default\/2026\/9\/[phone]\/PU\/MI\/YD\/[phone]\/image.jpeg"",""key"":""img_2846"",""status"":"""",""item_id"":"""",""is_img"":true}}",Photo uploaded but not added as a product as ..,image/jpeg,,,2026-09-03 15:37:33.000,,,,http://5.imimg.com/data5/WA_9696/Default/2026/9/640828067/PU/MI/YD/96255123/image.jpeg
397808375,96255123,5c65ed28-6425-40bf-8123-439d143ec87c,2,WhatsApp,,"{""queryImage"":{""img_src"":""http:\/\/5.imimg.com\/data5\/WA_9696\/Default\/2026\/9\/[phone]\/OU\/OM\/YZ\/[phone]\/image.jpeg"",""key"":""img_3939"",""status"":"""",""item_id"":"""",""is_img"":true}}",Photo uploaded but not added as a product as ..,image/jpeg,,,2026-09-03 15:37:33.000,,,,http://5.imimg.com/data5/WA_9696/Default/2026/9/640828075/OU/OM/YZ/96255123/image.jpeg
397808378,96255123,5c65ed28-6425-40bf-8123-439d143ec87c,2,WhatsApp,,"{""queryImage"":{""img_src"":""http:\/\/5.imimg.com\/data5\/WA_9696\/Default\/2026\/9\/[phone]\/GQ\/ZX\/BN\/[phone]\/image.jpeg"",""key"":""img_641"",""status"":"""",""item_id"":"""",""is_img"":true}}",Photo uploaded but not added as a product as ..,image/jpeg,,,2026-09-03 15:37:34.000,,,,http://5.imimg.com/data5/WA_9696/Default/2026/9/640828080/GQ/ZX/BN/96255123/image.jpeg
397808388,96255123,5c65ed28-6425-40bf-8123-439d143ec87c,2,WhatsApp,,"{""queryImage"":{""img_src"":""http:\/\/5.imimg.com\/data5\/WA_9696\/Default\/2026\/9\/[phone]\/LJ\/FF\/CW\/[phone]\/image.jpeg"",""key"":""img_9868"",""status"":"""",""item_id"":"""",""is_img"":true}}",Photo uploaded but not added as a product as ..,image/jpeg,,,2026-09-03 15:37:35.000,,,,http://5.imimg.com/data5/WA_9696/Default/2026/9/640828089/LJ/FF/CW/96255123/image.jpeg
397808732,96255123,918888777102,2,WhatsApp,Men’s Cotton kurta paijama set,"What is this for?
New BuyLeads | Add to Catalog | Buy",Product Details,typed,sent,,2026-09-03 15:37:56.000,,,,
397809807,96255123,5c65ed28-6425-40bf-8123-439d143ec87c,2,WhatsApp,,"{""queryImage"":{""img_src"":""http:\/\/5.imimg.com\/data5\/WA_9696\/Default\/2026\/9\/[phone]\/AX\/QR\/NV\/[phone]\/image.jpeg"",""key"":""img_8599"",""status"":"""",""item_id"":"""",""is_img"":true}}",Photo uploaded but not added as a product as ..,image/jpeg,,,2026-09-03 15:38:47.000,,,,http://5.imimg.com/data5/WA_9696/Default/2026/9/640828853/AX/QR/NV/96255123/image.jpeg
397809808,96255123,5c65ed28-6425-40bf-8123-439d143ec87c,2,WhatsApp,,"{""queryImage"":{""img_src"":""http:\/\/5.imimg.com\/data5\/WA_9696\/Default\/2026\/9\/[phone]\/CG\/RI\/WF\/[phone]\/image.jpeg"",""key"":""img_1611"",""status"":"""",""item_id"":"""",""is_img"":true}}",Photo uploaded but not added as a product as ..,image/jpeg,,,2026-09-03 15:38:47.000,,,,http://5.imimg.com/data5/WA_9696/Default/2026/9/640828857/CG/RI/WF/96255123/image.jpeg
397809815,96255123,5c65ed28-6425-40bf-8123-439d143ec87c,2,WhatsApp,,"{""queryImage"":{""img_src"":""http:\/\/5.imimg.com\/data5\/WA_9696\/Default\/2026\/9\/[phone]\/PU\/CW\/LU\/[phone]\/image.jpeg"",""key"":""img_3451"",""status"":"""",""item_id"":"""",""is_img"":true}}",Photo uploaded but not added as a product as ..,image/jpeg,,,2026-09-03 15:38:48.000,,,,http://5.imimg.com/data5/WA_9696/Default/2026/9/640828868/PU/CW/LU/96255123/image.jpeg
397809841,96255123,5c65ed28-6425-40bf-8123-439d143ec87c,2,WhatsApp,,"{""queryImage"":{""img_src"":""http:\/\/5.imimg.com\/data5\/WA_9696\/Default\/2026\/9\/[phone]\/KJ\/UZ\/TY\/[phone]\/image.jpeg"",""key"":""img_888"",""status"":"""",""item_id"":"""",""is_img"":true}}",Photo uploaded but not added as a product as ..,image/jpeg,,,2026-09-03 15:38:49.000,,,,http://5.imimg.com/data5/WA_9696/Default/2026/9/640828883/KJ/UZ/TY/96255123/image.jpeg
397809843,96255123,5c65ed28-6425-40bf-8123-439d143ec87c,2,WhatsApp,,"{""queryImage"":{""img_src"":""http:\/\/5.imimg.com\/data5\/WA_9696\/Default\/2026\/9\/[phone]\/HN\/LZ\/AE\/[phone]\/image.jpeg"",""key"":""img_3779"",""status"":"""",""item_id"":"""",""is_img"":true}}",Photo uploaded but not added as a product as ..,image/jpeg,,,2026-09-03 15:38:49.000,,,,http://5.imimg.com/data5/WA_9696/Default/2026/9/640828884/HN/LZ/AE/96255123/image.jpeg
397809860,96255123,5c65ed28-6425-40bf-8123-439d143ec87c,2,WhatsApp,,"{""queryImage"":{""img_src"":""http:\/\/5.imimg.com\/data5\/WA_9696\/Default\/2026\/9\/[phone]\/RQ\/ZG\/OU\/[phone]\/image.jpeg"",""key"":""img_3640"",""status"":"""",""item_id"":"""",""is_img"":true}}",Photo uploaded but not added as a product as ..,image/jpeg,,,2026-09-03 15:38:50.000,,,,http://5.imimg.com/data5/WA_9696/Default/2026/9/640828894/RQ/ZG/OU/96255123/image.jpeg
397809903,96255123,5c65ed28-6425-40bf-8123-439d143ec87c,2,WhatsApp,,"{""queryImage"":{""img_src"":""http:\/\/5.imimg.com\/data5\/WA_9696\/Default\/2026\/9\/[phone]\/AH\/SG\/BI\/[phone]\/image.jpeg"",""key"":""img_6676"",""status"":"""",""item_id"":"""",""is_img"":true}}",Photo uploaded but not added as a product as ..,image/jpeg,,,2026-09-03 15:38:51.000,,,,http://5.imimg.com/data5/WA_9696/Default/2026/9/640828921/AH/SG/BI/96255123/image.jpeg
397809908,96255123,5c65ed28-6425-40bf-8123-439d143ec87c,2,WhatsApp,,"{""queryImage"":{""img_src"":""http:\/\/5.imimg.com\/data5\/WA_9696\/Default\/2026\/9\/[phone]\/EJ\/JU\/RK\/[phone]\/image.jpeg"",""key"":""img_9127"",""status"":"""",""item_id"":"""",""is_img"":true}}",Photo uploaded but not added as a product as ..,image/jpeg,,,2026-09-03 15:38:51.000,,,,http://5.imimg.com/data5/WA_9696/Default/2026/9/640828925/EJ/JU/RK/96255123/image.jpeg
397809909,96255123,5c65ed28-6425-40bf-8123-439d143ec87c,2,WhatsApp,,"{""queryImage"":{""img_src"":""http:\/\/5.imimg.com\/data5\/WA_9696\/Default\/2026\/9\/[phone]\/AI\/UA\/XO\/[phone]\/image.jpeg"",""key"":""img_3946"",""status"":"""",""item_id"":"""",""is_img"":true}}",Photo uploaded but not added as a product as ..,image/jpeg,,,2026-09-03 15:38:51.000,,,,http://5.imimg.com/data5/WA_9696/Default/2026/9/640828924/AI/UA/XO/96255123/image.jpeg
397809931,96255123,5c65ed28-6425-40bf-8123-439d143ec87c,2,WhatsApp,,"{""queryImage"":{""img_src"":""http:\/\/5.imimg.com\/data5\/WA_9696\/Default\/2026\/9\/[phone]\/YJ\/QC\/WV\/[phone]\/image.jpeg"",""key"":""img_5004"",""status"":"""",""item_id"":"""",""is_img"":true}}",Photo uploaded but not added as a product as ..,image/jpeg,,,2026-09-03 15:38:52.000,,,,http://5.imimg.com/data5/WA_9696/Default/2026/9/640828933/YJ/QC/WV/96255123/image.jpeg
397809943,96255123,5c65ed28-6425-40bf-8123-439d143ec87c,2,WhatsApp,,"{""queryImage"":{""img_src"":""http:\/\/5.imimg.com\/data5\/WA_9696\/Default\/2026\/9\/[phone]\/QT\/AK\/BA\/[phone]\/image.jpeg"",""key"":""img_9260"",""status"":"""",""item_id"":"""",""is_img"":true}}",Photo uploaded but not added as a product as ..,image/jpeg,,,2026-09-03 15:38:53.000,,,,http://5.imimg.com/data5/WA_9696/Default/2026/9/640828940/QT/AK/BA/96255123/image.jpeg
397809955,96255123,5c65ed28-6425-40bf-8123-439d143ec87c,2,WhatsApp,,"{""queryImage"":{""img_src"":""http:\/\/5.imimg.com\/data5\/WA_9696\/Default\/2026\/9\/[phone]\/RY\/HD\/GB\/[phone]\/image.jpeg"",""key"":""img_1936"",""status"":"""",""item_id"":"""",""is_img"":true}}",Photo uploaded but not added as a product as ..,image/jpeg,,,2026-09-03 15:38:54.000,,,,http://5.imimg.com/data5/WA_9696/Default/2026/9/640828948/RY/HD/GB/96255123/image.jpeg
397809956,96255123,5c65ed28-6425-40bf-8123-439d143ec87c,2,WhatsApp,,"{""queryImage"":{""img_src"":""http:\/\/5.imimg.com\/data5\/WA_9696\/Default\/2026\/9\/[phone]\/BT\/BU\/RW\/[phone]\/image.jpeg"",""key"":""img_9538"",""status"":"""",""item_id"":"""",""is_img"":true}}",Photo uploaded but not added as a product as ..,image/jpeg,,,2026-09-03 15:38:54.000,,,,http://5.imimg.com/data5/WA_9696/Default/2026/9/640828950/BT/BU/RW/96255123/image.jpeg
397809964,96255123,5c65ed28-6425-40bf-8123-439d143ec87c,2,WhatsApp,,"{""queryImage"":{""img_src"":""http:\/\/5.imimg.com\/data5\/WA_9696\/Default\/2026\/9\/[phone]\/QO\/FZ\/YL\/[phone]\/image.jpeg"",""key"":""img_9084"",""status"":"""",""item_id"":"""",""is_img"":true}}",Photo uploaded but not added as a product as ..,image/jpeg,,,2026-09-03 15:38:54.000,,,,http://5.imimg.com/data5/WA_9696/Default/2026/9/640828956/QO/FZ/YL/96255123/image.jpeg
397809980,96255123,5c65ed28-6425-40bf-8123-439d143ec87c,2,WhatsApp,,"{""queryImage"":{""img_src"":""http:\/\/5.imimg.com\/data5\/WA_9696\/Default\/2026\/9\/[phone]\/OW\/SF\/IK\/[phone]\/image.jpeg"",""key"":""img_4188"",""status"":"""",""item_id"":"""",""is_img"":true}}",Photo uploaded but not added as a product as ..,image/jpeg,,,2026-09-03 15:38:55.000,,,,http://5.imimg.com/data5/WA_9696/Default/2026/9/640828961/OW/SF/IK/96255123/image.jpeg
397809994,96255123,5c65ed28-6425-40bf-8123-439d143ec87c,2,WhatsApp,,"{""queryImage"":{""img_src"":""http:\/\/5.imimg.com\/data5\/WA_9696\/Default\/2026\/9\/[phone]\/EG\/PT\/GA\/[phone]\/image.jpeg"",""key"":""img_5926"",""status"":"""",""item_id"":"""",""is_img"":true}}",Photo uploaded but not added as a product as ..,image/jpeg,,,2026-09-03 15:38:55.000,,,,http://5.imimg.com/data5/WA_9696/Default/2026/9/640828970/EG/PT/GA/96255123/image.jpeg
397810015,96255123,5c65ed28-6425-40bf-8123-439d143ec87c,2,WhatsApp,,"{""queryImage"":{""img_src"":""http:\/\/5.imimg.com\/data5\/WA_9696\/Default\/2026\/9\/[phone]\/JV\/JT\/IP\/[phone]\/image.jpeg"",""key"":""img_3175"",""status"":"""",""item_id"":"""",""is_img"":true}}",Photo uploaded but not added as a product as ..,image/jpeg,,,2026-09-03 15:38:56.000,,,,http://5.imimg.com/data5/WA_9696/Default/2026/9/640828980/JV/JT/IP/96255123/image.jpeg
397810023,96255123,5c65ed28-6425-40bf-8123-439d143ec87c,2,WhatsApp,,"{""queryImage"":{""img_src"":""http:\/\/5.imimg.com\/data5\/WA_9696\/Default\/2026\/9\/[phone]\/AV\/XM\/OM\/[phone]\/image.jpeg"",""key"":""img_5928"",""status"":"""",""item_id"":"""",""is_img"":true}}",Photo uploaded but not added as a product as ..,image/jpeg,,,2026-09-03 15:38:57.000,,,,http://5.imimg.com/data5/WA_9696/Default/2026/9/640828993/AV/XM/OM/96255123/image.jpeg
397820185,96255123,bf13fbd7-0346-40d6-acb9-3b90d4252fdd,,WhatsApp,,"Relationship Manager ""Shreyshi Tanvi"" has JOINED the chat 
 
Ph No:[phone]",,typed,,,2026-09-03 15:47:42.000,,,,
397821132,96255123,0989b364-5be7-4121-a608-fd8769b0f8ea,,WhatsApp,,"sir, do you have any other products which you want to add???",,typed,,,2026-09-03 15:48:31.000,,,,
397821527,96255123,5c65ed28-6425-40bf-8123-439d143ec87c,2,WhatsApp,Yes,,,typed,,,2026-09-03 15:48:48.000,agent_bargain,,,
397821835,96255123,107dfc97-87aa-494a-ba29-17d48fca885b,,WhatsApp,,"Relationship Manager ""Shreyshi Tanvi"" has JOINED the chat 
 
Ph No:[phone]",,typed,,,2026-09-03 15:49:03.000,,,,
397822288,96255123,5c65ed28-6425-40bf-8123-439d143ec87c,2,WhatsApp,,,,image/jpeg,,,2026-09-03 15:49:25.000,agent_bargain,,,http://5.imimg.com/data5/WA_9696/Default/2026/9/640835666/KC/SW/QV/96255123/image-1788430765-2628-918888777102.jpeg
397822300,96255123,5c65ed28-6425-40bf-8123-439d143ec87c,2,WhatsApp,,,,image/jpeg,,,2026-09-03 15:49:26.000,agent_bargain,,,http://5.imimg.com/data5/WA_9696/Default/2026/9/640835679/CH/LR/NB/96255123/image-1788430765-7942-918888777102.jpeg
397822308,96255123,5c65ed28-6425-40bf-8123-439d143ec87c,2,WhatsApp,,,,image/jpeg,,,2026-09-03 15:49:26.000,agent_bargain,,,http://5.imimg.com/data5/WA_9696/Default/2026/9/640835683/TH/ZN/QD/96255123/image-1788430766-1361-918888777102.jpeg
397822326,96255123,5c65ed28-6425-40bf-8123-439d143ec87c,2,WhatsApp,,,,image/jpeg,,,2026-09-03 15:49:27.000,agent_bargain,,,http://5.imimg.com/data5/WA_9696/Default/2026/9/640835696/HW/LD/DE/96255123/image-1788430766-9592-918888777102.jpeg
397822332,96255123,5c65ed28-6425-40bf-8123-439d143ec87c,2,WhatsApp,,,,image/jpeg,,,2026-09-03 15:49:27.000,agent_bargain,,,http://5.imimg.com/data5/WA_9696/Default/2026/9/640835699/UZ/PM/PD/96255123/image-1788430767-2466-918888777102.jpeg
397822358,96255123,5c65ed28-6425-40bf-8123-439d143ec87c,2,WhatsApp,,,,image/jpeg,,,2026-09-03 15:49:28.000,agent_bargain,,,http://5.imimg.com/data5/WA_9696/Default/2026/9/640835708/NV/NI/ZE/96255123/image-1788430768-2056-918888777102.jpeg
397822364,96255123,5c65ed28-6425-40bf-8123-439d143ec87c,2,WhatsApp,,,,image/jpeg,,,2026-09-03 15:49:28.000,agent_bargain,,,http://5.imimg.com/data5/WA_9696/Default/2026/9/640835710/QE/SN/YV/96255123/image-1788430768-4866-918888777102.jpeg
397822374,96255123,5c65ed28-6425-40bf-8123-439d143ec87c,2,WhatsApp,,,,image/jpeg,,,2026-09-03 15:49:29.000,agent_bargain,,,http://5.imimg.com/data5/WA_9696/Default/2026/9/640835721/UM/YA/IU/96255123/image-1788430768-9253-918888777102.jpeg
397822381,96255123,5c65ed28-6425-40bf-8123-439d143ec87c,2,WhatsApp,Kids cotton kurta paijama,,,typed,,,2026-09-03 15:49:29.000,agent_bargain,,,
397822390,96255123,5c65ed28-6425-40bf-8123-439d143ec87c,2,WhatsApp,,,,image/jpeg,,,2026-09-03 15:49:29.000,agent_bargain,,,http://5.imimg.com/data5/WA_9696/Default/2026/9/640835732/NX/ZG/FP/96255123/image-1788430769-7662-918888777102.jpeg
397822395,96255123,5c65ed28-6425-40bf-8123-439d143ec87c,2,WhatsApp,,,,image/jpeg,,,2026-09-03 15:49:30.000,agent_bargain,,,http://5.imimg.com/data5/WA_9696/Default/2026/9/640835734/JZ/AT/RS/96255123/image-1788430769-9785-918888777102.jpeg
397822417,96255123,5c65ed28-6425-40bf-8123-439d143ec87c,2,WhatsApp,,,,image/jpeg,,,2026-09-03 15:49:31.000,agent_bargain,,,http://5.imimg.com/data5/WA_9696/Default/2026/9/640835743/EV/DM/XJ/96255123/image-1788430771-0927-918888777102.jpeg
397822418,96255123,5c65ed28-6425-40bf-8123-439d143ec87c,2,WhatsApp,,,,image/jpeg,,,2026-09-03 15:49:31.000,agent_bargain,,,http://5.imimg.com/data5/WA_9696/Default/2026/9/640835744/GJ/DL/NR/96255123/image-1788430771-1051-918888777102.jpeg
397822440,96255123,5c65ed28-6425-40bf-8123-439d143ec87c,2,WhatsApp,,,,image/jpeg,,,2026-09-03 15:49:32.000,agent_bargain,,,http://5.imimg.com/data5/WA_9696/Default/2026/9/640835750/VV/HA/HB/96255123/image-1788430772-3179-918888777102.jpeg
397822444,96255123,5c65ed28-6425-40bf-8123-439d143ec87c,2,WhatsApp,,,,image/jpeg,,,2026-09-03 15:49:32.000,agent_bargain,,,http://5.imimg.com/data5/WA_9696/Default/2026/9/640835755/ZE/NK/ZO/96255123/image-1788430772-5101-918888777102.jpeg
397822455,96255123,5c65ed28-6425-40bf-8123-439d143ec87c,2,WhatsApp,,,,image/jpeg,,,2026-09-03 15:49:33.000,agent_bargain,,,http://5.imimg.com/data5/WA_9696/Default/2026/9/640835765/KT/MM/LZ/96255123/image-1788430773-4715-918888777102.jpeg
397822847,96255123,fe2350e8-3073-470b-9de3-19665b69c973,,WhatsApp,,Please share your all products images and website link and justdial link as well...,,typed,,,2026-09-03 15:49:54.000,,,,
397822961,96255123,5c65ed28-6425-40bf-8123-439d143ec87c,2,WhatsApp,Mens printed kurta paijama set,,,typed,,,2026-09-03 15:49:59.000,agent_bargain,,,
397823517,96255123,5c65ed28-6425-40bf-8123-439d143ec87c,2,WhatsApp,,,,image/jpeg,,,2026-09-03 15:50:30.000,agent_bargain,,,http://5.imimg.com/data5/WA_9696/Default/2026/9/640836319/MF/UP/GI/96255123/image-1788430830-8605-918888777102.jpeg
397823531,96255123,5c65ed28-6425-40bf-8123-439d143ec87c,2,WhatsApp,,,,image/jpeg,,,2026-09-03 15:50:31.000,agent_bargain,,,http://5.imimg.com/data5/WA_9696/Default/2026/9/640836328/VN/LB/AY/96255123/image-1788430831-4408-918888777102.jpeg
397823544,96255123,5c65ed28-6425-40bf-8123-439d143ec87c,2,WhatsApp,,,,image/jpeg,,,2026-09-03 15:50:32.000,agent_bargain,,,http://5.imimg.com/data5/WA_9696/Default/2026/9/640836339/TA/BE/YG/96255123/image-1788430832-1414-918888777102.jpeg
397823549,96255123,5c65ed28-6425-40bf-8123-439d143ec87c,2,WhatsApp,,,,image/jpeg,,,2026-09-03 15:50:32.000,agent_bargain,,,http://5.imimg.com/data5/WA_9696/Default/2026/9/640836344/EX/KD/OI/96255123/image-1788430832-3916-918888777102.jpeg
397823563,96255123,5c65ed28-6425-40bf-8123-439d143ec87c,2,WhatsApp,,,,image/jpeg,,,2026-09-03 15:50:33.000,agent_bargain,,,http://5.imimg.com/data5/WA_9696/Default/2026/9/640836355/QB/HR/LG/96255123/image-1788430833-0241-918888777102.jpeg
397823580,96255123,5c65ed28-6425-40bf-8123-439d143ec87c,2,WhatsApp,,,,image/jpeg,,,2026-09-03 15:50:34.000,agent_bargain,,,http://5.imimg.com/data5/WA_9696/Default/2026/9/640836360/NK/VN/DV/96255123/image-1788430833-9905-918888777102.jpeg
397823600,96255123,5c65ed28-6425-40bf-8123-439d143ec87c,2,WhatsApp,,,,image/jpeg,,,2026-09-03 15:50:35.000,agent_bargain,,,http://5.imimg.com/data5/WA_9696/Default/2026/9/640836372/TO/EC/UV/96255123/image-1788430834-9513-918888777102.jpeg
397823739,96255123,5c65ed28-6425-40bf-8123-439d143ec87c,2,WhatsApp,.,,,typed,,,2026-09-03 15:50:43.000,agent_bargain,,,
397824006,96255123,cf24e0bd-fb19-477b-994d-a3e27bc61258,,WhatsApp,,"Relationship Manager ""Shreyshi Tanvi"" has JOINED the chat 
 
Ph No:[phone]",,typed,,,2026-09-03 15:50:59.000,,,,
397824511,96255123,d1d20423-b863-4408-8b81-5538422d364b,,WhatsApp,,And please share your office area and manufacturing unit images..,,typed,,,2026-09-03 15:51:27.000,,,,
397824605,96255123,5c65ed28-6425-40bf-8123-439d143ec87c,2,WhatsApp,,,,image/jpeg,,,2026-09-03 15:51:33.000,agent_bargain,,,http://5.imimg.com/data5/WA_9696/Default/2026/9/640836916/KP/GL/RL/96255123/image-1788430893-0186-918888777102.jpeg
397824619,96255123,5c65ed28-6425-40bf-8123-439d143ec87c,2,WhatsApp,,,,image/jpeg,,,2026-09-03 15:51:33.000,agent_bargain,,,http://5.imimg.com/data5/WA_9696/Default/2026/9/640836924/FF/IR/LH/96255123/image-1788430893-4042-918888777102.jpeg
397824650,96255123,5c65ed28-6425-40bf-8123-439d143ec87c,2,WhatsApp,,,,image/jpeg,,,2026-09-03 15:51:34.000,agent_bargain,,,http://5.imimg.com/data5/WA_9696/Default/2026/9/640836946/ZD/NW/OP/96255123/image-1788430894-7355-918888777102.jpeg
397824653,96255123,5c65ed28-6425-40bf-8123-439d143ec87c,2,WhatsApp,,,,image/jpeg,,,2026-09-03 15:51:34.000,agent_bargain,,,http://5.imimg.com/data5/WA_9696/Default/2026/9/640836948/EU/RQ/OI/96255123/image-1788430894-8346-918888777102.jpeg
397824665,96255123,5c65ed28-6425-40bf-8123-439d143ec87c,2,WhatsApp,,,,image/jpeg,,,2026-09-03 15:51:35.000,agent_bargain,,,http://5.imimg.com/data5/WA_9696/Default/2026/9/640836953/TX/NU/DX/96255123/image-1788430895-6008-918888777102.jpeg
397824672,96255123,5c65ed28-6425-40bf-8123-439d143ec87c,2,WhatsApp,,,,image/jpeg,,,2026-09-03 15:51:36.000,agent_bargain,,,http://5.imimg.com/data5/WA_9696/Default/2026/9/640836960/WX/KR/FY/96255123/image-1788430895-9834-918888777102.jpeg
397824683,96255123,5c65ed28-6425-40bf-8123-439d143ec87c,2,WhatsApp,,,,image/jpeg,,,2026-09-03 15:51:36.000,agent_bargain,,,http://5.imimg.com/data5/WA_9696/Default/2026/9/640836967/FB/ME/NM/96255123/image-1788430896-4905-918888777102.jpeg
397824688,96255123,5c65ed28-6425-40bf-8123-439d143ec87c,2,WhatsApp,Kids printed kurta paijama set,,,typed,,,2026-09-03 15:51:36.000,agent_bargain,,,
397824693,96255123,5c65ed28-6425-40bf-8123-439d143ec87c,2,WhatsApp,,,,image/jpeg,,,2026-09-03 15:51:37.000,agent_bargain,,,http://5.imimg.com/data5/WA_9696/Default/2026/9/640836971/EQ/JL/OP/96255123/image-1788430897-0688-918888777102.jpeg
397826241,96255123,5c65ed28-6425-40bf-8123-439d143ec87c,2,WhatsApp,,,,image/jpeg,,,2026-09-03 15:53:02.000,agent_bargain,,,http://5.imimg.com/data5/WA_9696/Default/2026/9/640837798/UV/RN/WB/96255123/image-1788430982-5741-918888777102.jpeg
397826258,96255123,5c65ed28-6425-40bf-8123-439d143ec87c,2,WhatsApp,,,,image/jpeg,,,2026-09-03 15:53:03.000,agent_bargain,,,http://5.imimg.com/data5/WA_9696/Default/2026/9/640837808/DN/OW/IZ/96255123/image-1788430983-2047-918888777102.jpeg
397826282,96255123,5c65ed28-6425-40bf-8123-439d143ec87c,2,WhatsApp,,,,image/jpeg,,,2026-09-03 15:53:04.000,agent_bargain,,,http://5.imimg.com/data5/WA_9696/Default/2026/9/640837831/UX/FP/ZU/96255123/image-1788430984-6512-918888777102.jpeg
397826283,96255123,5c65ed28-6425-40bf-8123-439d143ec87c,2,WhatsApp,,,,image/jpeg,,,2026-09-03 15:53:04.000,agent_bargain,,,http://5.imimg.com/data5/WA_9696/Default/2026/9/640837834/JV/TK/ZB/96255123/image-1788430984-8287-918888777102.jpeg
397826289,96255123,5c65ed28-6425-40bf-8123-439d143ec87c,2,WhatsApp,,,,image/jpeg,,,2026-09-03 15:53:05.000,agent_bargain,,,http://5.imimg.com/data5/WA_9696/Default/2026/9/640837835/UY/KO/MA/96255123/image-1788430985-1279-918888777102.jpeg
397826304,96255123,5c65ed28-6425-40bf-8123-439d143ec87c,2,WhatsApp,,,,image/jpeg,,,2026-09-03 15:53:06.000,agent_bargain,,,http://5.imimg.com/data5/WA_9696/Default/2026/9/640837840/LG/XO/VL/96255123/image-1788430985-9716-918888777102.jpeg
397826312,96255123,5c65ed28-6425-40bf-8123-439d143ec87c,2,WhatsApp,,,,image/jpeg,,,2026-09-03 15:53:06.000,agent_bargain,,,http://5.imimg.com/data5/WA_9696/Default/2026/9/640837846/MG/VA/SA/96255123/image-1788430986-3974-918888777102.jpeg
397826322,96255123,5c65ed28-6425-40bf-8123-439d143ec87c,2,WhatsApp,,,,image/jpeg,,,2026-09-03 15:53:06.000,agent_bargain,,,http://5.imimg.com/data5/WA_9696/Default/2026/9/640837850/ZT/AV/LT/96255123/image-1788430986-7184-918888777102.jpeg
397826344,96255123,5c65ed28-6425-40bf-8123-439d143ec87c,2,WhatsApp,,,,image/jpeg,,,2026-09-03 15:53:08.000,agent_bargain,,,http://5.imimg.com/data5/WA_9696/Default/2026/9/640837871/DI/BG/CJ/96255123/image-1788430987-9428-918888777102.jpeg
397826345,96255123,5c65ed28-6425-40bf-8123-439d143ec87c,2,WhatsApp,,,,image/jpeg,,,2026-09-03 15:53:08.000,agent_bargain,,,http://5.imimg.com/data5/WA_9696/Default/2026/9/640837872/TU/AY/MI/96255123/image-1788430987-9532-918888777102.jpeg
397826361,96255123,5c65ed28-6425-40bf-8123-439d143ec87c,2,WhatsApp,,,,image/jpeg,,,2026-09-03 15:53:08.000,agent_bargain,,,http://5.imimg.com/data5/WA_9696/Default/2026/9/640837882/XY/ET/VK/96255123/image-1788430988-8555-918888777102.jpeg
397826385,96255123,5c65ed28-6425-40bf-8123-439d143ec87c,2,WhatsApp,,,,image/jpeg,,,2026-09-03 15:53:10.000,agent_bargain,,,http://5.imimg.com/data5/WA_9696/Default/2026/9/640837901/XW/QF/OA/96255123/image-1788430990-2463-918888777102.jpeg
397826392,96255123,5c65ed28-6425-40bf-8123-439d143ec87c,2,WhatsApp,,,,image/jpeg,,,2026-09-03 15:53:10.000,agent_bargain,,,http://5.imimg.com/data5/WA_9696/Default/2026/9/640837908/VQ/DC/OS/96255123/image-1788430990-5692-918888777102.jpeg
397826396,96255123,5c65ed28-6425-40bf-8123-439d143ec87c,2,WhatsApp,,,,image/jpeg,,,2026-09-03 15:53:10.000,agent_bargain,,,http://5.imimg.com/data5/WA_9696/Default/2026/9/640837912/IZ/HQ/UC/96255123/image-1788430990-8185-918888777102.jpeg
397826399,96255123,5c65ed28-6425-40bf-8123-439d143ec87c,2,WhatsApp,,,,image/jpeg,,,2026-09-03 15:53:11.000,agent_bargain,,,http://5.imimg.com/data5/WA_9696/Default/2026/9/640837913/QG/BX/BK/96255123/image-1788430990-9292-918888777102.jpeg
397826421,96255123,5c65ed28-6425-40bf-8123-439d143ec87c,2,WhatsApp,Mens linen kurta paijama set,,,typed,,,2026-09-03 15:53:11.000,agent_bargain,,,
397826431,96255123,5c65ed28-6425-40bf-8123-439d143ec87c,2,WhatsApp,,,,image/jpeg,,,2026-09-03 15:53:12.000,agent_bargain,,,http://5.imimg.com/data5/WA_9696/Default/2026/9/640837925/UW/OY/ML/96255123/image-1788430992-1372-918888777102.jpeg
397826434,96255123,5c65ed28-6425-40bf-8123-439d143ec87c,2,WhatsApp,,,,image/jpeg,,,2026-09-03 15:53:12.000,agent_bargain,,,http://5.imimg.com/data5/WA_9696/Default/2026/9/640837929/YK/RJ/YZ/96255123/image-1788430992-2267-918888777102.jpeg
397826456,96255123,5c65ed28-6425-40bf-8123-439d143ec87c,2,WhatsApp,,,,image/jpeg,,,2026-09-03 15:53:13.000,agent_bargain,,,http://5.imimg.com/data5/WA_9696/Default/2026/9/640837950/FC/JK/TS/96255123/image-1788430993-0295-918888777102.jpeg
397826499,96255123,5c65ed28-6425-40bf-8123-439d143ec87c,2,WhatsApp,,,,image/jpeg,,,2026-09-03 15:53:14.000,agent_bargain,,,http://5.imimg.com/data5/WA_9696/Default/2026/9/640837978/GC/HJ/EZ/96255123/image-1788430994-8377-918888777102.jpeg
397826802,96255123,5c65ed28-6425-40bf-8123-439d143ec87c,2,WhatsApp,"Sizes
36 38 40 42 44 46 48 50",,,typed,,,2026-09-03 15:53:28.000,agent_bargain,,,
397826846,96255123,5c65ed28-6425-40bf-8123-439d143ec87c,2,WhatsApp,In mens,,,typed,,,2026-09-03 15:53:31.000,agent_bargain,,,
397827050,96255123,5c65ed28-6425-40bf-8123-439d143ec87c,2,WhatsApp,In kids 1 years to 16 years,,,typed,,,2026-09-03 15:53:41.000,agent_bargain,,,
404987744,184577152,,,WhatsApp,,"Hi! *JSR Freezers Private Limited* tried to reach you 📞
Did you connect?",WA_Callback_Connect_Q,nudge,,,2026-09-10 05:11:14.000,,,,
404990388,184577152,,,WhatsApp,,"Hi! You just spoke with *United Agencies* 📞
Was the call helpful?",WA_Call_Feedback,nudge,,,2026-09-10 05:25:17.000,,,,
408951756,114584804,,,WhatsApp,,"Hi! *Dherya Mart* tried to reach you 📞
Did you connect?",WA_Callback_Connect_Q,nudge,,,2026-09-13 17:13:01.000,,,,
412021884,96255123,f9826b37-b72f-44fe-a714-2f94a0750975,2,WhatsApp,hi,"Hello, how can I help?
Add Products
Catalog Update?
Chat with Manager
New BuyLeads
Complaint",Default Welcome Intent WIP,typed,,,2026-09-16 13:55:14.000,,,,
412021949,96255123,e7bad60f-4ee9-451e-9faa-b8284c8e6052,,WhatsApp,,"Relationship Manager ""Kanha Agrawal"" has JOINED the chat 
 
Ph No:[phone]",,typed,,,2026-09-16 13:55:17.000,,,,
412022446,96255123,34ff3457-850d-416e-9e44-281d6e7d21ff,,WhatsApp,,https://meet.google.com/ksi-jjfw-ohr,,typed,,,2026-09-16 13:55:41.000,,,,
419697978,184577152,a5916d14-48af-491a-ba62-cf44d7a3fa1d,,WhatsApp8181,,"Your request is waiting, share details to get it approved.",Msite_BL_Quantity,clicked,,,2026-09-23 10:32:55.000,,,,
419704673,184577152,a5916d14-48af-491a-ba62-cf44d7a3fa1d,,WhatsApp8181,,Thank you message call cta,Msite_BL_Quantity,clicked,,,2026-09-23 10:37:56.000,,,,
419684030,184577152,a5916d14-48af-491a-ba62-cf44d7a3fa1d,,WhatsApp8181,Yes,"Please Enter Screen Size
32 inch
55 inch
43 inch

 More options
75 inch
65 inch
50 inch",Msite_BL_Quantity,clicked,,,2026-09-23 10:22:37.000,,,,
419690990,184577152,a5916d14-48af-491a-ba62-cf44d7a3fa1d,,WhatsApp8181,,How many *Piece*?,Msite_BL_Quantity,clicked,,,2026-09-23 10:27:38.000,,,,
419691364,184577152,a5916d14-48af-491a-ba62-cf44d7a3fa1d,,WhatsApp8181,32 inch,,Msite_BL_Quantity,clicked,,,2026-09-23 10:27:54.000,,,,
419691381,184577152,a5916d14-48af-491a-ba62-cf44d7a3fa1d,,WhatsApp8181,32 inch,Please enter number of *Piece* required. Example: 10 *Piece*.,Msite_BL_Quantity,clicked,,,2026-09-23 10:27:55.000,,,,
419760480,184577152,,,WhatsApp,,"Hi! *A.S.Enterprises* tried to reach you 📞
Did you connect?",WA_Callback_Connect_Q,nudge,,,2026-09-23 11:19:29.000,,,,
419786248,184577152,,,WhatsApp8181,,Enquiry for samsung led tv has been sent! Call Now for best price - A.S.Enterprises,no_call_nudge_ccs_seller,,,,2026-09-23 11:38:20.000,,,,
420293912,96255123,f4726aca-ebac-48f6-8fb3-bb622492da03,2,WhatsApp,Hi,"Hello, how can I help?
Add Products
Catalog Update?
Chat with Manager
New BuyLeads
Complaint",Default Welcome Intent WIP,typed,,,2026-09-23 18:14:13.000,,,,
420294007,96255123,f4726aca-ebac-48f6-8fb3-bb622492da03,2,WhatsApp,New BuyLeads,,BLD_Others,clicked,,,2026-09-23 18:14:18.000,,,,
420294023,96255123,f4726aca-ebac-48f6-8fb3-bb622492da03,2,WhatsApp,,No relevant BuyLeads found. Well send when available.,ABL_Exhausted_Notification_Eligible,system,,,2026-09-23 18:14:19.000,,,,
420294129,96255123,f4726aca-ebac-48f6-8fb3-bb622492da03,2,WhatsApp,Ok,,Small Talk and Auto Replies,typed,,,2026-09-23 18:14:25.000,,,,
420027502,184577152,a5916d14-48af-491a-ba62-cf44d7a3fa1d,,WhatsApp8181,,How was your chat experience with IndiaMart?,MSITE_CSAT,clicked,,,2026-09-23 14:37:58.000,,,,
424067188,96255123,f1fe79d8-2e79-4d46-be76-51a031e17a36,2,WhatsApp,Hii,,,typed,,,2026-09-25 12:17:26.000,agent_bargain,,,
424067274,96255123,559fdd54-c688-4d73-b05f-6e8030250166,,WhatsApp,,"Relationship Manager ""Akash Shishodia"" has JOINED the chat 
 
Ph No:[phone]",,typed,,,2026-09-25 12:17:29.000,,,,
424067524,96255123,b2d163c6-972d-46cb-8f3d-921eedbab74b,,WhatsApp,,are you satisidfied with catelogue sir,,typed,,,2026-09-25 12:17:40.000,,,,
424067868,96255123,2177ced4-56d2-4112-aa55-5f5be1fce2ab,,WhatsApp,,"Relationship Manager ""Akash Shishodia"" has JOINED the chat 
 
Ph No:[phone]",,typed,,,2026-09-25 12:17:55.000,,,,
424067987,96255123,f1fe79d8-2e79-4d46-be76-51a031e17a36,2,WhatsApp,I am satisfied,,,typed,,,2026-09-25 12:17:59.000,agent_bargain,,,
424068042,96255123,c937aa92-5586-4414-8db8-265ba0c24d36,,WhatsApp,,https://www.indiamart.com/kksonsco-kolhapur/,,typed,,,2026-09-25 12:18:02.000,,,,
424069540,96255123,f1fe79d8-2e79-4d46-be76-51a031e17a36,2,WhatsApp,,,,image/jpeg,,,2026-09-25 12:19:10.000,agent_bargain,,,http://5.imimg.com/data5/WA_9696/Default/2026/9/647371573/SF/SG/WN/96255123/image-1790318949-7581-919741697474.jpeg
314252641,120472012,441e6a61-7ef1-4a3f-9917-f6b60cef2bf4,,WhatsApp8181,First need to see sample and to approve to customer,,Msite_BL_Quantity,typed,,,2026-06-02 18:07:44.000,,,,
314252656,120472012,441e6a61-7ef1-4a3f-9917-f6b60cef2bf4,,WhatsApp8181,First need to see sample and to approve to customer,Noted! Please enter quantity.,Msite_BL_Quantity,typed,,,2026-06-02 18:07:45.000,,,,
314252966,120472012,441e6a61-7ef1-4a3f-9917-f6b60cef2bf4,,WhatsApp8181,200 to 300 mtr,,Msite_BL_Quantity,typed,,,2026-06-02 18:08:06.000,,,,
314252981,120472012,441e6a61-7ef1-4a3f-9917-f6b60cef2bf4,,WhatsApp8181,200 to 300 mtr,Noted! Please enter quantity.,Msite_BL_Quantity,typed,,,2026-06-02 18:08:06.000,,,,
314253176,120472012,441e6a61-7ef1-4a3f-9917-f6b60cef2bf4,,WhatsApp8181,300,"Please Enter Linen Content
30 %
50 %
55 %

 More options
20 %
15 %
40 %",Msite_BL_Quantity,typed,,,2026-06-02 18:08:19.000,,,,
314253493,120472012,441e6a61-7ef1-4a3f-9917-f6b60cef2bf4,,WhatsApp8181,55 %,"Please Enter Application
Shirting
Trousers
Women Dresses

 More options
Suiting
Kurta Pajama
Ladies Wear",Msite_BL_Spec,clicked,,,2026-06-02 18:08:42.000,,,,
314253715,120472012,441e6a61-7ef1-4a3f-9917-f6b60cef2bf4,,WhatsApp8181,Women Dresses,"Please Enter Width
58 inch
44 inch
Bada Panna

 More options
56 inch
63 inch
54 inch",Msite_BL_Spec,clicked,,,2026-06-02 18:08:58.000,,,,
314253729,120472012,441e6a61-7ef1-4a3f-9917-f6b60cef2bf4,,WhatsApp8181,Kurta Pajama,Share photos for your requirements!,Msite_BL,clicked,,,2026-06-02 18:08:59.000,,,,
314254081,120472012,441e6a61-7ef1-4a3f-9917-f6b60cef2bf4,,WhatsApp8181,44 inch,"Thank you! 

Your requirement for Cotton Linen Fabric has been received.",Msite_BL,clicked,,,2026-06-02 18:09:24.000,,,,
314254171,120472012,441e6a61-7ef1-4a3f-9917-f6b60cef2bf4,,WhatsApp8181,56 inch,"Okay, 56 inch is noted as Width for your requirement.",liveCustomer_Buyer_Buy_Product,clicked,,,2026-06-02 18:09:30.000,,,,
374299986,114584804,1628bb8a-53c0-47b0-87dc-a81c1b8a33e2,,WhatsApp8181,YES,"Please Enter Height
30 cm
45 cm
25 cm

 More options
60 cm
18 cm
90 cm (3 ft)",Msite_BL_Quantity,clicked,,,2026-08-09 11:14:25.000,,,,
374304865,114584804,1628bb8a-53c0-47b0-87dc-a81c1b8a33e2,,WhatsApp8181,,How many *Piece*?,Msite_BL_Quantity,clicked,,,2026-08-09 11:19:26.000,,,,
374309771,114584804,1628bb8a-53c0-47b0-87dc-a81c1b8a33e2,,WhatsApp8181,,"Share details for approval.
Delete Requirement
Enter Other Details",Msite_BL_Quantity,clicked,,,2026-08-09 11:24:26.000,,,,
374309785,114584804,1628bb8a-53c0-47b0-87dc-a81c1b8a33e2,,WhatsApp8181,,Thank you message call cta,Msite_BL_Quantity,clicked,,,2026-08-09 11:24:27.000,,,,
382794788,114584804,,,WhatsApp8181,,Enquiry for  has been sent! Call Now for best price - Manchester Industries,no_call_nudge_ccs_seller,,,,2026-08-18 12:04:53.000,,,,
382711968,114584804,52d19c0d-6519-45ee-93e9-4ca2090c3c62,,WhatsApp8181,YES,"Please Enter Body Material
Glass
Ceramic
Wood

 More options
Steel
Plastic
Mosaic Glass",Msite_BL_Quantity,clicked,,,2026-08-18 10:52:15.000,,,,
382712125,114584804,52d19c0d-6519-45ee-93e9-4ca2090c3c62,,WhatsApp8181,Glass,,Msite_BL_Spec,clicked,,,2026-08-18 10:52:23.000,,,,
382712141,114584804,52d19c0d-6519-45ee-93e9-4ca2090c3c62,,WhatsApp8181,Glass,How many *Piece*?,Msite_BL,clicked,,,2026-08-18 10:52:23.000,,,,
382712674,114584804,52d19c0d-6519-45ee-93e9-4ca2090c3c62,,WhatsApp8181,1,"Please Enter Features
Night Lamp
Non-Auto Cut
Auto-cut

 More options
On/Off Switch
Bulb Heater
Manual Switch",Msite_BL_Quantity,clicked,,,2026-08-18 10:52:47.000,,,,
382713188,114584804,52d19c0d-6519-45ee-93e9-4ca2090c3c62,,WhatsApp8181,Night Lamp,"Please Enter Design & Aesthetics
Religious Theme
Mosaic
Black

 More options
Floral
Series M/C
Mixed Design",Msite_BL_Spec,clicked,,,2026-08-18 10:53:10.000,,,,
382713191,114584804,52d19c0d-6519-45ee-93e9-4ca2090c3c62,,WhatsApp8181,On/Off Switch,Share photos for your requirements!,Msite_BL,clicked,,,2026-08-18 10:53:10.000,,,,
382718848,114584804,52d19c0d-6519-45ee-93e9-4ca2090c3c62,,WhatsApp8181,,Thank you message call cta,Msite_BL,clicked,,,2026-08-18 10:58:11.000,,,,
382718862,114584804,52d19c0d-6519-45ee-93e9-4ca2090c3c62,,WhatsApp8181,,"Enter Design & Aesthetics to get best quotation
Religious Theme
Mosaic
Black

 More options
Floral
Series M/C
Mixed Design",Msite_BL_Spec,clicked,,,2026-08-18 10:58:12.000,,,,
382724298,114584804,52d19c0d-6519-45ee-93e9-4ca2090c3c62,,WhatsApp8181,,"Share details for approval.
Delete Requirement
Enter Other Details",Msite_BL_Spec,clicked,,,2026-08-18 11:03:13.000,,,,
382724315,114584804,52d19c0d-6519-45ee-93e9-4ca2090c3c62,,WhatsApp8181,,Thank you message call cta,Msite_BL_Spec,clicked,,,2026-08-18 11:03:14.000,,,,
383860179,114584804,3729ef3d-3ed9-4f00-b18d-99c7eeef2dab,,WhatsApp,"https://m.indiamart.com/pd/2857717109730?0315181

Hello *Gadhiya Impex*,
Need best price for 2 Pcs Kitchen Mats.","Please Enter Material
Rubber
EVA
Microfiber

 More options
PVC
Silicone
Cotton",Msite_BL_Quantity,pre-filled,,,2026-08-19 11:48:42.000,,,,
383860426,114584804,3729ef3d-3ed9-4f00-b18d-99c7eeef2dab,,WhatsApp,Rubber,,Msite_BL_Spec,clicked,,,2026-08-19 11:48:53.000,,,,
383860438,114584804,3729ef3d-3ed9-4f00-b18d-99c7eeef2dab,,WhatsApp,Rubber,How many *Piece*?,Msite_BL,clicked,,,2026-08-19 11:48:54.000,,,,
383861357,114584804,3729ef3d-3ed9-4f00-b18d-99c7eeef2dab,,WhatsApp,300,"Please Enter Size
40x60 cm
2x3 ft
30x40 cm

 More options
38x58 cm
45x120 cm
40x120 cm",Msite_BL_Quantity,clicked,,,2026-08-19 11:49:40.000,,,,
383868139,114584804,3729ef3d-3ed9-4f00-b18d-99c7eeef2dab,,WhatsApp,,How many *Piece*?,Msite_BL_Quantity,clicked,,,2026-08-19 11:54:39.000,,,,
383869507,114584804,3729ef3d-3ed9-4f00-b18d-99c7eeef2dab,,WhatsApp,,"Hi! You just spoke with *NDM Exim* 📞
Was the call helpful?",WA_Call_Feedback,nudge,,,2026-08-19 11:55:42.000,,,,
383871415,114584804,3729ef3d-3ed9-4f00-b18d-99c7eeef2dab,,WhatsApp,40x60 cm,Share photos for your requirements!,Msite_BL,clicked,,,2026-08-19 11:57:08.000,,,,
383871870,114584804,3729ef3d-3ed9-4f00-b18d-99c7eeef2dab,,WhatsApp,,"{""queryImage"":{""img_src"":""http:\/\/5.imimg.com\/data5\/WA_9696\/Default\/2026\/8\/[phone]\/AE\/UJ\/NC\/[phone]\/image.jpeg"",""key"":""img_6233"",""status"":"""",""item_id"":"""",""is_img"":true}}",Photo uploaded but not added as a product,image/jpeg,,,2026-08-19 11:57:27.000,,,,http://5.imimg.com/data5/WA_9696/Default/2026/8/636355337/AE/UJ/NC/114584804/image.jpeg
383871874,114584804,3729ef3d-3ed9-4f00-b18d-99c7eeef2dab,,WhatsApp,,Thank you message templated,Msite_BL,clicked,,,2026-08-19 11:57:28.000,,,,
383878596,114584804,3729ef3d-3ed9-4f00-b18d-99c7eeef2dab,,WhatsApp,,"Hi! You just spoke with *Gadhiya Impex* 📞
Was the call helpful?",WA_Call_Feedback,nudge,,,2026-08-19 12:02:43.000,,,,
282660514,35178446,7f2fe3c6-2b80-449a-9a6c-f9ab47f22650,,WhatsApp,Hi,"Hello, how can we help you today?
Buy
Paid Services
Update Company Info
Other Options
Raise a Complaint
Call IndiaMART
Deactivate account
View Help Videos",Default Welcome Intent,typed,,,2026-04-24 11:13:15.000,,1.0,,
392992115,96255123,b4dbbdfd-8f41-4f00-9e63-b04ffd600d3d,2,WhatsApp,"https://m.indiamart.com/pd/2853426990133?4059717

Hello *Anand International*,
Need best price for Gray Plain Cotton Comforter Set, For Everyday Use, Size: Double",Enter your home city,Msite_BL,pre-filled,,,2026-08-29 17:17:49.000,,,,
392992514,96255123,b4dbbdfd-8f41-4f00-9e63-b04ffd600d3d,2,WhatsApp,,Enter Delivery City,Msite_BL,clicked,,,2026-08-29 17:18:13.000,,,,
392992684,96255123,b4dbbdfd-8f41-4f00-9e63-b04ffd600d3d,2,WhatsApp,Other,Please share the city name or 6-digit PIN code.,Msite_BL,clicked,,,2026-08-29 17:18:23.000,,,,
392992846,96255123,b4dbbdfd-8f41-4f00-9e63-b04ffd600d3d,2,WhatsApp,,"Please Enter Bed Size
Double Bed
Single
King Size

 More options
Queen Size",Msite_BL_Quantity,typed,,,2026-08-29 17:18:32.000,,,,
392992977,96255123,b4dbbdfd-8f41-4f00-9e63-b04ffd600d3d,2,WhatsApp,King Size,,Msite_BL_Spec,clicked,,,2026-08-29 17:18:39.000,,,,
392992987,96255123,b4dbbdfd-8f41-4f00-9e63-b04ffd600d3d,2,WhatsApp,King Size,How many *piece*?,Msite_BL,clicked,,,2026-08-29 17:18:40.000,,,,
392993176,96255123,b4dbbdfd-8f41-4f00-9e63-b04ffd600d3d,2,WhatsApp,100,"Please Enter Fabric Material
Cotton
Glace Cotton
Microfiber

 More options
Cotton Satin
JC Fabric
Velvet",Msite_BL_Quantity,clicked,,,2026-08-29 17:18:53.000,,,,
392993291,96255123,b4dbbdfd-8f41-4f00-9e63-b04ffd600d3d,2,WhatsApp,Cotton Satin,"Please Enter Dimensions
90 x 100 inch
90 x 90 inch
108 x 108 inch

 More options
76 x 90 inch
100 x 108 inch
72 x 88 inch",Msite_BL_Spec,clicked,,,2026-08-29 17:19:00.000,,,,
392993292,96255123,b4dbbdfd-8f41-4f00-9e63-b04ffd600d3d,2,WhatsApp,Cotton,Share photos for your requirements!,Msite_BL,clicked,,,2026-08-29 17:19:00.000,,,,
392993341,96255123,b4dbbdfd-8f41-4f00-9e63-b04ffd600d3d,2,WhatsApp,Velvet,"Thank You!
Your requirement for *Cotton Comforter Set* has been received.
Sellers will connect with you soon.",Msite_BL,clicked,,,2026-08-29 17:19:04.000,,,,
392993362,96255123,b4dbbdfd-8f41-4f00-9e63-b04ffd600d3d,2,WhatsApp,100 x 108 inch,"Okay, 100 x 108 inch is noted as Dimensions for your requirement.",liveCustomer_Buyer_Buy_Product,clicked,,,2026-08-29 17:19:05.000,,,,
392993385,96255123,b4dbbdfd-8f41-4f00-9e63-b04ffd600d3d,2,WhatsApp,108 x 108 inch,"Okay, 108 x 108 inch is noted as Dimensions for your requirement.",liveCustomer_Buyer_Buy_Product,clicked,,,2026-08-29 17:19:07.000,,,,
327713882,120472012,802aca2f-d955-4269-8981-82d0583ff7ee,,WhatsApp8181,YES,"Please Enter Linen Content
30 %
50 %
55 %

 More options
20 %
15 %
40 %",Msite_BL_Quantity,clicked,,,2026-06-17 17:45:05.000,,,,
327714087,120472012,802aca2f-d955-4269-8981-82d0583ff7ee,,WhatsApp8181,30 %,,Msite_BL_Spec,clicked,,,2026-06-17 17:45:15.000,,,,
327714103,120472012,802aca2f-d955-4269-8981-82d0583ff7ee,,WhatsApp8181,30 %,How many *Meter*?,Msite_BL,clicked,,,2026-06-17 17:45:16.000,,,,
327714404,120472012,802aca2f-d955-4269-8981-82d0583ff7ee,,WhatsApp8181,500,"Please Enter Application
Shirting
Trousers
Women Dresses

 More options
Suiting
Kurta Pajama
Ladies Wear",Msite_BL_Quantity,clicked,,,2026-06-17 17:45:30.000,,,,
327714691,120472012,802aca2f-d955-4269-8981-82d0583ff7ee,,WhatsApp8181,Women Dresses,"Please Enter Width
58 inch
44 inch
Bada Panna

 More options
56 inch
63 inch
54 inch",Msite_BL_Spec,clicked,,,2026-06-17 17:45:43.000,,,,
327714879,120472012,802aca2f-d955-4269-8981-82d0583ff7ee,,WhatsApp8181,58 inch,,Msite_BL_Spec,clicked,,,2026-06-17 17:45:52.000,,,,
327714892,120472012,802aca2f-d955-4269-8981-82d0583ff7ee,,WhatsApp8181,58 inch,Share photos for your requirements!,Msite_BL,clicked,,,2026-06-17 17:45:53.000,,,,
327714916,120472012,802aca2f-d955-4269-8981-82d0583ff7ee,,WhatsApp8181,56 inch,"Thank you! 

Your requirement for Soft Cotton Linen Fabric has been received.",Msite_BL,clicked,,,2026-06-17 17:45:54.000,,,,
327715723,120472012,802aca2f-d955-4269-8981-82d0583ff7ee,,WhatsApp8181,,"{""queryImage"":{""img_src"":""http:\/\/5.imimg.com\/data5\/WA_9696\/Default\/2026\/6\/[phone]\/XX\/BE\/SY\/[phone]\/image.jpeg"",""key"":""img_4020"",""status"":""Thanks, we have noted your requirement."",""item_id"":"""",""is_img"":true}}",Photo uploaded but not added as a product as ..,image/jpeg,,,2026-06-17 17:46:32.000,,,,http://5.imimg.com/data5/WA_9696/Default/2026/6/617373992/XX/BE/SY/120472012/image.jpeg
327715740,120472012,802aca2f-d955-4269-8981-82d0583ff7ee,,WhatsApp8181,,"{""queryImage"":{""img_src"":""http:\/\/5.imimg.com\/data5\/WA_9696\/Default\/2026\/6\/[phone]\/XH\/JY\/WT\/[phone]\/image.jpeg"",""key"":""img_5297"",""status"":"""",""item_id"":"""",""is_img"":true}}",Photo uploaded but not added as a product as ..,image/jpeg,,,2026-06-17 17:46:33.000,,,,http://5.imimg.com/data5/WA_9696/Default/2026/6/617374003/XH/JY/WT/120472012/image.jpeg
331910520,243689317,a10a83c4-1fb4-4635-a021-777e50b5e3af,,WhatsApp,,"{""queryImage"":{""img_src"":""http:\/\/5.imimg.com\/data5\/WA_9696\/Default\/2026\/6\/[phone]\/OP\/FQ\/HT\/[phone]\/image.jpeg"",""key"":""img_8176"",""status"":""Hi \n\nWhat is the Photo for ?\n Buy \nSell"",""item_id"":"""",""is_img"":true}}",Photo uploaded but not added as a product as ..,image/jpeg,,,2026-06-22 14:02:08.000,,,,http://5.imimg.com/data5/WA_9696/Default/2026/6/618646003/OP/FQ/HT/243689317/image.jpeg
331911042,243689317,a10a83c4-1fb4-4635-a021-777e50b5e3af,,WhatsApp,,"{""queryImage"":{""img_src"":""http:\/\/5.imimg.com\/data5\/WA_9696\/Default\/2026\/6\/[phone]\/KM\/IB\/LU\/[phone]\/image.jpeg"",""key"":""img_709"",""status"":"""",""item_id"":"""",""is_img"":true}}",Photo uploaded but not added as a product as ..,image/jpeg,,,2026-06-22 14:02:39.000,,,,http://5.imimg.com/data5/WA_9696/Default/2026/6/618646291/KM/IB/LU/243689317/image.jpeg
331911048,243689317,a10a83c4-1fb4-4635-a021-777e50b5e3af,,WhatsApp,,"{""queryImage"":{""img_src"":""http:\/\/5.imimg.com\/data5\/WA_9696\/Default\/2026\/6\/[phone]\/PP\/ME\/LO\/[phone]\/image.jpeg"",""key"":""img_7126"",""status"":"""",""item_id"":"""",""is_img"":true}}",Photo uploaded but not added as a product as ..,image/jpeg,,,2026-06-22 14:02:39.000,,,,http://5.imimg.com/data5/WA_9696/Default/2026/6/618646292/PP/ME/LO/243689317/image.jpeg
331911050,243689317,a10a83c4-1fb4-4635-a021-777e50b5e3af,,WhatsApp,,"{""queryImage"":{""img_src"":""http:\/\/5.imimg.com\/data5\/WA_9696\/Default\/2026\/6\/[phone]\/TC\/KX\/GL\/[phone]\/image.jpeg"",""key"":""img_6469"",""status"":"""",""item_id"":"""",""is_img"":true}}",Photo uploaded but not added as a product as ..,image/jpeg,,,2026-06-22 14:02:40.000,,,,http://5.imimg.com/data5/WA_9696/Default/2026/6/618646294/TC/KX/GL/243689317/image.jpeg
331911078,243689317,a10a83c4-1fb4-4635-a021-777e50b5e3af,,WhatsApp,,"{""queryImage"":{""img_src"":""http:\/\/5.imimg.com\/data5\/WA_9696\/Default\/2026\/6\/[phone]\/GY\/BY\/JW\/[phone]\/image.jpeg"",""key"":""img_3974"",""status"":"""",""item_id"":"""",""is_img"":true}}",Photo uploaded but not added as a product as ..,image/jpeg,,,2026-06-22 14:02:41.000,,,,http://5.imimg.com/data5/WA_9696/Default/2026/6/618646313/GY/BY/JW/243689317/image.jpeg
331913681,243689317,a10a83c4-1fb4-4635-a021-777e50b5e3af,,WhatsApp,,"{""queryImage"":{""img_src"":""http:\/\/5.imimg.com\/data5\/WA_9696\/Default\/2026\/6\/[phone]\/DT\/LJ\/VH\/[phone]\/image.jpeg"",""key"":""img_2640"",""status"":"""",""item_id"":"""",""is_img"":true}}",Photo uploaded but not added as a product as ..,image/jpeg,,,2026-06-22 14:05:18.000,,,,http://5.imimg.com/data5/WA_9696/Default/2026/6/618647503/DT/LJ/VH/243689317/image.jpeg
331914174,243689317,a10a83c4-1fb4-4635-a021-777e50b5e3af,,WhatsApp,,"{""queryImage"":{""img_src"":""http:\/\/5.imimg.com\/data5\/WA_9696\/Default\/2026\/6\/[phone]\/FI\/RT\/XB\/[phone]\/image.jpeg"",""key"":""img_9637"",""status"":"""",""item_id"":"""",""is_img"":true}}",Photo uploaded but not added as a product as ..,image/jpeg,,,2026-06-22 14:05:46.000,,,,http://5.imimg.com/data5/WA_9696/Default/2026/6/618647764/FI/RT/XB/243689317/image.jpeg
331914199,243689317,a10a83c4-1fb4-4635-a021-777e50b5e3af,,WhatsApp,,"{""queryImage"":{""img_src"":""http:\/\/5.imimg.com\/data5\/WA_9696\/Default\/2026\/6\/[phone]\/HK\/EJ\/ZE\/[phone]\/image.jpeg"",""key"":""img_1434"",""status"":"""",""item_id"":"""",""is_img"":true}}",Photo uploaded but not added as a product as ..,image/jpeg,,,2026-06-22 14:05:47.000,,,,http://5.imimg.com/data5/WA_9696/Default/2026/6/618647787/HK/EJ/ZE/243689317/image.jpeg
331914332,243689317,a10a83c4-1fb4-4635-a021-777e50b5e3af,,WhatsApp,,"{""queryImage"":{""img_src"":""http:\/\/5.imimg.com\/data5\/WA_9696\/Default\/2026\/6\/[phone]\/MA\/JQ\/GA\/[phone]\/image.jpeg"",""key"":""img_6485"",""status"":"""",""item_id"":"""",""is_img"":true}}",Photo uploaded but not added as a product as ..,image/jpeg,,,2026-06-22 14:05:55.000,,,,http://5.imimg.com/data5/WA_9696/Default/2026/6/618647860/MA/JQ/GA/243689317/image.jpeg
331914463,243689317,a10a83c4-1fb4-4635-a021-777e50b5e3af,,WhatsApp,,"{""queryImage"":{""img_src"":""http:\/\/5.imimg.com\/data5\/WA_9696\/Default\/2026\/6\/[phone]\/DN\/SA\/ZD\/[phone]\/image.jpeg"",""key"":""img_4615"",""status"":"""",""item_id"":"""",""is_img"":true}}",Photo uploaded but not added as a product as ..,image/jpeg,,,2026-06-22 14:06:03.000,,,,http://5.imimg.com/data5/WA_9696/Default/2026/6/618647939/DN/SA/ZD/243689317/image.jpeg
331914526,243689317,a10a83c4-1fb4-4635-a021-777e50b5e3af,,WhatsApp,Sell,"Your photo has been uploaded.
Add your photo as a Product 
Add to Catalog: https://seller.indiamart.com/gallery?m=[phone]",Photo_Menu_Sell,clicked,,,2026-06-22 14:06:06.000,,,,
356473042,114584804,64087b27-ae7f-4aba-953f-32ecabb8c62a,,WhatsApp8181,YES,"Please Enter Material
Rubber
EVA
Microfiber

 More options
PVC
Silicone
Cotton",Msite_BL_Quantity,clicked,,,2026-07-21 10:54:53.000,,,,
356477807,114584804,64087b27-ae7f-4aba-953f-32ecabb8c62a,,WhatsApp8181,,How many *Piece*?,Msite_BL_Quantity,clicked,,,2026-07-21 10:59:54.000,,,,
356482563,114584804,64087b27-ae7f-4aba-953f-32ecabb8c62a,,WhatsApp8181,,"Share details for approval.
Delete Requirement
Enter Other Details",Msite_BL_Quantity,clicked,,,2026-07-21 11:04:54.000,,,,
356482575,114584804,64087b27-ae7f-4aba-953f-32ecabb8c62a,,WhatsApp8181,,Thank you message call cta,Msite_BL_Quantity,clicked,,,2026-07-21 11:04:55.000,,,,
356498847,114584804,64087b27-ae7f-4aba-953f-32ecabb8c62a,,WhatsApp8181,,"Hi Shubham! 👤👋
You recently spoke with *Galaxy Cart* 📞
Did you get what you were looking for?",WA_Call_Feedback,nudge,,,2026-07-21 11:21:39.000,,,,
356578771,114584804,64087b27-ae7f-4aba-953f-32ecabb8c62a,,WhatsApp8181,,"Hi Shubham! 👤👋
You recently spoke with *Somore Selling* 📞
Did you get what you were looking for?",WA_Call_Feedback,nudge,,,2026-07-21 12:41:47.000,,,,
360245965,95568576,693a0c7d-8f3c-4d0e-a09f-c85874cccb82,2,WhatsApp,Hii,"Hello, how can I help?
Update Catalog
New BuyLeads
My Account Manager
Complaint
Edit Profile
My Invoices",Default Welcome Intent Default,typed,,,2026-07-25 16:01:15.000,,,,
360246131,95568576,0f1284e2-56e9-413d-a7f9-fca6df37d37f,,WhatsApp,,"Relationship Manager ""Bharti Verma"" has JOINED the chat 
 
Ph No:[phone]",,typed,,,2026-07-25 16:01:25.000,,,,
360246178,95568576,ce5a04db-7cb2-4571-8775-8c2f8b03a70a,,WhatsApp,,Hello,,typed,,,2026-07-25 16:01:30.000,,,,
360246364,95568576,d7f7d396-9012-4a17-a25e-b323084b8c8f,,WhatsApp,,"sign Board , stock , Offcie",,typed,,,2026-07-25 16:01:43.000,,,,
360246724,95568576,693a0c7d-8f3c-4d0e-a09f-c85874cccb82,2,WhatsApp,Hp pendrive version 210w,,,typed,,,2026-07-25 16:02:07.000,agent_bargain,,,
360246956,95568576,693a0c7d-8f3c-4d0e-a09f-c85874cccb82,2,WhatsApp,8gb 16gb 32gb 64gb 128gb 256gb,,,typed,,,2026-07-25 16:02:23.000,agent_bargain,,,
360251428,95568576,693a0c7d-8f3c-4d0e-a09f-c85874cccb82,2,WhatsApp,,,,,,,2026-07-25 16:07:48.000,agent_bargain,,,
360252422,95568576,693a0c7d-8f3c-4d0e-a09f-c85874cccb82,2,WhatsApp,,,Enquiry_Media_Capture,video,,,2026-07-25 16:08:56.000,,,,https://d3jt6ku4g6z5l8.cloudfront.net/video/6665e4ea5aad6a5363342f22/brneqbog_1339504774830307
360252429,95568576,693a0c7d-8f3c-4d0e-a09f-c85874cccb82,2,WhatsApp,,We currently do not support video messages. Please type your query.,"user tries to upload file other than images, ..",,,,2026-07-25 16:08:57.000,,,,
360252430,95568576,693a0c7d-8f3c-4d0e-a09f-c85874cccb82,2,WhatsApp,,,,,,,2026-07-25 16:08:57.000,agent_bargain,,,
360252570,95568576,693a0c7d-8f3c-4d0e-a09f-c85874cccb82,2,WhatsApp,,,Enquiry_Media_Capture,video,,,2026-07-25 16:09:08.000,,,,https://d3jt6ku4g6z5l8.cloudfront.net/video/6665e4ea5aad6a5363342f22/ajmkamts_2380557439136974
360252582,95568576,693a0c7d-8f3c-4d0e-a09f-c85874cccb82,2,WhatsApp,,We currently do not support video messages. Please type your query.,"user tries to upload file other than images, ..",,,,2026-07-25 16:09:08.000,,,,
360252584,95568576,693a0c7d-8f3c-4d0e-a09f-c85874cccb82,2,WhatsApp,,,,,,,2026-07-25 16:09:08.000,agent_bargain,,,
360252588,95568576,693a0c7d-8f3c-4d0e-a09f-c85874cccb82,2,WhatsApp,,,,image/jpeg,,,2026-07-25 16:09:09.000,agent_bargain,,,http://5.imimg.com/data5/WA_9696/Default/2026/7/628740172/CK/UV/IE/95568576/image-1784975948-9533-919871714050.jpeg
360252591,95568576,693a0c7d-8f3c-4d0e-a09f-c85874cccb82,2,WhatsApp,,,,image/jpeg,,,2026-07-25 16:09:09.000,agent_bargain,,,http://5.imimg.com/data5/WA_9696/Default/2026/7/628740176/CJ/EF/QV/95568576/image-1784975949-0995-919871714050.jpeg
360252599,95568576,693a0c7d-8f3c-4d0e-a09f-c85874cccb82,2,WhatsApp,,,Enquiry_Media_Capture,video,,,2026-07-25 16:09:10.000,,,,https://d3jt6ku4g6z5l8.cloudfront.net/video/6665e4ea5aad6a5363342f22/abixoifv_1431593758805607
360252607,95568576,693a0c7d-8f3c-4d0e-a09f-c85874cccb82,2,WhatsApp,,,,image/jpeg,,,2026-07-25 16:09:10.000,agent_bargain,,,http://5.imimg.com/data5/WA_9696/Default/2026/7/628740205/QJ/VV/BB/95568576/image-1784975950-7253-919871714050.jpeg
360252608,95568576,693a0c7d-8f3c-4d0e-a09f-c85874cccb82,2,WhatsApp,,,Enquiry_Media_Capture,video,,,2026-07-25 16:09:10.000,,,,https://d3jt6ku4g6z5l8.cloudfront.net/video/6665e4ea5aad6a5363342f22/yluqugmy_27709185555375067
360252610,95568576,693a0c7d-8f3c-4d0e-a09f-c85874cccb82,2,WhatsApp,,,,,,,2026-07-25 16:09:11.000,agent_bargain,,,
360252612,95568576,693a0c7d-8f3c-4d0e-a09f-c85874cccb82,2,WhatsApp,,We currently do not support video messages. Please type your query.,"user tries to upload file other than images, ..",,,,2026-07-25 16:09:11.000,,,,
360252614,95568576,693a0c7d-8f3c-4d0e-a09f-c85874cccb82,2,WhatsApp,,,,image/jpeg,,,2026-07-25 16:09:11.000,agent_bargain,,,http://5.imimg.com/data5/WA_9696/Default/2026/7/628740207/CS/EH/NR/95568576/image-1784975951-1091-919871714050.jpeg
360252616,95568576,693a0c7d-8f3c-4d0e-a09f-c85874cccb82,2,WhatsApp,,,,image/jpeg,,,2026-07-25 16:09:11.000,agent_bargain,,,http://5.imimg.com/data5/WA_9696/Default/2026/7/628740208/CL/XT/LN/95568576/image-1784975951-1135-919871714050.jpeg
360252623,95568576,693a0c7d-8f3c-4d0e-a09f-c85874cccb82,2,WhatsApp,,We currently do not support video messages. Please type your query.,"user tries to upload file other than images, ..",,,,2026-07-25 16:09:11.000,,,,
360252624,95568576,693a0c7d-8f3c-4d0e-a09f-c85874cccb82,2,WhatsApp,,,,,,,2026-07-25 16:09:11.000,agent_bargain,,,
360252634,95568576,693a0c7d-8f3c-4d0e-a09f-c85874cccb82,2,WhatsApp,,,,image/jpeg,,,2026-07-25 16:09:12.000,agent_bargain,,,http://5.imimg.com/data5/WA_9696/Default/2026/7/628740217/TR/OD/LV/95568576/image-1784975951-8896-919871714050.jpeg
360252635,95568576,693a0c7d-8f3c-4d0e-a09f-c85874cccb82,2,WhatsApp,,,,image/jpeg,,,2026-07-25 16:09:12.000,agent_bargain,,,http://5.imimg.com/data5/WA_9696/Default/2026/7/628740218/GW/NR/AW/95568576/image-1784975951-9951-919871714050.jpeg
360252646,95568576,693a0c7d-8f3c-4d0e-a09f-c85874cccb82,2,WhatsApp,,,,image/jpeg,,,2026-07-25 16:09:12.000,agent_bargain,,,http://5.imimg.com/data5/WA_9696/Default/2026/7/628740222/UK/KB/KN/95568576/image-1784975952-5784-919871714050.jpeg
360252654,95568576,693a0c7d-8f3c-4d0e-a09f-c85874cccb82,2,WhatsApp,,,,image/jpeg,,,2026-07-25 16:09:13.000,agent_bargain,,,http://5.imimg.com/data5/WA_9696/Default/2026/7/628740228/IB/VP/MS/95568576/image-1784975952-9771-919871714050.jpeg
360252678,95568576,693a0c7d-8f3c-4d0e-a09f-c85874cccb82,2,WhatsApp,,,,image/jpeg,,,2026-07-25 16:09:14.000,agent_bargain,,,http://5.imimg.com/data5/WA_9696/Default/2026/7/628740241/PW/IH/AB/95568576/image-1784975954-4838-919871714050.jpeg
360252680,95568576,693a0c7d-8f3c-4d0e-a09f-c85874cccb82,2,WhatsApp,,,,image/jpeg,,,2026-07-25 16:09:14.000,agent_bargain,,,http://5.imimg.com/data5/WA_9696/Default/2026/7/628740242/PP/OT/LH/95568576/image-1784975954-5417-919871714050.jpeg
360252694,95568576,693a0c7d-8f3c-4d0e-a09f-c85874cccb82,2,WhatsApp,,,,image/jpeg,,,2026-07-25 16:09:15.000,agent_bargain,,,http://5.imimg.com/data5/WA_9696/Default/2026/7/628740250/DV/MT/MZ/95568576/image-1784975955-0865-919871714050.jpeg
360252703,95568576,693a0c7d-8f3c-4d0e-a09f-c85874cccb82,2,WhatsApp,,,,image/jpeg,,,2026-07-25 16:09:15.000,agent_bargain,,,http://5.imimg.com/data5/WA_9696/Default/2026/7/628740255/VA/YA/QL/95568576/image-1784975955-6483-919871714050.jpeg
360252707,95568576,693a0c7d-8f3c-4d0e-a09f-c85874cccb82,2,WhatsApp,,,,image/jpeg,,,2026-07-25 16:09:16.000,agent_bargain,,,http://5.imimg.com/data5/WA_9696/Default/2026/7/628740260/HX/NN/HW/95568576/image-1784975956-2014-919871714050.jpeg
360252715,95568576,693a0c7d-8f3c-4d0e-a09f-c85874cccb82,2,WhatsApp,,,,image/jpeg,,,2026-07-25 16:09:16.000,agent_bargain,,,http://5.imimg.com/data5/WA_9696/Default/2026/7/628740263/IX/GX/EZ/95568576/image-1784975956-5432-919871714050.jpeg
360252745,95568576,693a0c7d-8f3c-4d0e-a09f-c85874cccb82,2,WhatsApp,,,,image/jpeg,,,2026-07-25 16:09:18.000,agent_bargain,,,http://5.imimg.com/data5/WA_9696/Default/2026/7/628740279/BY/LH/SO/95568576/image-1784975958-1907-919871714050.jpeg
360252746,95568576,693a0c7d-8f3c-4d0e-a09f-c85874cccb82,2,WhatsApp,,,,image/jpeg,,,2026-07-25 16:09:18.000,agent_bargain,,,http://5.imimg.com/data5/WA_9696/Default/2026/7/628740281/UY/FT/FB/95568576/image-1784975958-2585-919871714050.jpeg
360252757,95568576,693a0c7d-8f3c-4d0e-a09f-c85874cccb82,2,WhatsApp,,,,image/jpeg,,,2026-07-25 16:09:18.000,agent_bargain,,,http://5.imimg.com/data5/WA_9696/Default/2026/7/628740295/FK/MD/WH/95568576/image-1784975958-8323-919871714050.jpeg
360252761,95568576,693a0c7d-8f3c-4d0e-a09f-c85874cccb82,2,WhatsApp,,,,image/jpeg,,,2026-07-25 16:09:19.000,agent_bargain,,,http://5.imimg.com/data5/WA_9696/Default/2026/7/628740303/JG/VY/QU/95568576/image-1784975959-0761-919871714050.jpeg
360252794,95568576,693a0c7d-8f3c-4d0e-a09f-c85874cccb82,2,WhatsApp,,,,image/jpeg,,,2026-07-25 16:09:21.000,agent_bargain,,,http://5.imimg.com/data5/WA_9696/Default/2026/7/628740326/KL/JT/GW/95568576/image-1784975960-9688-919871714050.jpeg
360252797,95568576,693a0c7d-8f3c-4d0e-a09f-c85874cccb82,2,WhatsApp,,,,image/jpeg,,,2026-07-25 16:09:21.000,agent_bargain,,,http://5.imimg.com/data5/WA_9696/Default/2026/7/628740328/SY/BJ/KO/95568576/image-1784975961-1715-919871714050.jpeg
360252804,95568576,693a0c7d-8f3c-4d0e-a09f-c85874cccb82,2,WhatsApp,,,,image/jpeg,,,2026-07-25 16:09:22.000,agent_bargain,,,http://5.imimg.com/data5/WA_9696/Default/2026/7/628740341/TC/RV/ZL/95568576/image-1784975961-8212-919871714050.jpeg
360252828,95568576,693a0c7d-8f3c-4d0e-a09f-c85874cccb82,2,WhatsApp,,,,image/jpeg,,,2026-07-25 16:09:23.000,agent_bargain,,,http://5.imimg.com/data5/WA_9696/Default/2026/7/628740359/VT/CA/KH/95568576/image-1784975963-4974-919871714050.jpeg
360252834,95568576,693a0c7d-8f3c-4d0e-a09f-c85874cccb82,2,WhatsApp,,,,image/jpeg,,,2026-07-25 16:09:24.000,agent_bargain,,,http://5.imimg.com/data5/WA_9696/Default/2026/7/628740363/QM/BU/UM/95568576/image-1784975963-8584-919871714050.jpeg
360252836,95568576,693a0c7d-8f3c-4d0e-a09f-c85874cccb82,2,WhatsApp,,,,image/jpeg,,,2026-07-25 16:09:24.000,agent_bargain,,,http://5.imimg.com/data5/WA_9696/Default/2026/7/628740364/HP/UC/RL/95568576/image-1784975963-8939-919871714050.jpeg
360252854,95568576,693a0c7d-8f3c-4d0e-a09f-c85874cccb82,2,WhatsApp,,,,image/jpeg,,,2026-07-25 16:09:25.000,agent_bargain,,,http://5.imimg.com/data5/WA_9696/Default/2026/7/628740374/DE/MX/NT/95568576/image-1784975964-8893-919871714050.jpeg
360252865,95568576,693a0c7d-8f3c-4d0e-a09f-c85874cccb82,2,WhatsApp,,,,image/jpeg,,,2026-07-25 16:09:25.000,agent_bargain,,,http://5.imimg.com/data5/WA_9696/Default/2026/7/628740379/BC/TJ/KK/95568576/image-1784975965-2743-919871714050.jpeg
360252896,95568576,693a0c7d-8f3c-4d0e-a09f-c85874cccb82,2,WhatsApp,,,,image/jpeg,,,2026-07-25 16:09:27.000,agent_bargain,,,http://5.imimg.com/data5/WA_9696/Default/2026/7/628740393/ND/ZX/QJ/95568576/image-1784975967-2742-919871714050.jpeg
360252901,95568576,693a0c7d-8f3c-4d0e-a09f-c85874cccb82,2,WhatsApp,,,Enquiry_Media_Capture,video,,,2026-07-25 16:09:27.000,,,,https://d3jt6ku4g6z5l8.cloudfront.net/video/6665e4ea5aad6a5363342f22/liaqtlci_1366870842238761
360252902,95568576,693a0c7d-8f3c-4d0e-a09f-c85874cccb82,2,WhatsApp,,,,image/jpeg,,,2026-07-25 16:09:28.000,agent_bargain,,,http://5.imimg.com/data5/WA_9696/Default/2026/7/628740396/BU/HG/ZT/95568576/image-1784975967-9-919871714050.jpeg
360252907,95568576,693a0c7d-8f3c-4d0e-a09f-c85874cccb82,2,WhatsApp,,We currently do not support video messages. Please type your query.,"user tries to upload file other than images, ..",,,,2026-07-25 16:09:28.000,,,,
360252908,95568576,693a0c7d-8f3c-4d0e-a09f-c85874cccb82,2,WhatsApp,,,,,,,2026-07-25 16:09:28.000,agent_bargain,,,
360252923,95568576,693a0c7d-8f3c-4d0e-a09f-c85874cccb82,2,WhatsApp,,,,image/jpeg,,,2026-07-25 16:09:30.000,agent_bargain,,,http://5.imimg.com/data5/WA_9696/Default/2026/7/628740421/HU/IT/DY/95568576/image-1784975969-995-919871714050.jpeg
360252926,95568576,693a0c7d-8f3c-4d0e-a09f-c85874cccb82,2,WhatsApp,,,,image/jpeg,,,2026-07-25 16:09:30.000,agent_bargain,,,http://5.imimg.com/data5/WA_9696/Default/2026/7/628740423/UG/HK/LB/95568576/image-1784975970-2149-919871714050.jpeg
360252931,95568576,693a0c7d-8f3c-4d0e-a09f-c85874cccb82,2,WhatsApp,,,,image/jpeg,,,2026-07-25 16:09:30.000,agent_bargain,,,http://5.imimg.com/data5/WA_9696/Default/2026/7/628740425/LP/TW/ZQ/95568576/image-1784975970-4966-919871714050.jpeg
360252936,95568576,693a0c7d-8f3c-4d0e-a09f-c85874cccb82,2,WhatsApp,,,Enquiry_Media_Capture,video,,,2026-07-25 16:09:30.000,,,,https://d3jt6ku4g6z5l8.cloudfront.net/video/6665e4ea5aad6a5363342f22/hsyrgdpj_1033375719675290
360252938,95568576,693a0c7d-8f3c-4d0e-a09f-c85874cccb82,2,WhatsApp,,,,image/jpeg,,,2026-07-25 16:09:31.000,agent_bargain,,,http://5.imimg.com/data5/WA_9696/Default/2026/7/628740428/LV/NK/TG/95568576/image-1784975971-003-919871714050.jpeg
360252943,95568576,693a0c7d-8f3c-4d0e-a09f-c85874cccb82,2,WhatsApp,,We currently do not support video messages. Please type your query.,"user tries to upload file other than images, ..",,,,2026-07-25 16:09:31.000,,,,
360252944,95568576,693a0c7d-8f3c-4d0e-a09f-c85874cccb82,2,WhatsApp,,,,,,,2026-07-25 16:09:31.000,agent_bargain,,,
360252950,95568576,693a0c7d-8f3c-4d0e-a09f-c85874cccb82,2,WhatsApp,,,,image/jpeg,,,2026-07-25 16:09:31.000,agent_bargain,,,http://5.imimg.com/data5/WA_9696/Default/2026/7/628740438/UR/HL/QJ/95568576/image-1784975971-752-919871714050.jpeg
360252961,95568576,693a0c7d-8f3c-4d0e-a09f-c85874cccb82,2,WhatsApp,,,,image/jpeg,,,2026-07-25 16:09:32.000,agent_bargain,,,http://5.imimg.com/data5/WA_9696/Default/2026/7/628740442/DO/TW/YS/95568576/image-1784975972-5839-919871714050.jpeg
360252964,95568576,693a0c7d-8f3c-4d0e-a09f-c85874cccb82,2,WhatsApp,,,,image/jpeg,,,2026-07-25 16:09:32.000,agent_bargain,,,http://5.imimg.com/data5/WA_9696/Default/2026/7/628740444/WO/SL/SF/95568576/image-1784975972-7879-919871714050.jpeg
360252975,95568576,693a0c7d-8f3c-4d0e-a09f-c85874cccb82,2,WhatsApp,,,Enquiry_Media_Capture,video,,,2026-07-25 16:09:33.000,,,,https://d3jt6ku4g6z5l8.cloudfront.net/video/6665e4ea5aad6a5363342f22/iadkiqer_1016880244420712
360252978,95568576,693a0c7d-8f3c-4d0e-a09f-c85874cccb82,2,WhatsApp,,,,image/jpeg,,,2026-07-25 16:09:33.000,agent_bargain,,,http://5.imimg.com/data5/WA_9696/Default/2026/7/628740464/XC/IQ/GJ/95568576/image-1784975973-8681-919871714050.jpeg
360252983,95568576,693a0c7d-8f3c-4d0e-a09f-c85874cccb82,2,WhatsApp,,We currently do not support video messages. Please type your query.,"user tries to upload file other than images, ..",,,,2026-07-25 16:09:34.000,,,,
360252984,95568576,693a0c7d-8f3c-4d0e-a09f-c85874cccb82,2,WhatsApp,,,,,,,2026-07-25 16:09:34.000,agent_bargain,,,
360252988,95568576,693a0c7d-8f3c-4d0e-a09f-c85874cccb82,2,WhatsApp,,,,image/jpeg,,,2026-07-25 16:09:34.000,agent_bargain,,,http://5.imimg.com/data5/WA_9696/Default/2026/7/628740473/QZ/CN/UI/95568576/image-1784975974-6397-919871714050.jpeg
360252991,95568576,693a0c7d-8f3c-4d0e-a09f-c85874cccb82,2,WhatsApp,,,,image/jpeg,,,2026-07-25 16:09:34.000,agent_bargain,,,http://5.imimg.com/data5/WA_9696/Default/2026/7/628740474/UN/PA/DF/95568576/image-1784975974-7368-919871714050.jpeg
360252995,95568576,693a0c7d-8f3c-4d0e-a09f-c85874cccb82,2,WhatsApp,,,,image/jpeg,,,2026-07-25 16:09:35.000,agent_bargain,,,http://5.imimg.com/data5/WA_9696/Default/2026/7/628740481/AS/KG/WB/95568576/image-1784975975-5714-919871714050.jpeg
360252996,95568576,693a0c7d-8f3c-4d0e-a09f-c85874cccb82,2,WhatsApp,,,,image/jpeg,,,2026-07-25 16:09:35.000,agent_bargain,,,http://5.imimg.com/data5/WA_9696/Default/2026/7/628740482/UM/SP/DV/95568576/image-1784975975-5928-919871714050.jpeg
360253000,95568576,693a0c7d-8f3c-4d0e-a09f-c85874cccb82,2,WhatsApp,,,,image/jpeg,,,2026-07-25 16:09:36.000,agent_bargain,,,http://5.imimg.com/data5/WA_9696/Default/2026/7/628740488/TY/UR/VV/95568576/image-1784975976-1465-919871714050.jpeg
360253005,95568576,693a0c7d-8f3c-4d0e-a09f-c85874cccb82,2,WhatsApp,,,,image/jpeg,,,2026-07-25 16:09:36.000,agent_bargain,,,http://5.imimg.com/data5/WA_9696/Default/2026/7/628740493/PJ/CK/HF/95568576/image-1784975976-3682-919871714050.jpeg
360253023,95568576,693a0c7d-8f3c-4d0e-a09f-c85874cccb82,2,WhatsApp,,,,image/jpeg,,,2026-07-25 16:09:37.000,agent_bargain,,,http://5.imimg.com/data5/WA_9696/Default/2026/7/628740501/MZ/RC/IP/95568576/image-1784975977-2635-919871714050.jpeg
360253045,95568576,693a0c7d-8f3c-4d0e-a09f-c85874cccb82,2,WhatsApp,,,,image/jpeg,,,2026-07-25 16:09:38.000,agent_bargain,,,http://5.imimg.com/data5/WA_9696/Default/2026/7/628740518/IG/HF/WO/95568576/image-1784975978-5327-919871714050.jpeg
360253051,95568576,693a0c7d-8f3c-4d0e-a09f-c85874cccb82,2,WhatsApp,,,,image/jpeg,,,2026-07-25 16:09:39.000,agent_bargain,,,http://5.imimg.com/data5/WA_9696/Default/2026/7/628740525/ES/TE/ZC/95568576/image-1784975978-9962-919871714050.jpeg
360253055,95568576,693a0c7d-8f3c-4d0e-a09f-c85874cccb82,2,WhatsApp,,,,image/jpeg,,,2026-07-25 16:09:39.000,agent_bargain,,,http://5.imimg.com/data5/WA_9696/Default/2026/7/628740537/CI/CE/CY/95568576/image-1784975979-4497-919871714050.jpeg
360253057,95568576,693a0c7d-8f3c-4d0e-a09f-c85874cccb82,2,WhatsApp,,,,image/jpeg,,,2026-07-25 16:09:39.000,agent_bargain,,,http://5.imimg.com/data5/WA_9696/Default/2026/7/628740540/SV/CL/TZ/95568576/image-1784975979-6855-919871714050.jpeg
360253068,95568576,693a0c7d-8f3c-4d0e-a09f-c85874cccb82,2,WhatsApp,,,,image/jpeg,,,2026-07-25 16:09:40.000,agent_bargain,,,http://5.imimg.com/data5/WA_9696/Default/2026/7/628740548/NS/QP/WY/95568576/image-1784975980-3121-919871714050.jpeg
360253073,95568576,693a0c7d-8f3c-4d0e-a09f-c85874cccb82,2,WhatsApp,,,,image/jpeg,,,2026-07-25 16:09:40.000,agent_bargain,,,http://5.imimg.com/data5/WA_9696/Default/2026/7/628740552/HV/YU/BZ/95568576/image-1784975980-6831-919871714050.jpeg
360253074,95568576,693a0c7d-8f3c-4d0e-a09f-c85874cccb82,2,WhatsApp,,,,image/jpeg,,,2026-07-25 16:09:41.000,agent_bargain,,,http://5.imimg.com/data5/WA_9696/Default/2026/7/628740553/TW/VP/MJ/95568576/image-1784975980-8885-919871714050.jpeg
360253087,95568576,693a0c7d-8f3c-4d0e-a09f-c85874cccb82,2,WhatsApp,,,,image/jpeg,,,2026-07-25 16:09:42.000,agent_bargain,,,http://5.imimg.com/data5/WA_9696/Default/2026/7/628740566/QT/WH/MV/95568576/image-1784975982-0058-919871714050.jpeg
360253100,95568576,693a0c7d-8f3c-4d0e-a09f-c85874cccb82,2,WhatsApp,,,,image/jpeg,,,2026-07-25 16:09:43.000,agent_bargain,,,http://5.imimg.com/data5/WA_9696/Default/2026/7/628740578/WG/JS/RR/95568576/image-1784975982-871-919871714050.jpeg
360253102,95568576,693a0c7d-8f3c-4d0e-a09f-c85874cccb82,2,WhatsApp,,,,image/jpeg,,,2026-07-25 16:09:43.000,agent_bargain,,,http://5.imimg.com/data5/WA_9696/Default/2026/7/628740584/PY/GT/DT/95568576/image-1784975983-1277-919871714050.jpeg
360253108,95568576,693a0c7d-8f3c-4d0e-a09f-c85874cccb82,2,WhatsApp,,,,image/jpeg,,,2026-07-25 16:09:43.000,agent_bargain,,,http://5.imimg.com/data5/WA_9696/Default/2026/7/628740587/OE/CR/DA/95568576/image-1784975983-4888-919871714050.jpeg
360253110,95568576,693a0c7d-8f3c-4d0e-a09f-c85874cccb82,2,WhatsApp,,,,image/jpeg,,,2026-07-25 16:09:43.000,agent_bargain,,,http://5.imimg.com/data5/WA_9696/Default/2026/7/628740590/RG/ME/NP/95568576/image-1784975983-6531-919871714050.jpeg
360253131,95568576,693a0c7d-8f3c-4d0e-a09f-c85874cccb82,2,WhatsApp,,,,image/jpeg,,,2026-07-25 16:09:45.000,agent_bargain,,,http://5.imimg.com/data5/WA_9696/Default/2026/7/628740609/YU/PP/PK/95568576/image-1784975985-1423-919871714050.jpeg
360253136,95568576,693a0c7d-8f3c-4d0e-a09f-c85874cccb82,2,WhatsApp,,,,image/jpeg,,,2026-07-25 16:09:45.000,agent_bargain,,,http://5.imimg.com/data5/WA_9696/Default/2026/7/628740615/WD/NK/YF/95568576/image-1784975985-7365-919871714050.jpeg
360253137,95568576,693a0c7d-8f3c-4d0e-a09f-c85874cccb82,2,WhatsApp,,,,image/jpeg,,,2026-07-25 16:09:45.000,agent_bargain,,,http://5.imimg.com/data5/WA_9696/Default/2026/7/628740617/NS/WM/XU/95568576/image-1784975985-7702-919871714050.jpeg
360253142,95568576,693a0c7d-8f3c-4d0e-a09f-c85874cccb82,2,WhatsApp,,,,image/jpeg,,,2026-07-25 16:09:46.000,agent_bargain,,,http://5.imimg.com/data5/WA_9696/Default/2026/7/628740622/WS/SE/JE/95568576/image-1784975986-0947-919871714050.jpeg
360253146,95568576,693a0c7d-8f3c-4d0e-a09f-c85874cccb82,2,WhatsApp,,,,image/jpeg,,,2026-07-25 16:09:46.000,agent_bargain,,,http://5.imimg.com/data5/WA_9696/Default/2026/7/628740625/KK/QM/HH/95568576/image-1784975986-4386-919871714050.jpeg
360253163,95568576,693a0c7d-8f3c-4d0e-a09f-c85874cccb82,2,WhatsApp,,,,image/jpeg,,,2026-07-25 16:09:47.000,agent_bargain,,,http://5.imimg.com/data5/WA_9696/Default/2026/7/628740638/KO/DJ/SG/95568576/image-1784975987-7184-919871714050.jpeg
360253173,95568576,693a0c7d-8f3c-4d0e-a09f-c85874cccb82,2,WhatsApp,,,,image/jpeg,,,2026-07-25 16:09:48.000,agent_bargain,,,http://5.imimg.com/data5/WA_9696/Default/2026/7/628740644/SI/NH/OP/95568576/image-1784975988-6139-919871714050.jpeg
360253194,95568576,693a0c7d-8f3c-4d0e-a09f-c85874cccb82,2,WhatsApp,,,,image/jpeg,,,2026-07-25 16:09:50.000,agent_bargain,,,http://5.imimg.com/data5/WA_9696/Default/2026/7/628740653/JU/QX/ZI/95568576/image-1784975990-0517-919871714050.jpeg
360253196,95568576,693a0c7d-8f3c-4d0e-a09f-c85874cccb82,2,WhatsApp,,,,image/jpeg,,,2026-07-25 16:09:50.000,agent_bargain,,,http://5.imimg.com/data5/WA_9696/Default/2026/7/628740655/XP/TH/YB/95568576/image-1784975990-1024-919871714050.jpeg
360253216,95568576,693a0c7d-8f3c-4d0e-a09f-c85874cccb82,2,WhatsApp,,,,image/jpeg,,,2026-07-25 16:09:51.000,agent_bargain,,,http://5.imimg.com/data5/WA_9696/Default/2026/7/628740678/LH/TZ/JN/95568576/image-1784975991-6451-919871714050.jpeg
360253219,95568576,693a0c7d-8f3c-4d0e-a09f-c85874cccb82,2,WhatsApp,,,,image/jpeg,,,2026-07-25 16:09:51.000,agent_bargain,,,http://5.imimg.com/data5/WA_9696/Default/2026/7/628740679/XZ/UK/RH/95568576/image-1784975991-8253-919871714050.jpeg
360253225,95568576,693a0c7d-8f3c-4d0e-a09f-c85874cccb82,2,WhatsApp,,,,image/jpeg,,,2026-07-25 16:09:52.000,agent_bargain,,,http://5.imimg.com/data5/WA_9696/Default/2026/7/628740683/YQ/PU/AU/95568576/image-1784975992-0945-919871714050.jpeg
360253227,95568576,693a0c7d-8f3c-4d0e-a09f-c85874cccb82,2,WhatsApp,,,,image/jpeg,,,2026-07-25 16:09:52.000,agent_bargain,,,http://5.imimg.com/data5/WA_9696/Default/2026/7/628740684/PU/UI/PW/95568576/image-1784975992-2262-919871714050.jpeg
360253229,95568576,693a0c7d-8f3c-4d0e-a09f-c85874cccb82,2,WhatsApp,,,,image/jpeg,,,2026-07-25 16:09:52.000,agent_bargain,,,http://5.imimg.com/data5/WA_9696/Default/2026/7/628740685/GS/OQ/YE/95568576/image-1784975992-3722-919871714050.jpeg
360253233,95568576,693a0c7d-8f3c-4d0e-a09f-c85874cccb82,2,WhatsApp,,,,image/jpeg,,,2026-07-25 16:09:52.000,agent_bargain,,,http://5.imimg.com/data5/WA_9696/Default/2026/7/628740689/GA/OE/RF/95568576/image-1784975992-6025-919871714050.jpeg
360253244,95568576,693a0c7d-8f3c-4d0e-a09f-c85874cccb82,2,WhatsApp,,,,image/jpeg,,,2026-07-25 16:09:53.000,agent_bargain,,,http://5.imimg.com/data5/WA_9696/Default/2026/7/628740705/RH/UT/RQ/95568576/image-1784975993-4615-919871714050.jpeg
360253253,95568576,693a0c7d-8f3c-4d0e-a09f-c85874cccb82,2,WhatsApp,,,,image/jpeg,,,2026-07-25 16:09:54.000,agent_bargain,,,http://5.imimg.com/data5/WA_9696/Default/2026/7/628740717/KC/ED/ZO/95568576/image-1784975994-133-919871714050.jpeg
360253257,95568576,693a0c7d-8f3c-4d0e-a09f-c85874cccb82,2,WhatsApp,,,,image/jpeg,,,2026-07-25 16:09:54.000,agent_bargain,,,http://5.imimg.com/data5/WA_9696/Default/2026/7/628740719/IZ/YZ/RU/95568576/image-1784975994-4506-919871714050.jpeg
360253280,95568576,693a0c7d-8f3c-4d0e-a09f-c85874cccb82,2,WhatsApp,,,,image/jpeg,,,2026-07-25 16:09:56.000,agent_bargain,,,http://5.imimg.com/data5/WA_9696/Default/2026/7/628740746/WG/NG/YF/95568576/image-1784975996-3811-919871714050.jpeg
360253287,95568576,693a0c7d-8f3c-4d0e-a09f-c85874cccb82,2,WhatsApp,,,,image/jpeg,,,2026-07-25 16:09:57.000,agent_bargain,,,http://5.imimg.com/data5/WA_9696/Default/2026/7/628740752/FT/JX/QZ/95568576/image-1784975996-584-919871714050.jpeg
360253289,95568576,693a0c7d-8f3c-4d0e-a09f-c85874cccb82,2,WhatsApp,,,,image/jpeg,,,2026-07-25 16:09:57.000,agent_bargain,,,http://5.imimg.com/data5/WA_9696/Default/2026/7/628740758/VB/DC/HL/95568576/image-1784975997-1778-919871714050.jpeg
360253291,95568576,693a0c7d-8f3c-4d0e-a09f-c85874cccb82,2,WhatsApp,,,,image/jpeg,,,2026-07-25 16:09:57.000,agent_bargain,,,http://5.imimg.com/data5/WA_9696/Default/2026/7/628740761/OV/XZ/OM/95568576/image-1784975997-2689-919871714050.jpeg
360253292,95568576,693a0c7d-8f3c-4d0e-a09f-c85874cccb82,2,WhatsApp,,,,image/jpeg,,,2026-07-25 16:09:57.000,agent_bargain,,,http://5.imimg.com/data5/WA_9696/Default/2026/7/628740762/GA/IK/ED/95568576/image-1784975997-3551-919871714050.jpeg
360253305,95568576,693a0c7d-8f3c-4d0e-a09f-c85874cccb82,2,WhatsApp,,,,image/jpeg,,,2026-07-25 16:09:58.000,agent_bargain,,,http://5.imimg.com/data5/WA_9696/Default/2026/7/628740764/SJ/JN/EQ/95568576/image-1784975997-9333-919871714050.jpeg
360253322,95568576,693a0c7d-8f3c-4d0e-a09f-c85874cccb82,2,WhatsApp,,,,image/jpeg,,,2026-07-25 16:09:58.000,agent_bargain,,,http://5.imimg.com/data5/WA_9696/Default/2026/7/628740770/JG/HP/IE/95568576/image-1784975998-7407-919871714050.jpeg
360253326,95568576,693a0c7d-8f3c-4d0e-a09f-c85874cccb82,2,WhatsApp,,,,image/jpeg,,,2026-07-25 16:09:59.000,agent_bargain,,,http://5.imimg.com/data5/WA_9696/Default/2026/7/628740774/TE/UF/BT/95568576/image-1784975998-966-919871714050.jpeg
360253344,95568576,693a0c7d-8f3c-4d0e-a09f-c85874cccb82,2,WhatsApp,,,,image/jpeg,,,2026-07-25 16:10:00.000,agent_bargain,,,http://5.imimg.com/data5/WA_9696/Default/2026/7/628740786/KI/XH/BO/95568576/image-1784975999-9444-919871714050.jpeg
360253364,95568576,693a0c7d-8f3c-4d0e-a09f-c85874cccb82,2,WhatsApp,,,,image/jpeg,,,2026-07-25 16:10:01.000,agent_bargain,,,http://5.imimg.com/data5/WA_9696/Default/2026/7/628740797/BK/BU/SZ/95568576/image-1784976001-336-919871714050.jpeg
360253368,95568576,693a0c7d-8f3c-4d0e-a09f-c85874cccb82,2,WhatsApp,,,,image/jpeg,,,2026-07-25 16:10:01.000,agent_bargain,,,http://5.imimg.com/data5/WA_9696/Default/2026/7/628740801/NV/JX/AK/95568576/image-1784976001-5748-919871714050.jpeg
360253372,95568576,693a0c7d-8f3c-4d0e-a09f-c85874cccb82,2,WhatsApp,,,,image/jpeg,,,2026-07-25 16:10:02.000,agent_bargain,,,http://5.imimg.com/data5/WA_9696/Default/2026/7/628740804/NG/RK/BM/95568576/image-1784976001-9081-919871714050.jpeg
360253387,95568576,693a0c7d-8f3c-4d0e-a09f-c85874cccb82,2,WhatsApp,,,,image/jpeg,,,2026-07-25 16:10:03.000,agent_bargain,,,http://5.imimg.com/data5/WA_9696/Default/2026/7/628740811/TA/GW/WM/95568576/image-1784976002-9095-919871714050.jpeg
360253390,95568576,693a0c7d-8f3c-4d0e-a09f-c85874cccb82,2,WhatsApp,,,,image/jpeg,,,2026-07-25 16:10:03.000,agent_bargain,,,http://5.imimg.com/data5/WA_9696/Default/2026/7/628740813/EJ/SS/UP/95568576/image-1784976003-086-919871714050.jpeg
360253396,95568576,693a0c7d-8f3c-4d0e-a09f-c85874cccb82,2,WhatsApp,,,,image/jpeg,,,2026-07-25 16:10:03.000,agent_bargain,,,http://5.imimg.com/data5/WA_9696/Default/2026/7/628740817/TC/OS/HM/95568576/image-1784976003-6721-919871714050.jpeg
360253404,95568576,693a0c7d-8f3c-4d0e-a09f-c85874cccb82,2,WhatsApp,,,,image/jpeg,,,2026-07-25 16:10:04.000,agent_bargain,,,http://5.imimg.com/data5/WA_9696/Default/2026/7/628740824/YJ/EW/YR/95568576/image-1784976004-311-919871714050.jpeg
360253411,95568576,693a0c7d-8f3c-4d0e-a09f-c85874cccb82,2,WhatsApp,,,,image/jpeg,,,2026-07-25 16:10:04.000,agent_bargain,,,http://5.imimg.com/data5/WA_9696/Default/2026/7/628740830/MP/JZ/FC/95568576/image-1784976004-728-919871714050.jpeg
360253417,95568576,693a0c7d-8f3c-4d0e-a09f-c85874cccb82,2,WhatsApp,,,,image/jpeg,,,2026-07-25 16:10:05.000,agent_bargain,,,http://5.imimg.com/data5/WA_9696/Default/2026/7/628740836/MB/VK/WA/95568576/image-1784976005-3574-919871714050.jpeg
360253425,95568576,693a0c7d-8f3c-4d0e-a09f-c85874cccb82,2,WhatsApp,,,,image/jpeg,,,2026-07-25 16:10:05.000,agent_bargain,,,http://5.imimg.com/data5/WA_9696/Default/2026/7/628740837/YA/DD/OY/95568576/image-1784976005-5835-919871714050.jpeg
360253443,95568576,693a0c7d-8f3c-4d0e-a09f-c85874cccb82,2,WhatsApp,,,,image/jpeg,,,2026-07-25 16:10:07.000,agent_bargain,,,http://5.imimg.com/data5/WA_9696/Default/2026/7/628740853/FV/OT/IJ/95568576/image-1784976007-3495-919871714050.jpeg
360285268,95568576,693a0c7d-8f3c-4d0e-a09f-c85874cccb82,2,WhatsApp,,"{""queryImage"":{""img_src"":""http:\/\/5.imimg.com\/data5\/WA_9696\/Default\/2026\/7\/[phone]\/LV\/FL\/BI\/[phone]\/image.jpeg"",""key"":""img_6569"",""status"":"""",""item_id"":"""",""is_img"":true}}",Photo uploaded but not added as a product as ..,image/jpeg,,,2026-07-25 16:47:44.000,,,,http://5.imimg.com/data5/WA_9696/Default/2026/7/628763705/LV/FL/BI/95568576/image.jpeg
360285285,95568576,693a0c7d-8f3c-4d0e-a09f-c85874cccb82,2,WhatsApp,,"{""queryImage"":{""img_src"":""http:\/\/5.imimg.com\/data5\/WA_9696\/Default\/2026\/7\/[phone]\/VZ\/XP\/EY\/[phone]\/image.jpeg"",""key"":""img_1915"",""status"":""Hi \n\nWhat is the Photo for ?\n Add Product \nComplaint"",""item_id"":"""",""is_img"":true}}",Photo uploaded but not added as a product as ..,image/jpeg,,,2026-07-25 16:47:45.000,,,,http://5.imimg.com/data5/WA_9696/Default/2026/7/628763700/VZ/XP/EY/95568576/image.jpeg
360285292,95568576,693a0c7d-8f3c-4d0e-a09f-c85874cccb82,2,WhatsApp,,"{""queryImage"":{""img_src"":""http:\/\/5.imimg.com\/data5\/WA_9696\/Default\/2026\/7\/[phone]\/XX\/AQ\/EF\/[phone]\/image.jpeg"",""key"":""img_2849"",""status"":"""",""item_id"":"""",""is_img"":true}}",Photo uploaded but not added as a product as ..,image/jpeg,,,2026-07-25 16:47:45.000,,,,http://5.imimg.com/data5/WA_9696/Default/2026/7/628763715/XX/AQ/EF/95568576/image.jpeg
360285297,95568576,693a0c7d-8f3c-4d0e-a09f-c85874cccb82,2,WhatsApp,,"{""queryImage"":{""img_src"":""http:\/\/5.imimg.com\/data5\/WA_9696\/Default\/2026\/7\/[phone]\/FY\/XH\/PF\/[phone]\/image.jpeg"",""key"":""img_8388"",""status"":"""",""item_id"":"""",""is_img"":true}}",Photo uploaded but not added as a product as ..,image/jpeg,,,2026-07-25 16:47:45.000,,,,http://5.imimg.com/data5/WA_9696/Default/2026/7/628763718/FY/XH/PF/95568576/image.jpeg
360285669,95568576,919871714050,2,WhatsApp,.,Something went wrong. Please try again.,Unset,typed,sent,,2026-07-25 16:48:12.000,,,,
360286578,95568576,919871714050,2,WhatsApp,"Hp brand 8-256g pendrive and memory card 
SanDisk memory card and Pendrive 
Samsung memory card 8-256gb memory card","What is this for?
New BuyLeads | Add to Catalog | Buy",Product Details,typed,sent,,2026-07-25 16:49:20.000,,,,
358414220,95568576,1ef67dc9-5689-4d87-a65e-2503745557e3,2,WhatsApp,"Yes, I confirm",,fdbk_ob,clicked,,,2026-07-23 13:49:15.000,,,,
358414393,95568576,1ef67dc9-5689-4d87-a65e-2503745557e3,2,WhatsApp,Products Already Added,,fdbk_ob,clicked,,,2026-07-23 13:49:28.000,,,,
360423435,95568576,96458af9-c133-4a26-9b65-b9a35b02cae1,,WhatsApp,,"Relationship Manager ""Bharti Verma"" has JOINED the chat 
 
Ph No:[phone]",,typed,,,2026-07-25 19:26:34.000,,,,
360423449,95568576,b00e9ad2-f4b1-4fc6-b95f-1d5d8f262999,,WhatsApp,,"Relationship Manager ""Bharti Verma"" has Exited the chat 
 
Ph No:[phone]",,typed,,,2026-07-25 19:26:36.000,,,,
360423491,95568576,e56226f9-e85c-45d4-990d-c2fadbba2f96,,WhatsApp,,"Relationship Manager ""Bharti Verma"" has JOINED the chat 
 
Ph No:[phone]",,typed,,,2026-07-25 19:26:39.000,,,,
360423784,95568576,98311765-3b4d-4b1c-85cc-bfbe6be1fb80,,WhatsApp,,"Hello,
I am your account manager from IndiaMart, please save my number.
Sharing summary of our discussion.
1) Please share product photos on [phone]
2) Consume 2 Buyleads on daily basis
3) Call buyers immediately after consuming Buylead
4) Your monthly service is live and your monthly deduction will happen on ( 20th of evry month )
We will connect again !!
I am your account manager from IndiaMart, please save my number.
Sharing summary of our discussion.
1) Please share product photos on [phone]
2) Consume 2 Buyleads on daily basis
3) Call buyers immediately after consuming Buylead
4) Your monthly service is live and your monthly deduction will happen on ( )
We will connect again !!",,typed,,,2026-07-25 19:26:59.000,,,,
361693191,90387690,e5f3fa0f-f1f5-4c63-b38d-d4e0fa75ebf9,,WhatsApp,"https://m.indiamart.com/pd/[phone]?1983988

Hello *Dina Color Lab*,
Need best price for Fixon Tapes","Please Enter Tape Width
2 inch
4 inch
3 inch

 More options
48 mm
72 mm
1 inch",Msite_BL_Quantity,pre-filled,,,2026-07-27 11:29:51.000,,,,
361698434,90387690,e5f3fa0f-f1f5-4c63-b38d-d4e0fa75ebf9,,WhatsApp,,How many *Box*?,Msite_BL_Quantity,pre-filled,,,2026-07-27 11:34:52.000,,,,
361704146,90387690,e5f3fa0f-f1f5-4c63-b38d-d4e0fa75ebf9,,WhatsApp,,"Share details for approval.
Delete Requirement
Enter Other Details",Msite_BL_Quantity,pre-filled,,,2026-07-27 11:39:53.000,,,,
361704161,90387690,e5f3fa0f-f1f5-4c63-b38d-d4e0fa75ebf9,,WhatsApp,,"Thank You!
Your requirement for Fixon Tapes has been received. Sellers will connect with you soon.",Msite_BL_Quantity,pre-filled,,,2026-07-27 11:39:54.000,,,,
361704419,90387690,e5f3fa0f-f1f5-4c63-b38d-d4e0fa75ebf9,,WhatsApp,Enter Other Details,Share details or product photos.,update_company_details,clicked,,,2026-07-27 11:40:08.000,,0.452,,
361704529,90387690,e5f3fa0f-f1f5-4c63-b38d-d4e0fa75ebf9,,WhatsApp,Stop,Noted,Stop Calls from IndiaMART,typed,,,2026-07-27 11:40:14.000,,0.79,,
361704780,90387690,e5f3fa0f-f1f5-4c63-b38d-d4e0fa75ebf9,,WhatsApp,Stop,Noted,Stop Calls from IndiaMART,typed,,,2026-07-27 11:40:28.000,,0.79,,
361704965,90387690,e5f3fa0f-f1f5-4c63-b38d-d4e0fa75ebf9,,WhatsApp,No inquiry,,Delete BuyLead,typed,,,2026-07-27 11:40:39.000,,0.613,,
305612482,96255123,d5b163a9-c20a-4568-8a6f-9aee6e4dfe43,,WhatsApp8181,Yes,"Please Enter Film Format
35mm Film
120mm Film
Instant Film

 More options
Large Format Film",Msite_BL_Quantity,clicked,,,2026-05-22 17:32:35.000,,,,
305616947,96255123,d5b163a9-c20a-4568-8a6f-9aee6e4dfe43,,WhatsApp8181,,How many *Piece*?,Msite_BL_Quantity,clicked,,,2026-05-22 17:37:36.000,,,,
305621406,96255123,d5b163a9-c20a-4568-8a6f-9aee6e4dfe43,,WhatsApp8181,,"Share details for approval.
Delete Requirement
Enter Other Details",Msite_BL_Quantity,clicked,,,2026-05-22 17:42:37.000,,,,
305621414,96255123,d5b163a9-c20a-4568-8a6f-9aee6e4dfe43,,WhatsApp8181,,"Thank you! 

Your requirement for Fujifilm Instax Mini 100 Sheet Film has been received.",Msite_BL_Quantity,clicked,,,2026-05-22 17:42:37.000,,,,
340722138,129233622,b59bfddb-a3f3-416e-b666-140782e04375,,WhatsApp,"https://m.indiamart.com/pd/[phone]?5989599

Need best price for White Aluminium Office Partition
in Ahmedabad?","Please Enter Panel Material
Glass
Particle Board
Sheet

 More options
ACP Sheet
Solid Panel
Toughened Glass",Msite_BL_Quantity,pre-filled,,,2026-07-02 20:56:53.000,,,,
340724146,129233622,b59bfddb-a3f3-416e-b666-140782e04375,,WhatsApp,"https://m.indiamart.com/pd/2853186751373?6132233

Need best price for Aluminium Office Partition, Office Cabin Partition, Office Aluminium Partition
in Gandhinagar?","Please Enter Panel Material
Glass
Particle Board
Sheet

 More options
ACP Sheet
Solid Panel
Toughened Glass",Msite_BL_Quantity,pre-filled,,,2026-07-02 20:59:11.000,,,,
340724270,129233622,b59bfddb-a3f3-416e-b666-140782e04375,,WhatsApp,Sheet,,Msite_BL_Spec,clicked,,,2026-07-02 20:59:19.000,,,,
340724287,129233622,b59bfddb-a3f3-416e-b666-140782e04375,,WhatsApp,Sheet,How many *sq ft*?,Msite_BL,clicked,,,2026-07-02 20:59:20.000,,,,
340724571,129233622,b59bfddb-a3f3-416e-b666-140782e04375,,WhatsApp,100,"Please Enter Dimensions
8 ft
10 ft
7 ft

 More options
9 ft
12 ft
3 ft",Msite_BL_Quantity,clicked,,,2026-07-02 20:59:39.000,,,,
340724727,129233622,b59bfddb-a3f3-416e-b666-140782e04375,,WhatsApp,8 ft,"Please Enter Finish Color
Powder Coated
Silver
Black

 More options
Ivory
White
Grey",Msite_BL_Spec,clicked,,,2026-07-02 20:59:50.000,,,,
340724737,129233622,b59bfddb-a3f3-416e-b666-140782e04375,,WhatsApp,12 ft,Share photos for your requirements!,Msite_BL,clicked,,,2026-07-02 20:59:51.000,,,,
340724985,129233622,b59bfddb-a3f3-416e-b666-140782e04375,,WhatsApp,Ivory,Thank you message templated,Msite_BL,clicked,,,2026-07-02 21:00:07.000,,,,
340769172,129233622,b59bfddb-a3f3-416e-b666-140782e04375,,WhatsApp,Ivory,"Hi! Did you connect with *HK Trading*?
📞 Call now for best price & quick response

👉 [phone]
✅ GST & TrustSeal Verified 

🛡️ ₹5L Payment Protection

🔗 https://m.indiamart.com/payment-protection?wa",Msite_BL,clicked,,,2026-07-02 22:00:08.000,,,,
384936364,129233622,cc792f56-edfa-44a9-9507-a7f7c1051772,,WhatsApp8181,Yes,"Please Enter GSM
100 GSM
150 GSM
200 GSM

 More options
250 GSM",Msite_BL_Quantity,clicked,,,2026-08-20 11:34:03.000,,,,
384942700,129233622,cc792f56-edfa-44a9-9507-a7f7c1051772,,WhatsApp8181,,How many *Kg*?,Msite_BL_Quantity,clicked,,,2026-08-20 11:39:04.000,,,,
384943128,129233622,cc792f56-edfa-44a9-9507-a7f7c1051772,,WhatsApp8181,We want to print the carton,,Msite_BL_Quantity,typed,,,2026-08-20 11:39:23.000,,,,
384943141,129233622,cc792f56-edfa-44a9-9507-a7f7c1051772,,WhatsApp8181,We want to print the carton,Noted! Please enter quantity.,Msite_BL_Quantity,typed,,,2026-08-20 11:39:23.000,,,,
384944967,129233622,cc792f56-edfa-44a9-9507-a7f7c1051772,,WhatsApp8181,500,,Msite_BL_Quantity,typed,,,2026-08-20 11:40:50.000,,,,
384944984,129233622,cc792f56-edfa-44a9-9507-a7f7c1051772,,WhatsApp8181,500,Share photos for your requirements!,Msite_BL,typed,,,2026-08-20 11:40:51.000,,,,
384951255,129233622,cc792f56-edfa-44a9-9507-a7f7c1051772,,WhatsApp8181,,Thank you message call cta,Msite_BL,typed,,,2026-08-20 11:45:51.000,,,,
268290682,39067747,2b4873a7-a71a-4c45-86b5-a28d5a52ea4d,,WhatsApp,"https://m.indiamart.com/pd/2858944612288?1552394

Hello *Balaji Sewing System*,
Need best price for Thread Cutters Scissors","Please Enter Length
4 inch
5 inch
3.5 inch

 More options
5.5 inch
2 inch
4.75 inch",Msite_BL_Quantity,pre-filled,,,2026-04-06 13:16:01.000,,,,
268295702,39067747,2b4873a7-a71a-4c45-86b5-a28d5a52ea4d,,WhatsApp,,How many *Piece*?,Msite_BL_Quantity,pre-filled,,,2026-04-06 13:21:02.000,,,,
268300639,39067747,2b4873a7-a71a-4c45-86b5-a28d5a52ea4d,,WhatsApp,,"Share details for approval.
Delete Requirement
Enter Other Details",Msite_BL_Quantity,pre-filled,,,2026-04-06 13:26:02.000,,,,
268300643,39067747,2b4873a7-a71a-4c45-86b5-a28d5a52ea4d,,WhatsApp,,Thank you message templated,Msite_BL_Quantity,pre-filled,,,2026-04-06 13:26:03.000,,,,
271092505,74672649,71a8fded-1928-4fce-9580-89b1a1d2d67f,,WhatsApp,"https://m.indiamart.com/pd/[phone]?0351710

Hello *Pooja Handicraft*,
Need best price for Cream Abs Plastic Pearl Beads, Packaging Size: 500 G","Please Enter Size
8 mm
10 mm
6 mm

 More options
12 mm
4 mm
5 mm",Msite_BL_Quantity,pre-filled,,,2026-04-09 18:42:49.000,,,,
271092952,74672649,71a8fded-1928-4fce-9580-89b1a1d2d67f,,WhatsApp,6 mm,,Msite_BL_Spec,clicked,,,2026-04-09 18:43:21.000,,,,
271092962,74672649,71a8fded-1928-4fce-9580-89b1a1d2d67f,,WhatsApp,6 mm,Share photos for your requirements!,Msite_BL,clicked,,,2026-04-09 18:43:22.000,,,,
271092988,74672649,71a8fded-1928-4fce-9580-89b1a1d2d67f,,WhatsApp,4 mm,Thank you message templated,Msite_BL,clicked,,,2026-04-09 18:43:23.000,,,,
271093007,74672649,71a8fded-1928-4fce-9580-89b1a1d2d67f,,WhatsApp,5 mm,"Okay, 5 mm is noted as Size for your requirement.",liveCustomer_Buyer_Buy_Product,clicked,,,2026-04-09 18:43:24.000,,,,
271093440,74672649,71a8fded-1928-4fce-9580-89b1a1d2d67f,,WhatsApp,Delhi,Noted,Default Fallback Intent,typed,,,2026-04-09 18:43:56.000,,1.0,,
271185509,74672649,335494bc-cf34-4b3f-b2d6-7580becdd1f6,,WhatsApp,Delhi locations shop,Requirement for Abs Plastic Pearl Beads is active. Sellers will connect with you soon for delivery location confirmation,Delivery location,typed,,,2026-04-09 20:37:03.000,,0.576,,
348082285,26900399,450ca21b-be93-4de9-871f-5a92c698ee92,,WhatsApp,"https://m.indiamart.com/pd/[phone]?1245470

Hello *Mohammed Engineering Works*,
Need best price for Rectangular Wooden Mandap Banquet Table","Please Enter Shape
Round
Rectangle
Square",Msite_BL_Quantity,pre-filled,,,2026-07-11 14:44:37.000,,,,
397837817,148536957,29ab6953-6270-41e1-83b6-119aadb459d2,,WhatsApp8181,YES,"Please Enter Current
32 A
16 A
63 A

 More options
20 A
125 A
25 A",Msite_BL_Quantity,clicked,,,2026-09-03 16:03:20.000,,,,
397838313,148536957,29ab6953-6270-41e1-83b6-119aadb459d2,,WhatsApp8181,32 A,,Msite_BL_Spec,clicked,,,2026-09-03 16:03:41.000,,,,
397838329,148536957,29ab6953-6270-41e1-83b6-119aadb459d2,,WhatsApp8181,32 A,How many *Piece*?,Msite_BL,clicked,,,2026-09-03 16:03:42.000,,,,
397838352,148536957,29ab6953-6270-41e1-83b6-119aadb459d2,,WhatsApp8181,16 A,Noted! Please enter quantity,Msite_BL_Quantity,clicked,,,2026-09-03 16:03:43.000,,,,
397838364,148536957,29ab6953-6270-41e1-83b6-119aadb459d2,,WhatsApp8181,63 A,Noted! Please enter quantity,Msite_BL_Quantity,clicked,,,2026-09-03 16:03:44.000,,,,
397838400,148536957,29ab6953-6270-41e1-83b6-119aadb459d2,,WhatsApp8181,20 A,Share photos for your requirements!,Msite_BL,clicked,,,2026-09-03 16:03:46.000,,,,
348086968,26900399,450ca21b-be93-4de9-871f-5a92c698ee92,,WhatsApp,,How many *piece*?,Msite_BL_Quantity,pre-filled,,,2026-07-11 14:49:38.000,,,,
397838448,148536957,29ab6953-6270-41e1-83b6-119aadb459d2,,WhatsApp8181,25 A,"Thank you! 

Your requirement for Industrial Socket has been received.",Msite_BL,clicked,,,2026-09-03 16:03:48.000,,,,
348091439,26900399,450ca21b-be93-4de9-871f-5a92c698ee92,,WhatsApp,,"Share details for approval.
Delete Requirement
Enter Other Details",Msite_BL_Quantity,pre-filled,,,2026-07-11 14:54:38.000,,,,
348091443,26900399,450ca21b-be93-4de9-871f-5a92c698ee92,,WhatsApp,,Thank you message templated,Msite_BL_Quantity,pre-filled,,,2026-07-11 14:54:39.000,,,,
348145111,26900399,450ca21b-be93-4de9-871f-5a92c698ee92,,WhatsApp,,Enquiry for Wooden Mandap Banquet Table has been sent! Call Now for best price - Mohammed Engineering Works,Msite_BL_Quantity,pre-filled,,,2026-07-11 15:54:39.000,,,,
348307311,26900399,450ca21b-be93-4de9-871f-5a92c698ee92,,WhatsApp,,How was your chat experience with IndiaMart?,MSITE_CSAT,pre-filled,,,2026-07-11 18:54:40.000,,,,
398113063,89915301,922ade4d-dcca-4ac3-ac46-6c12503511f2,,WhatsApp,"https://m.indiamart.com/pd/2858797045891?8165155

Hello *Jay Ambey Plastic*,
Need best price for 24inch Plastic Broom Handle, 53 cm (21 in)","Please Enter Material
Plastic
Steel
Virgin

 More options
Iron
Wood
Bamboo",Msite_BL_Quantity,pre-filled,,,2026-09-03 20:39:36.000,,,,
398113223,89915301,922ade4d-dcca-4ac3-ac46-6c12503511f2,,WhatsApp,Plastic,,Msite_BL_Spec,clicked,,,2026-09-03 20:39:43.000,,,,
398113241,89915301,922ade4d-dcca-4ac3-ac46-6c12503511f2,,WhatsApp,Plastic,How many *Piece*?,Msite_BL,clicked,,,2026-09-03 20:39:44.000,,,,
398113595,89915301,922ade4d-dcca-4ac3-ac46-6c12503511f2,,WhatsApp,2000,"Please Enter Length
18 inch
21 inch
24 inch

 More options
16 inch
19 inch
22 inch",Msite_BL_Quantity,clicked,,,2026-09-03 20:40:01.000,,,,
398113744,89915301,922ade4d-dcca-4ac3-ac46-6c12503511f2,,WhatsApp,24 inch,"Please Enter Pipe Type
Gala
Double Lock
Double Mouth

 More options
Pencil
Flat
Telescopic",Msite_BL_Spec,clicked,,,2026-09-03 20:40:08.000,,,,
398113878,89915301,922ade4d-dcca-4ac3-ac46-6c12503511f2,,WhatsApp,Pencil,,Msite_BL_Spec,clicked,,,2026-09-03 20:40:15.000,,,,
398113890,89915301,922ade4d-dcca-4ac3-ac46-6c12503511f2,,WhatsApp,Pencil,Please confirm your home location.,Msite_BL,clicked,,,2026-09-03 20:40:16.000,,,,
398113994,89915301,922ade4d-dcca-4ac3-ac46-6c12503511f2,,WhatsApp,Vapi,Share photos for your requirements!,Msite_BL,clicked,,,2026-09-03 20:40:22.000,,,,
398114180,89915301,922ade4d-dcca-4ac3-ac46-6c12503511f2,,WhatsApp,Yes,Thank you message templated,Msite_BL,typed,,,2026-09-03 20:40:31.000,,,,
398182595,89915301,922ade4d-dcca-4ac3-ac46-6c12503511f2,,WhatsApp,Yes,Enquiry for 24inch Plastic Broom Handle has been sent! Call Now for best price - Jay Ambey Plastic,Msite_BL,typed,,,2026-09-03 21:40:31.000,,,,
398546653,89915301,922ade4d-dcca-4ac3-ac46-6c12503511f2,,WhatsApp,,"Hi! *Bharath Brooms Industry* tried to reach you 📞
Did you connect?",WA_Callback_Connect_Q,nudge,,,2026-09-04 11:26:53.000,,,,
400109786,89915301,,,WhatsApp,,"Hi! *AR Star Bazaar* tried to reach you 📞
Did you connect?",WA_Callback_Connect_Q,nudge,,,2026-09-05 19:31:10.000,,,,
401264022,129233622,ce0c0abd-9d4d-43fc-a897-7053b2a8f981,,WhatsApp,"https://m.indiamart.com/pd/2853487900688?0273767

Hello *JVB Branding*,
Need best price for Golden Metal Ep Sticker, For Branding, Size: 35x20mm","Please Enter Color
Gold
Silver
Rose Gold

 More options
Black",Msite_BL_Quantity,pre-filled,,,2026-09-06 21:28:05.000,,,,
401268592,129233622,ce0c0abd-9d4d-43fc-a897-7053b2a8f981,,WhatsApp,,How many *Sheet*?,Msite_BL_Quantity,pre-filled,,,2026-09-06 21:33:06.000,,,,
401273076,129233622,ce0c0abd-9d4d-43fc-a897-7053b2a8f981,,WhatsApp,,"Share details for approval.
Delete Requirement
Enter Other Details",Msite_BL_Quantity,pre-filled,,,2026-09-06 21:38:06.000,,,,
401273078,129233622,ce0c0abd-9d4d-43fc-a897-7053b2a8f981,,WhatsApp,,Thank you message templated,Msite_BL_Quantity,pre-filled,,,2026-09-06 21:38:07.000,,,,
401324953,129233622,ce0c0abd-9d4d-43fc-a897-7053b2a8f981,,WhatsApp,,Enquiry for Golden Metal Ep Sticker has been sent! Call Now for best price - JVB Branding,Msite_BL_Quantity,pre-filled,,,2026-09-06 22:38:07.000,,,,
316719358,74672649,0f900855-b405-41a5-8ab0-f939db776413,,WhatsApp,"https://m.indiamart.com/pd/2857575699633?1702892

Hello *MJ Enterprises*,
Need best price for Lafz Kismet Aqua Perfume MRP 999","Please Enter Fragrance
Oud
French
Jasmine

 More options
Rose
Sandalwood
Lemon",Msite_BL_Quantity,pre-filled,,,2026-06-05 17:45:13.000,,,,
316719435,74672649,0f900855-b405-41a5-8ab0-f939db776413,,WhatsApp,Oud,,Msite_BL_Spec,clicked,,,2026-06-05 17:45:19.000,,,,
316719444,74672649,0f900855-b405-41a5-8ab0-f939db776413,,WhatsApp,Oud,How many *Piece*?,Msite_BL,clicked,,,2026-06-05 17:45:20.000,,,,
316719599,74672649,0f900855-b405-41a5-8ab0-f939db776413,,WhatsApp,1,"Please Enter Packaging Size
100 ml
50 ml
20 ml

 More options
30 ml
1 Litre
5 Litre",Msite_BL_Quantity,clicked,,,2026-06-05 17:45:31.000,,,,
316719658,74672649,0f900855-b405-41a5-8ab0-f939db776413,,WhatsApp,Sample,"Please Enter Type
Perfume Oil
Compound
Spray

 More options
Attar
Body Mist
Roll-on",Msite_BL_Spec,typed,,,2026-06-05 17:45:35.000,,,,
316724407,74672649,0f900855-b405-41a5-8ab0-f939db776413,,WhatsApp,,"Enter Type to get best quotation
Perfume Oil
Compound
Spray

 More options
Attar
Body Mist
Roll-on",Msite_BL_Spec,typed,,,2026-06-05 17:50:37.000,,,,
316729191,74672649,0f900855-b405-41a5-8ab0-f939db776413,,WhatsApp,,"Share details for approval.
Delete Requirement
Enter Other Details",Msite_BL_Spec,typed,,,2026-06-05 17:55:38.000,,,,
316729194,74672649,0f900855-b405-41a5-8ab0-f939db776413,,WhatsApp,,Thank you message templated,Msite_BL_Spec,typed,,,2026-06-05 17:55:38.000,,,,
316779678,74672649,0f900855-b405-41a5-8ab0-f939db776413,,WhatsApp,,Enquiry for Lafz Kismet Aqua Perfume MRP 999 has been sent! Call Now for best price - MJ Enterprises,Msite_BL_Spec,typed,,,2026-06-05 18:55:38.000,,,,
404697799,129233622,,,WhatsApp,,"Hi! *Swamin Metal* tried to reach you 📞
Did you connect?",WA_Callback_Connect_Q,nudge,,,2026-09-09 20:18:32.000,,,,
319965115,74672649,ef4b96ae-06b0-401e-a481-acd0be1f82e1,,WhatsApp,"https://m.indiamart.com/pd/2859289149162?8375335

Hello *Indo Kraft*,
Need best price for 6mm White Pearl Beads","Please Enter Size
8 mm
6 mm
3 mm

 More options
4 mm
10 mm
12 mm",Msite_BL_Quantity,pre-filled,,,2026-06-09 12:29:43.000,,,,
319965206,74672649,ef4b96ae-06b0-401e-a481-acd0be1f82e1,,WhatsApp,6 mm,,Msite_BL_Spec,clicked,,,2026-06-09 12:29:48.000,,,,
319965222,74672649,ef4b96ae-06b0-401e-a481-acd0be1f82e1,,WhatsApp,6 mm,How many *Piece*?,Msite_BL,clicked,,,2026-06-09 12:29:48.000,,,,
319965240,74672649,ef4b96ae-06b0-401e-a481-acd0be1f82e1,,WhatsApp,4 mm,Noted! Please enter quantity,Msite_BL_Quantity,clicked,,,2026-06-09 12:29:50.000,,,,
319965252,74672649,ef4b96ae-06b0-401e-a481-acd0be1f82e1,,WhatsApp,10 mm,Noted! Please enter quantity,Msite_BL_Quantity,clicked,,,2026-06-09 12:29:50.000,,,,
319965304,74672649,ef4b96ae-06b0-401e-a481-acd0be1f82e1,,WhatsApp,8 mm,Share photos for your requirements!,Msite_BL,clicked,,,2026-06-09 12:29:53.000,,,,
319965484,74672649,ef4b96ae-06b0-401e-a481-acd0be1f82e1,,WhatsApp,100 Kg,Please share your current location,Msite_BL,clicked,,,2026-06-09 12:30:03.000,,,,
319965596,74672649,ef4b96ae-06b0-401e-a481-acd0be1f82e1,,WhatsApp,Kolkata,Thank you message templated,Msite_BL,clicked,,,2026-06-09 12:30:09.000,,,,
319966005,74672649,ef4b96ae-06b0-401e-a481-acd0be1f82e1,,WhatsApp,New Delhi,Noted,Default Fallback Intent,clicked,,,2026-06-09 12:30:38.000,,1.0,,
319980113,74672649,ef4b96ae-06b0-401e-a481-acd0be1f82e1,,WhatsApp,"Need best price for Round Jing Cai 2mm Plastic Cream Pearl Beads
in Kolkata

https://m.indiamart.com/pd/2855753686830?9155291","Please Enter Size
8 mm
10 mm
6 mm

 More options
12 mm
4 mm
5 mm",Msite_BL_Quantity,pre-filled,,,2026-06-09 12:42:42.000,,,,
319980198,74672649,ef4b96ae-06b0-401e-a481-acd0be1f82e1,,WhatsApp,6 mm,,Msite_BL_Spec,clicked,,,2026-06-09 12:42:46.000,,,,
319980224,74672649,ef4b96ae-06b0-401e-a481-acd0be1f82e1,,WhatsApp,6 mm,How many *Kg*?,Msite_BL,clicked,,,2026-06-09 12:42:47.000,,,,
319980259,74672649,ef4b96ae-06b0-401e-a481-acd0be1f82e1,,WhatsApp,4 mm,Noted! Please enter quantity,Msite_BL_Quantity,clicked,,,2026-06-09 12:42:49.000,,,,
319980291,74672649,ef4b96ae-06b0-401e-a481-acd0be1f82e1,,WhatsApp,8 mm,Noted! Please enter quantity,Msite_BL_Quantity,clicked,,,2026-06-09 12:42:50.000,,,,
319980541,74672649,ef4b96ae-06b0-401e-a481-acd0be1f82e1,,WhatsApp,100,"Please Enter Color
White
Off-white
Cream

 More options
Golden
Multi-color
Silver",Msite_BL_Quantity,clicked,,,2026-06-09 12:43:01.000,,,,
319980668,74672649,ef4b96ae-06b0-401e-a481-acd0be1f82e1,,WhatsApp,Cream,"Please Enter Shape
Round
Half Round
Oval

 More options
Boat Shape
Drop Shape",Msite_BL_Spec,clicked,,,2026-06-09 12:43:07.000,,,,
319980749,74672649,ef4b96ae-06b0-401e-a481-acd0be1f82e1,,WhatsApp,Round,,Msite_BL_Spec,clicked,,,2026-06-09 12:43:11.000,,,,
319980766,74672649,ef4b96ae-06b0-401e-a481-acd0be1f82e1,,WhatsApp,Round,Share photos for your requirements!,Msite_BL,clicked,,,2026-06-09 12:43:11.000,,,,
319981334,74672649,ef4b96ae-06b0-401e-a481-acd0be1f82e1,,WhatsApp,,"{""queryImage"":{""img_src"":""http:\/\/5.imimg.com\/data5\/WA_9696\/Default\/2026\/6\/[phone]\/YB\/ZA\/US\/[phone]\/image.jpeg"",""key"":""img_6039"",""status"":"""",""item_id"":"""",""is_img"":true}}",Photo uploaded but not added as a product as ..,image/jpeg,,,2026-06-09 12:43:39.000,,,,http://5.imimg.com/data5/WA_9696/Default/2026/6/614810554/YB/ZA/US/74672649/image.jpeg
319981359,74672649,ef4b96ae-06b0-401e-a481-acd0be1f82e1,,WhatsApp,,Please share your current location,Msite_BL,clicked,,,2026-06-09 12:43:40.000,,,,
319981539,74672649,ef4b96ae-06b0-401e-a481-acd0be1f82e1,,WhatsApp,Kolkata,Thank you message templated,Msite_BL,clicked,,,2026-06-09 12:43:48.000,,,,
319981591,74672649,ef4b96ae-06b0-401e-a481-acd0be1f82e1,,WhatsApp,Bardoli,Noted,Default Fallback Intent,clicked,,,2026-06-09 12:43:51.000,,1.0,,
319985975,74672649,ef4b96ae-06b0-401e-a481-acd0be1f82e1,,WhatsApp,"https://m.indiamart.com/pd/2856274698633?9443073

Hello *Suhag Traders*,
Need best price for Half Pearl 6mm","Please Enter Size
8 mm
6 mm
3 mm

 More options
4 mm
10 mm
12 mm",Msite_BL_Quantity,pre-filled,,,2026-06-09 12:47:32.000,,,,
319986081,74672649,ef4b96ae-06b0-401e-a481-acd0be1f82e1,,WhatsApp,8 mm,,Msite_BL_Spec,clicked,,,2026-06-09 12:47:37.000,,,,
319986099,74672649,ef4b96ae-06b0-401e-a481-acd0be1f82e1,,WhatsApp,8 mm,How many *Piece*?,Msite_BL,clicked,,,2026-06-09 12:47:38.000,,,,
319986122,74672649,ef4b96ae-06b0-401e-a481-acd0be1f82e1,,WhatsApp,6 mm,Noted! Please enter quantity,Msite_BL_Quantity,clicked,,,2026-06-09 12:47:39.000,,,,
319986134,74672649,ef4b96ae-06b0-401e-a481-acd0be1f82e1,,WhatsApp,4 mm,Noted! Please enter quantity,Msite_BL_Quantity,clicked,,,2026-06-09 12:47:39.000,,,,
319986355,74672649,ef4b96ae-06b0-401e-a481-acd0be1f82e1,,WhatsApp,100,"Please Enter Color
White
Cream
Golden

 More options
Colored
Black
Rose Gold",Msite_BL_Quantity,clicked,,,2026-06-09 12:47:50.000,,,,
319986460,74672649,ef4b96ae-06b0-401e-a481-acd0be1f82e1,,WhatsApp,Cream,"Please Enter Material
Plastic
ABS
Shell

 More options
Glass
Brass
Acrylic",Msite_BL_Spec,clicked,,,2026-06-09 12:47:55.000,,,,
319986545,74672649,ef4b96ae-06b0-401e-a481-acd0be1f82e1,,WhatsApp,ABS,,Msite_BL_Spec,clicked,,,2026-06-09 12:47:59.000,,,,
319986563,74672649,ef4b96ae-06b0-401e-a481-acd0be1f82e1,,WhatsApp,ABS,Share photos for your requirements!,Msite_BL,clicked,,,2026-06-09 12:48:00.000,,,,
319986819,74672649,ef4b96ae-06b0-401e-a481-acd0be1f82e1,,WhatsApp,,"Hi! You just spoke with *Raj Jarkan & Hot Fix* 📞
Was the call helpful?",WA_Call_Feedback,nudge,,,2026-06-09 12:48:10.000,,,,
319992361,74672649,ef4b96ae-06b0-401e-a481-acd0be1f82e1,,WhatsApp,,"Share details for approval.
Delete Requirement
Enter Other Details",Msite_BL,clicked,,,2026-06-09 12:53:01.000,,,,
319992365,74672649,ef4b96ae-06b0-401e-a481-acd0be1f82e1,,WhatsApp,,Thank you message templated,Msite_BL,clicked,,,2026-06-09 12:53:01.000,,,,
320034666,74672649,ef4b96ae-06b0-401e-a481-acd0be1f82e1,,WhatsApp,Kolkata,Enquiry for Half Pearl 6mm has been sent! Call Now for best price - Suhag Traders,Msite_BL,clicked,,,2026-06-09 13:30:09.000,,,,
320243382,74672649,ef4b96ae-06b0-401e-a481-acd0be1f82e1,,WhatsApp,,How was your chat experience with IndiaMart?,MSITE_CSAT,clicked,,,2026-06-09 16:53:02.000,,,,
405151407,148536957,f40b846d-4794-4356-9658-8365d489a009,,WhatsApp8181,YES,"Please Enter Current Rating
32 A
16 A
63 A

 More options
20 A
125 A
25 A",Msite_BL_Quantity,clicked,,,2026-09-10 10:10:00.000,,,,
405157935,148536957,f40b846d-4794-4356-9658-8365d489a009,,WhatsApp8181,,How many *Piece*?,Msite_BL_Quantity,clicked,,,2026-09-10 10:15:01.000,,,,
405164309,148536957,f40b846d-4794-4356-9658-8365d489a009,,WhatsApp8181,,"Share details for approval.
Delete Requirement
Enter Other Details",Msite_BL_Quantity,clicked,,,2026-09-10 10:20:03.000,,,,
405164327,148536957,f40b846d-4794-4356-9658-8365d489a009,,WhatsApp8181,,Thank you message call cta,Msite_BL_Quantity,clicked,,,2026-09-10 10:20:04.000,,,,
405236379,148536957,,,WhatsApp8181,,Enquiry for Industrial Plug And Socket has been sent! Call Now for best price - J M Traders,no_call_nudge_ccs_seller,,,,2026-09-10 11:20:17.000,,,,
408258665,129233622,53534ca0-0e69-4610-8ce8-61cc513ba643,,WhatsApp8181,YES,"Please Enter Height
6.5 ft
6 ft
5 ft

 More options
7 ft
8 ft
4 ft",Msite_BL_Quantity,clicked,,,2026-09-12 23:40:28.000,,,,
408258771,129233622,53534ca0-0e69-4610-8ce8-61cc513ba643,,WhatsApp8181,6.5 ft,,Msite_BL_Spec,clicked,,,2026-09-12 23:40:37.000,,,,
408258778,129233622,53534ca0-0e69-4610-8ce8-61cc513ba643,,WhatsApp8181,6.5 ft,How many *Piece*?,Msite_BL,clicked,,,2026-09-12 23:40:38.000,,,,
408259128,129233622,53534ca0-0e69-4610-8ce8-61cc513ba643,,WhatsApp8181,5,"Please Enter Width
36 inches (3 ft)
48 inches (4 ft)
34 inches

 More options
35 inches
30 inches (2.5ft)
38 inches",Msite_BL_Quantity,clicked,,,2026-09-12 23:41:08.000,,,,
408259230,129233622,53534ca0-0e69-4610-8ce8-61cc513ba643,,WhatsApp8181,48 inches (4 ft),"Please Enter Material
Steel
Mild Steel (Iron)
Cold Rolled Steel

 More options
Stainless Steel
CRCA",Msite_BL_Spec,clicked,,,2026-09-12 23:41:17.000,,,,
408259315,129233622,53534ca0-0e69-4610-8ce8-61cc513ba643,,WhatsApp8181,Steel,,Msite_BL_Spec,clicked,,,2026-09-12 23:41:25.000,,,,
408259326,129233622,53534ca0-0e69-4610-8ce8-61cc513ba643,,WhatsApp8181,Steel,Share photos for your requirements!,Msite_BL,clicked,,,2026-09-12 23:41:26.000,,,,
408259804,129233622,53534ca0-0e69-4610-8ce8-61cc513ba643,,WhatsApp8181,,"{""queryImage"":{""img_src"":""http:\/\/5.imimg.com\/data5\/WA_9696\/Default\/2026\/9\/[phone]\/JQ\/JD\/XS\/[phone]\/image.jpeg"",""key"":""img_2196"",""status"":"""",""item_id"":"""",""is_img"":true}}",Photo uploaded but not added as a product,image/jpeg,,,2026-09-12 23:42:13.000,,,,http://5.imimg.com/data5/WA_9696/Default/2026/9/643612390/JQ/JD/XS/129233622/image.jpeg
408259812,129233622,53534ca0-0e69-4610-8ce8-61cc513ba643,,WhatsApp8181,,"Thank you! 

Your requirement for Home Almirah has been received.",Msite_BL,clicked,,,2026-09-12 23:42:14.000,,,,
408290988,129233622,,,WhatsApp8181,,Enquiry for Home Almirah has been sent! Call Now for best price - Manav Steel,no_call_nudge_ccs_seller,,,,2026-09-13 00:42:46.000,,,,
409077016,129233622,,,WhatsApp,,"Hi! *Mahakali Industries* tried to reach you 📞
Did you connect?",WA_Callback_Connect_Q,nudge,,,2026-09-13 19:23:38.000,,,,
414368038,129233622,,,WhatsApp8181,Steel Almirah,Did we complete this requirement for you?,BUYER_NPS_Sent,nudge,,,2026-09-18 15:05:25.000,,,151227955663.0,
424888741,129233622,f5a86867-f2d8-4d79-b36f-c3fc22b22847,,WhatsApp8181,YES,"Please Enter Height
6.5 ft
6 ft
5 ft

 More options
7 ft
8 ft
4 ft",Msite_BL_Quantity,clicked,,,2026-09-26 07:53:47.000,,,,
424888831,129233622,f5a86867-f2d8-4d79-b36f-c3fc22b22847,,WhatsApp8181,6.5 ft,,Msite_BL_Spec,clicked,,,2026-09-26 07:54:05.000,,,,
424888839,129233622,f5a86867-f2d8-4d79-b36f-c3fc22b22847,,WhatsApp8181,6.5 ft,How many *Piece*?,Msite_BL,clicked,,,2026-09-26 07:54:06.000,,,,
424888912,129233622,f5a86867-f2d8-4d79-b36f-c3fc22b22847,,WhatsApp8181,20,"Please Enter Width
36 inches (3 ft)
48 inches (4 ft)
34 inches

 More options
35 inches
30 inches (2.5ft)
38 inches",Msite_BL_Quantity,clicked,,,2026-09-26 07:54:19.000,,,,
424888971,129233622,f5a86867-f2d8-4d79-b36f-c3fc22b22847,,WhatsApp8181,48 inches (4 ft),"Please Enter Material
Steel
Mild Steel (Iron)
Cold Rolled Steel

 More options
Stainless Steel
CRCA",Msite_BL_Spec,clicked,,,2026-09-26 07:54:28.000,,,,
424889035,129233622,f5a86867-f2d8-4d79-b36f-c3fc22b22847,,WhatsApp8181,Mild Steel (Iron),,Msite_BL_Spec,clicked,,,2026-09-26 07:54:37.000,,,,
424889038,129233622,f5a86867-f2d8-4d79-b36f-c3fc22b22847,,WhatsApp8181,Mild Steel (Iron),Share photos for your requirements!,Msite_BL,clicked,,,2026-09-26 07:54:37.000,,,,
424889146,129233622,f5a86867-f2d8-4d79-b36f-c3fc22b22847,,WhatsApp8181,,"{""queryImage"":{""img_src"":""http:\/\/5.imimg.com\/data5\/WA_9696\/Default\/2026\/9\/[phone]\/MF\/EP\/XA\/[phone]\/image.jpeg"",""key"":""img_2054"",""status"":"""",""item_id"":"""",""is_img"":true}}",Photo uploaded but not added as a product as ..,image/jpeg,,,2026-09-26 07:54:55.000,,,,http://5.imimg.com/data5/WA_9696/Default/2026/9/647617573/MF/EP/XA/129233622/image.jpeg
424889151,129233622,f5a86867-f2d8-4d79-b36f-c3fc22b22847,,WhatsApp8181,,"Thank you! 

Your requirement for Steel Almirah has been received.",Msite_BL,clicked,,,2026-09-26 07:54:56.000,,,,
425016154,129233622,,,WhatsApp,,"Hi! *Ketan Storage Systems* tried to reach you 📞
Did you connect?",WA_Callback_Connect_Q,nudge,,,2026-09-26 10:26:18.000,,,,
424912755,129233622,,,WhatsApp8181,,Enquiry for Steel Almirah has been sent! Call Now for best price - Mak Engineering Works,no_call_nudge_ccs_seller,,,,2026-09-26 08:55:22.000,,,,
425439429,129233622,80326168-ea1a-4629-a557-31e0747e873c,,WhatsApp,"https://m.indiamart.com/pd/2856061059997?9088398

Need best price for Lldpe Stretch Film Roll
in Ahmedabad","Please Enter Width
18 inch
4 inch
12 inch

 More options
24 inch
6 inch
20 inch",Msite_BL|Free_FLOW,pre-filled,,,2026-09-26 16:08:24.000,,,,
425439551,129233622,80326168-ea1a-4629-a557-31e0747e873c,,WhatsApp,24 inch,,Msite_BL_Spec,clicked,,,2026-09-26 16:08:30.000,,,,
425439568,129233622,80326168-ea1a-4629-a557-31e0747e873c,,WhatsApp,24 inch,How many *Kg*?,Msite_BL,clicked,,,2026-09-26 16:08:31.000,,,,
425439795,129233622,80326168-ea1a-4629-a557-31e0747e873c,,WhatsApp,10,"Please Enter Thickness
23 micron
51 micron
12 micron

 More options
15 micron
19 micron
29 micron",Msite_BL_Quantity,clicked,,,2026-09-26 16:08:43.000,,,,
425440896,129233622,80326168-ea1a-4629-a557-31e0747e873c,,WhatsApp,19 micron,"Please Enter Usage Grade
Machine Grade
Manual",Msite_BL_Spec,clicked,,,2026-09-26 16:09:40.000,,,,
425441048,129233622,80326168-ea1a-4629-a557-31e0747e873c,,WhatsApp,Manual,"Please Enter Usage/Application
Distribution
Manufacturing
Resale",Msite_BL_Spec,clicked,,,2026-09-26 16:09:48.000,,,,
425441185,129233622,80326168-ea1a-4629-a557-31e0747e873c,,WhatsApp,Manufacturing,,Msite_BL_Spec,clicked,,,2026-09-26 16:09:55.000,,,,
425441202,129233622,80326168-ea1a-4629-a557-31e0747e873c,,WhatsApp,Manufacturing,Share photos for your requirements!,Msite_BL,clicked,,,2026-09-26 16:09:56.000,,,,
425442373,129233622,80326168-ea1a-4629-a557-31e0747e873c,,WhatsApp,"https://m.indiamart.com/pd/[phone]?9254350

Hello *Bharat Enterprise*,
Need best price for LLDPE Stretch Film Roll","Please Enter Width
18 inch
4 inch
12 inch

 More options
24 inch
6 inch
20 inch",Msite_BL|Free_FLOW,pre-filled,,,2026-09-26 16:11:02.000,,,,
425442467,129233622,80326168-ea1a-4629-a557-31e0747e873c,,WhatsApp,24 inch,,Msite_BL_Spec,clicked,,,2026-09-26 16:11:08.000,,,,
425442481,129233622,80326168-ea1a-4629-a557-31e0747e873c,,WhatsApp,24 inch,How many *Kg*?,Msite_BL,clicked,,,2026-09-26 16:11:09.000,,,,
425442700,129233622,80326168-ea1a-4629-a557-31e0747e873c,,WhatsApp,10,"Please Enter Thickness
23 micron
51 micron
12 micron

 More options
15 micron
19 micron
29 micron",Msite_BL_Quantity,clicked,,,2026-09-26 16:11:22.000,,,,
425442838,129233622,80326168-ea1a-4629-a557-31e0747e873c,,WhatsApp,23 micron,"Please Enter Usage Grade
Machine Grade
Manual",Msite_BL_Spec,clicked,,,2026-09-26 16:11:30.000,,,,
425442912,129233622,80326168-ea1a-4629-a557-31e0747e873c,,WhatsApp,Manual,"Please Enter Usage/Application
Distribution
Manufacturing
Resale",Msite_BL_Spec,clicked,,,2026-09-26 16:11:35.000,,,,
425442983,129233622,80326168-ea1a-4629-a557-31e0747e873c,,WhatsApp,Manufacturing,,Msite_BL_Spec,clicked,,,2026-09-26 16:11:40.000,,,,
425442989,129233622,80326168-ea1a-4629-a557-31e0747e873c,,WhatsApp,Manufacturing,Thank you message templated,Msite_BL,clicked,,,2026-09-26 16:11:40.000,,,,
425657858,203498530,56a0cc49-4c78-4baa-9260-e708c4f07993,,WhatsApp8181,YES,"Please Enter Material
Mild Steel
Stainless Steel
Galvanized Iron

 More options
Aluminium
Rubber
EPDM",Msite_BL_Quantity,clicked,,,2026-09-26 19:26:17.000,,,,
425663925,203498530,56a0cc49-4c78-4baa-9260-e708c4f07993,,WhatsApp8181,,How many *Piece*?,Msite_BL_Quantity,clicked,,,2026-09-26 19:31:18.000,,,,
425669282,203498530,56a0cc49-4c78-4baa-9260-e708c4f07993,,WhatsApp8181,,"Share details for approval.
Delete Requirement
Enter Other Details",Msite_BL_Quantity,clicked,,,2026-09-26 19:36:19.000,,,,
425669294,203498530,56a0cc49-4c78-4baa-9260-e708c4f07993,,WhatsApp8181,,Thank you message call cta,Msite_BL_Quantity,clicked,,,2026-09-26 19:36:20.000,,,,
425508639,129233622,80326168-ea1a-4629-a557-31e0747e873c,,WhatsApp,Manufacturing,Enquiry for LLDPE Stretch Film Roll has been sent! Call Now for best price - Bharat Enterprise,Msite_BL,clicked,,,2026-09-26 17:11:40.000,,,,
425709937,129233622,80326168-ea1a-4629-a557-31e0747e873c,,WhatsApp,,How was your chat experience with IndiaMart?,MSITE_CSAT,clicked,,,2026-09-26 20:11:41.000,,,,
425737939,203498530,,,WhatsApp8181,,Enquiry for Washer has been sent! Call Now for best price - Thukral Products India,no_call_nudge_ccs_seller,,,,2026-09-26 20:36:52.000,,,,
425932858,129233622,80326168-ea1a-4629-a557-31e0747e873c,,WhatsApp,,"Hi! *Mechchems India Engineering Co.* tried to reach you 📞
Did you connect?",WA_Callback_Connect_Q,nudge,,,2026-09-27 00:53:35.000,,,,
427253574,203498530,de237e39-9400-46fc-8fbf-07ff6561b45a,,WhatsApp,"https://m.indiamart.com/detail/[phone]?5575470

Need best price for Sheet Metal Part
in Jamnagar","Please Enter Usage/Application
Automotive
Musical Instruments
Decorative Hardware

 More options
Jewelry
Aerospace
Precision Machining",Msite_BL|Free_FLOW,pre-filled,,,2026-09-28 11:36:32.000,,,,
427253868,203498530,de237e39-9400-46fc-8fbf-07ff6561b45a,,WhatsApp,Washers,,Msite_BL_Spec,typed,,,2026-09-28 11:36:44.000,,,,
427253893,203498530,de237e39-9400-46fc-8fbf-07ff6561b45a,,WhatsApp,Washers,How many *Kg*?,Msite_BL,typed,,,2026-09-28 11:36:45.000,,,,
427254515,203498530,de237e39-9400-46fc-8fbf-07ff6561b45a,,WhatsApp,You order me because we are manufacturer,"Requirement deleted! 
 Menu",Msite_BL_Quantity,typed,,,2026-09-28 11:37:11.000,,,,
427254710,203498530,de237e39-9400-46fc-8fbf-07ff6561b45a,,WhatsApp,Menu,"Hello, how can we help you today?
Buy
Paid Services
Update Company Info
More Options
Raise a Complaint
Call IndiaMART
Deactivate account
View Help Videos",Default Welcome Intent,clicked,,,2026-09-28 11:37:21.000,,1.0,,
426607898,203498530,,,WhatsApp,,"Hi! *Jay Umiya Enterprise* tried to reach you 📞
Did you connect?",WA_Callback_Connect_Q,nudge,,,2026-09-27 17:29:09.000,,,,
427310843,203498530,65b3c18f-a272-4375-a9ab-3f7d4d1fa821,,WhatsApp,Update Company Info,"Update Company Details
Update Company:https://seller.indiamart.com/companyprofile/manageprofile",update_company_details,clicked,,,2026-09-28 12:18:32.000,,0.766,,
427537274,203498530,65b3c18f-a272-4375-a9ab-3f7d4d1fa821,,WhatsApp,,"Hi! *Deepak Products* tried to reach you 📞
Did you connect?",WA_Callback_Connect_Q,nudge,,,2026-09-28 15:07:44.000,,,,
428364479,129233622,1b1b6c06-ef9a-40dc-a212-0b1d19d9336e,,WhatsApp8181,YES,"Please Enter Load Capacity
300 kg
500 kg
200 kg

 More options
150 kg
400 kg
1 Ton",Msite_BL_Quantity,clicked,,,2026-09-29 10:00:21.000,,,,
428364743,129233622,1b1b6c06-ef9a-40dc-a212-0b1d19d9336e,,WhatsApp8181,150 kg,,Msite_BL_Spec,clicked,,,2026-09-29 10:00:34.000,,,,
428364766,129233622,1b1b6c06-ef9a-40dc-a212-0b1d19d9336e,,WhatsApp8181,150 kg,How many *Piece*?,Msite_BL,clicked,,,2026-09-29 10:00:35.000,,,,
428365027,129233622,1b1b6c06-ef9a-40dc-a212-0b1d19d9336e,,WhatsApp8181,1,"Please Enter Material
Mild Steel
Plastic
Stainless Steel",Msite_BL_Quantity,clicked,,,2026-09-29 10:00:46.000,,,,
428365315,129233622,1b1b6c06-ef9a-40dc-a212-0b1d19d9336e,,WhatsApp8181,Mild Steel,"Please Enter Platform Size
4 x 2.5 ft
20 x 40 inch
2.5 x 2 ft

 More options
36 x 24 inch
3 x 3 ft
1500 x 750 mm",Msite_BL_Spec,clicked,,,2026-09-29 10:00:59.000,,,,
428365679,129233622,1b1b6c06-ef9a-40dc-a212-0b1d19d9336e,,WhatsApp8181,36 x 24 inch,,Msite_BL_Spec,clicked,,,2026-09-29 10:01:15.000,,,,
428365697,129233622,1b1b6c06-ef9a-40dc-a212-0b1d19d9336e,,WhatsApp8181,36 x 24 inch,Share photos for your requirements!,Msite_BL,clicked,,,2026-09-29 10:01:16.000,,,,
428366321,129233622,1b1b6c06-ef9a-40dc-a212-0b1d19d9336e,,WhatsApp8181,,"{""queryImage"":{""img_src"":""http:\/\/5.imimg.com\/data5\/WA_9696\/Default\/2026\/9\/[phone]\/SN\/QH\/YK\/[phone]\/image.jpeg"",""key"":""img_1315"",""status"":"""",""item_id"":"""",""is_img"":true}}",Photo uploaded but not added as a product as ..,image/jpeg,,,2026-09-29 10:01:41.000,,,,http://5.imimg.com/data5/WA_9696/Default/2026/9/648470662/SN/QH/YK/129233622/image.jpeg
428366341,129233622,1b1b6c06-ef9a-40dc-a212-0b1d19d9336e,,WhatsApp8181,,"Thank you! 

Your requirement for Plastic foldable Platform trolley 4 feet x 2.30 feet has been received.",Msite_BL,clicked,,,2026-09-29 10:01:42.000,,,,
428374285,129233622,,,WhatsApp,,"Hi! *Saffron Techmech* tried to reach you 📞
Did you connect?",WA_Callback_Connect_Q,nudge,,,2026-09-29 10:07:24.000,,,,
428449600,129233622,,,WhatsApp8181,,Enquiry for Plastic foldable Platform trolley 4 feet x 2.30 feet has been sent! Call Now for best price - Saffron Techmech,no_call_nudge_ccs_seller,,,,2026-09-29 11:02:12.000,,,,
430227696,129233622,9ef93afe-9c4a-4e99-b059-fdf764cd159d,,WhatsApp,,Enquiry for 300kg Mild Steel Heavy Duty Platform Trolley has been sent! Call Now for best price - Varad Enterprises,Msite_BL,clicked,,,2026-09-30 17:59:17.000,,,,
430530780,129233622,9ef93afe-9c4a-4e99-b059-fdf764cd159d,,WhatsApp,,"Hi! *Rudra Equipment* tried to reach you 📞
Did you connect?",WA_Callback_Connect_Q,nudge,,,2026-09-30 22:58:40.000,,,,
430614831,129233622,9ef93afe-9c4a-4e99-b059-fdf764cd159d,,WhatsApp,,"Hi! *Shreeji Industries* tried to reach you 📞
Did you connect?",WA_Callback_Connect_Q,nudge,,,2026-10-01 01:42:02.000,,,,
430146996,129233622,9ef93afe-9c4a-4e99-b059-fdf764cd159d,,WhatsApp,"https://m.indiamart.com/pd/2854792394462?7139135

Need best price for 300kg Mild Steel Heavy Duty Platform Trolley
in Nashik","Please Enter Load Capacity
500 kg
1000 kg (1 Ton)
300 kg

 More options
200 kg
2000 kg (2 Ton)
600 kg",Msite_BL|Free_FLOW,pre-filled,,,2026-09-30 16:49:08.000,,,,
430147169,129233622,9ef93afe-9c4a-4e99-b059-fdf764cd159d,,WhatsApp,1000 kg (1 Ton),,Msite_BL_Spec,clicked,,,2026-09-30 16:49:16.000,,,,
430147189,129233622,9ef93afe-9c4a-4e99-b059-fdf764cd159d,,WhatsApp,1000 kg (1 Ton),How many *Piece*?,Msite_BL,clicked,,,2026-09-30 16:49:17.000,,,,
430153034,129233622,9ef93afe-9c4a-4e99-b059-fdf764cd159d,,WhatsApp,,"Your request is waiting, share details to get it approved.",Msite_BL,clicked,,,2026-09-30 16:54:17.000,,,,
430158397,129233622,9ef93afe-9c4a-4e99-b059-fdf764cd159d,,WhatsApp,,Thank you message templated,Msite_BL,clicked,,,2026-09-30 16:59:17.000,,,,
431458970,29265692,,,WhatsApp8181,,"Hi! You just spoke with *Hi-Tech Sealing & Insulation Industries* 📞
Was the call helpful?",WA_Call_Feedback,nudge,,,2026-10-01 19:15:11.000,,,,
431288411,39067747,,,WhatsApp,,"Hi! *Ahinsa Polymers* tried to reach you 📞
Did you connect?",WA_Callback_Connect_Q,nudge,,,2026-10-01 16:44:54.000,,,,
326939069,75623573,2ab4041c-5256-4bbd-8b9e-5365be97a6c2,,WhatsApp,"https://m.indiamart.com/pd/[phone]?4774070

Hello *Ashok Traders*,
Need best price for Mix Nike Go Flyease","Please Enter Shoe Size
9 UK
10 UK
8 UK

 More options
11 UK
7 UK
6 UK",Msite_BL_Quantity,pre-filled,,,2026-06-16 21:16:26.000,,,,
326939173,75623573,2ab4041c-5256-4bbd-8b9e-5365be97a6c2,,WhatsApp,9 UK,,Msite_BL_Spec,clicked,,,2026-06-16 21:16:36.000,,,,
326939177,75623573,2ab4041c-5256-4bbd-8b9e-5365be97a6c2,,WhatsApp,9 UK,How many *Pair*?,Msite_BL,clicked,,,2026-06-16 21:16:37.000,,,,
326939351,75623573,2ab4041c-5256-4bbd-8b9e-5365be97a6c2,,WhatsApp,1,Please Enter Model Name,Msite_BL_Quantity,clicked,,,2026-06-16 21:16:51.000,,,,
326942715,75623573,2ab4041c-5256-4bbd-8b9e-5365be97a6c2,,WhatsApp,,How many *Pair*?,Msite_BL_Quantity,clicked,,,2026-06-16 21:21:51.000,,,,
326946430,75623573,2ab4041c-5256-4bbd-8b9e-5365be97a6c2,,WhatsApp,,"Share details for approval.
Delete Requirement
Enter Other Details",Msite_BL_Quantity,clicked,,,2026-06-16 21:26:51.000,,,,
326946437,75623573,2ab4041c-5256-4bbd-8b9e-5365be97a6c2,,WhatsApp,,"Thank you!
Your requirement for Nike Go Flyease has been sent to Ashok Traders.",Msite_BL_Quantity,clicked,,,2026-06-16 21:26:52.000,,,,
326985528,75623573,2ab4041c-5256-4bbd-8b9e-5365be97a6c2,,WhatsApp,,"Thank you!
Your requirement for Nike Go Flyease has been sent to Ashok Traders.",Msite_BL_Quantity,clicked,,,2026-06-16 22:26:53.000,,,,
327004621,75623573,12be1830-2278-4440-b866-2cbb6f29eaf0,,WhatsApp,Enter Other Details,Update Company Details,Others,clicked,,,2026-06-16 22:57:51.000,,0.937,,
327004919,75623573,12be1830-2278-4440-b866-2cbb6f29eaf0,,WhatsApp,Nike Go fly ease,Requirement is active. Sellers will connect,Buy_Product,typed,,,2026-06-16 22:58:22.000,,0.937,,
390027004,129233622,330671c2-2423-4d61-a4c4-1252fb4e8739,,WhatsApp8181,Yes,"Please Enter Height
6.5 ft
6 ft
5 ft

 More options
7 ft
8 ft
4 ft",Msite_BL_Quantity,clicked,,,2026-08-26 06:20:43.000,,,,
390027024,129233622,330671c2-2423-4d61-a4c4-1252fb4e8739,,WhatsApp8181,6 ft,,Msite_BL_Spec,clicked,,,2026-08-26 06:20:51.000,,,,
390027026,129233622,330671c2-2423-4d61-a4c4-1252fb4e8739,,WhatsApp8181,6 ft,How many *Piece*?,Msite_BL,clicked,,,2026-08-26 06:20:52.000,,,,
390027060,129233622,330671c2-2423-4d61-a4c4-1252fb4e8739,,WhatsApp8181,10,"Please Enter Width
36 inches (3 ft)
48 inches (4 ft)
34 inches

 More options
35 inches
30 inches (2.5ft)
38 inches",Msite_BL_Quantity,typed,,,2026-08-26 06:21:18.000,,,,
390027082,129233622,330671c2-2423-4d61-a4c4-1252fb4e8739,,WhatsApp8181,48 inches (4 ft),"Please Enter Material
Steel
Mild Steel (Iron)
Cold Rolled Steel

 More options
Stainless Steel
CRCA",Msite_BL_Spec,clicked,,,2026-08-26 06:21:25.000,,,,
390027101,129233622,330671c2-2423-4d61-a4c4-1252fb4e8739,,WhatsApp8181,Stainless Steel,,Msite_BL_Spec,clicked,,,2026-08-26 06:21:35.000,,,,
390027102,129233622,330671c2-2423-4d61-a4c4-1252fb4e8739,,WhatsApp8181,Stainless Steel,Share photos for your requirements!,Msite_BL,clicked,,,2026-08-26 06:21:36.000,,,,
390027122,129233622,330671c2-2423-4d61-a4c4-1252fb4e8739,,WhatsApp8181,Na,"Thank you! 

Your requirement for Steel Almirah has been received.",Msite_BL,typed,,,2026-08-26 06:21:47.000,,,,
330418448,39067747,3836b89c-63ca-42a3-abd9-88785d9bd483,,WhatsApp,"https://m.indiamart.com/pd/[phone]?2347853

Hi! Need the best price for this product.","Please Enter Valve Config
5/2 Way
5/3 Way",Msite_BL_Quantity,pre-filled,,,2026-06-20 16:16:06.000,,,,
330421158,39067747,3836b89c-63ca-42a3-abd9-88785d9bd483,,WhatsApp,"https://m.indiamart.com/pd/[phone]?2531866

Hi! Need the best price for this product.","Please Enter Valve Config
5/2 Way
5/3 Way",Msite_BL_Quantity,pre-filled,,,2026-06-20 16:18:57.000,,,,
330421852,39067747,3836b89c-63ca-42a3-abd9-88785d9bd483,,WhatsApp,"https://m.indiamart.com/pd/2852425781197?2578670

Need best price for Medium Pressure Water Festo Solenoid Valve, For Industrial
in Dombivli?","Please Enter Port Size
1/2 inch
1 inch
1/4 inch

 More options
2 inch
1.5 inch
3/4 inch",Msite_BL_Quantity,pre-filled,,,2026-06-20 16:19:45.000,,,,
330426474,39067747,3836b89c-63ca-42a3-abd9-88785d9bd483,,WhatsApp,,How many *Piece*?,Msite_BL_Quantity,pre-filled,,,2026-06-20 16:24:46.000,,,,
330430842,39067747,3836b89c-63ca-42a3-abd9-88785d9bd483,,WhatsApp,,"Share details for approval.
Delete Requirement
Enter Other Details",Msite_BL_Quantity,pre-filled,,,2026-06-20 16:29:47.000,,,,
330430844,39067747,3836b89c-63ca-42a3-abd9-88785d9bd483,,WhatsApp,,Thank you message templated,Msite_BL_Quantity,pre-filled,,,2026-06-20 16:29:47.000,,,,
330485769,39067747,3836b89c-63ca-42a3-abd9-88785d9bd483,,WhatsApp,,Enquiry for Festo Solenoid Valve has been sent! Call Now for best price - Akshay Sales Corporation,Msite_BL_Quantity,pre-filled,,,2026-06-20 17:29:47.000,,,,
330637502,39067747,3836b89c-63ca-42a3-abd9-88785d9bd483,,WhatsApp,,How was your chat experience with IndiaMart?,MSITE_CSAT,pre-filled,,,2026-06-20 20:29:48.000,,,,
357610537,146924766,ea0e1e75-02c7-4974-b2c3-50bf506b89f4,,WhatsApp,Ho,"Sorry, didnt understand
Buy
Paid Services
Update Company Info
More Options
Raise a Complaint
Call IndiaMART
Deactivate account
View Help Videos",Others,typed,,,2026-07-22 15:23:54.000,,0.937,,
357610692,146924766,ea0e1e75-02c7-4974-b2c3-50bf506b89f4,,WhatsApp,Hi,"Hello, how can we help you today?
Buy
Paid Services
Update Company Info
More Options
Raise a Complaint
Call IndiaMART
Deactivate account
View Help Videos",Default Welcome Intent,typed,,,2026-07-22 15:24:02.000,,1.0,,
357611239,146924766,ea0e1e75-02c7-4974-b2c3-50bf506b89f4,,WhatsApp,,"{""queryImage"":{""img_src"":""http:\/\/5.imimg.com\/data5\/WA_9696\/Default\/2026\/7\/[phone]\/BU\/GJ\/OZ\/[phone]\/image.jpeg"",""key"":""img_6211"",""status"":""Hi \n\nWhat is the Photo for ?\n Buy \nSell"",""item_id"":"""",""is_img"":true}}",Photo uploaded but not added as a product as ..,image/jpeg,,,2026-07-22 15:24:31.000,,,,http://5.imimg.com/data5/WA_9696/Default/2026/7/627649448/BU/GJ/OZ/146924766/image.jpeg
357611604,146924766,ea0e1e75-02c7-4974-b2c3-50bf506b89f4,,WhatsApp,ये आपका कस्टम फोन नही उठाता है फोन करने पर भी,"Sorry, didnt understand
Buy
Paid Services
Update Company Info
More Options
Raise a Complaint
Call IndiaMART
Deactivate account
View Help Videos",Others,typed,,,2026-07-22 15:24:53.000,,0.937,,
294833020,74672649,abecfa2f-7dfb-4f62-a4a9-edca329c6fcc,,WhatsApp,"https://m.indiamart.com/pd/2857575699633?5851570

Hello *MJ Enterprises*,
Need best price for Lafz Kismet Aqua Perfume MRP 999","Please Enter Fragrance
Oud
French
Jasmine

 More options
Rose
Sandalwood
Lemon",Msite_BL_Quantity,pre-filled,,,2026-05-09 16:54:23.000,,,,
294837006,74672649,abecfa2f-7dfb-4f62-a4a9-edca329c6fcc,,WhatsApp,,How many *Piece*?,Msite_BL_Quantity,pre-filled,,,2026-05-09 16:59:24.000,,,,
294838078,74672649,abecfa2f-7dfb-4f62-a4a9-edca329c6fcc,,WhatsApp,1,"Please Enter Packaging Size
100 ml
50 ml
20 ml

 More options
30 ml
1 Litre
5 Litre",Msite_BL_Quantity,clicked,,,2026-05-09 17:00:46.000,,,,
294838165,74672649,abecfa2f-7dfb-4f62-a4a9-edca329c6fcc,,WhatsApp,100 ml,"Please Enter Type
Perfume Oil
Compound
Spray

 More options
Attar
Body Mist
Roll-on",Msite_BL_Spec,clicked,,,2026-05-09 17:00:54.000,,,,
294838274,74672649,abecfa2f-7dfb-4f62-a4a9-edca329c6fcc,,WhatsApp,Spray,,Msite_BL_Spec,clicked,,,2026-05-09 17:01:04.000,,,,
294838279,74672649,abecfa2f-7dfb-4f62-a4a9-edca329c6fcc,,WhatsApp,Spray,Share photos for your requirements!,Msite_BL,clicked,,,2026-05-09 17:01:05.000,,,,
294838603,74672649,abecfa2f-7dfb-4f62-a4a9-edca329c6fcc,,WhatsApp,,"{""queryImage"":{""img_src"":""http:\/\/5.imimg.com\/data5\/WA_9696\/Default\/2026\/5\/[phone]\/CV\/NR\/MV\/[phone]\/image.jpeg"",""key"":""img_5775"",""status"":"""",""item_id"":"""",""is_img"":true}}",Photo uploaded but not added as a product,image/jpeg,,,2026-05-09 17:01:33.000,,,,http://5.imimg.com/data5/WA_9696/Default/2026/5/606549239/CV/NR/MV/74672649/image.jpeg
294838615,74672649,abecfa2f-7dfb-4f62-a4a9-edca329c6fcc,,WhatsApp,,Please share your current location,Msite_BL,clicked,,,2026-05-09 17:01:34.000,,,,
294838758,74672649,abecfa2f-7dfb-4f62-a4a9-edca329c6fcc,,WhatsApp,Howrah,Thank you message templated,Msite_BL,clicked,,,2026-05-09 17:01:43.000,,,,
294890463,74672649,abecfa2f-7dfb-4f62-a4a9-edca329c6fcc,,WhatsApp,Howrah,"Enquiry for *Lafz Kismet Aqua Perfume MRP 999* has been sent!
*Call now* for latest price

📞 [phone],7251",Msite_BL,clicked,,,2026-05-09 18:01:44.000,,,,
302769377,137941261,1ff0f0ac-fe6e-4fae-90fd-9bf6fe9502d5,,WhatsApp8181,Yes,Please Enter Pickup City,Msite_BL_Quantity,typed,,,2026-05-19 13:22:35.000,,,,
302769683,137941261,1ff0f0ac-fe6e-4fae-90fd-9bf6fe9502d5,,WhatsApp8181,Patna,Please Enter Drop City,Msite_BL_Spec,typed,,,2026-05-19 13:22:50.000,,,,
302770124,137941261,1ff0f0ac-fe6e-4fae-90fd-9bf6fe9502d5,,WhatsApp8181,All bihar,"Please Enter Weight
Up to 3 Ton
3 to 9 Ton
9 to 18 Ton

 More options
More Than 18 Ton",Msite_BL_Spec,typed,,,2026-05-19 13:23:11.000,,,,
302770729,137941261,1ff0f0ac-fe6e-4fae-90fd-9bf6fe9502d5,,WhatsApp8181,8 to 10 ton,,Msite_BL_Spec,typed,,,2026-05-19 13:23:42.000,,,,
302770741,137941261,1ff0f0ac-fe6e-4fae-90fd-9bf6fe9502d5,,WhatsApp8181,8 to 10 ton,"Thank you! 

Your requirement for Full Truck Load Transport Service has been received.",Msite_BL_Spec,typed,,,2026-05-19 13:23:43.000,,,,
339311496,11574612,7146d30c-b16f-4431-bfac-e3ecc9ef2424,,WhatsApp,,"Relationship Manager ""Aman Dixit"" has JOINED the chat 
 
Ph No:[phone]",,typed,,,2026-07-01 10:45:14.000,,,,
339311566,11574612,0f821337-d054-4302-98a9-4c8af5d27a4f,,WhatsApp,,https://www.indiamart.com/gamecraft-jodhpur/,,typed,,,2026-07-01 10:45:18.000,,,,
339315354,11574612,f154ad0e-76ee-4302-80db-7c22511c0aed,2,WhatsApp,"Awesome work 👍 
Thanks Mr. Dixit",,,typed,,,2026-07-01 10:49:06.000,agent_bargain,,,
274059419,11574612,cb6102ce-f9ba-469e-953e-eee9069d1c24,,WhatsApp8181,YES,"Please Enter Storage Capacity
120 L
150 L
80 L

 More options
60 L
40 L
20 L",Msite_BL_Quantity,clicked,,,2026-04-13 14:54:31.000,,,,
274059506,11574612,cb6102ce-f9ba-469e-953e-eee9069d1c24,,WhatsApp8181,20 L,,Msite_BL_Spec,clicked,,,2026-04-13 14:54:38.000,,,,
274059519,11574612,cb6102ce-f9ba-469e-953e-eee9069d1c24,,WhatsApp8181,20 L,How many *Piece*?,Msite_BL,clicked,,,2026-04-13 14:54:39.000,,,,
274059776,11574612,cb6102ce-f9ba-469e-953e-eee9069d1c24,,WhatsApp8181,1,"Please Enter Cooling Capacity
40 L/hr
150 L/hr
20 L/hr

 More options
60 L/hr
80 L/hr
120 L/hr",Msite_BL_Quantity,clicked,,,2026-04-13 14:54:55.000,,,,
274059951,11574612,cb6102ce-f9ba-469e-953e-eee9069d1c24,,WhatsApp8181,20 L/hr,"Please Enter Purification Technology
RO
UV
Cooling Only",Msite_BL_Spec,clicked,,,2026-04-13 14:55:07.000,,,,
274060074,11574612,cb6102ce-f9ba-469e-953e-eee9069d1c24,,WhatsApp8181,RO,,Msite_BL_Spec,clicked,,,2026-04-13 14:55:17.000,,,,
274060090,11574612,cb6102ce-f9ba-469e-953e-eee9069d1c24,,WhatsApp8181,RO,Share photos for your requirements!,Msite_BL,clicked,,,2026-04-13 14:55:17.000,,,,
274064838,11574612,cb6102ce-f9ba-469e-953e-eee9069d1c24,,WhatsApp8181,,"Share details for approval.
Delete Requirement
Enter Other Details",Msite_BL,clicked,,,2026-04-13 15:00:18.000,,,,
274064855,11574612,cb6102ce-f9ba-469e-953e-eee9069d1c24,,WhatsApp8181,,"Thank you! 

Your requirement for Water Cooler has been received.",Msite_BL,clicked,,,2026-04-13 15:00:20.000,,,,
350729567,11574612,ef7e72e4-21d9-42c8-a476-572040125d1a,2,WhatsApp8181,YES,"Please Enter Card Type
Proximity
Standard
Mifare Card

 More options
UHF Card",Msite_BL_Quantity,clicked,,,2026-07-14 15:54:47.000,,,,
350729785,11574612,ef7e72e4-21d9-42c8-a476-572040125d1a,2,WhatsApp8181,Standard,,Msite_BL_Spec,clicked,,,2026-07-14 15:55:01.000,,,,
350729798,11574612,ef7e72e4-21d9-42c8-a476-572040125d1a,2,WhatsApp8181,Standard,How many *Piece*?,Msite_BL,clicked,,,2026-07-14 15:55:02.000,,,,
350734542,11574612,ef7e72e4-21d9-42c8-a476-572040125d1a,,WhatsApp8181,,"Your request is waiting, share details to get it approved.",Msite_BL,clicked,,,2026-07-14 16:00:02.000,,,,
318596157,83816210,8241279a-cca5-453e-8b29-06fde9299f63,,WhatsApp,"https://m.indiamart.com/pd/2858739566197?4993536

Hello *Suva Bright Enterprises*,
Need best price for Housekeeping Cleaning Products","Please Enter Product Type
Stick (Teeli)
Spin Mop
Mop

 More options
Wiper
Broom
Dry Mop",Msite_BL_Quantity,pre-filled,,,2026-06-07 20:40:10.000,,,,
318596739,83816210,8241279a-cca5-453e-8b29-06fde9299f63,,WhatsApp,Stick (Teeli),,Msite_BL_Spec,clicked,,,2026-06-07 20:40:49.000,,,,
318596755,83816210,8241279a-cca5-453e-8b29-06fde9299f63,,WhatsApp,Stick (Teeli),How many *Pack*?,Msite_BL,clicked,,,2026-06-07 20:40:50.000,,,,
318597048,83816210,8241279a-cca5-453e-8b29-06fde9299f63,,WhatsApp,Mujhe housekeeping hygienic metal chahie,,Msite_BL_Quantity,typed,,,2026-06-07 20:41:12.000,,,,
318597054,83816210,8241279a-cca5-453e-8b29-06fde9299f63,,WhatsApp,Mujhe housekeeping hygienic metal chahie,Noted! Please enter quantity.,Msite_BL_Quantity,typed,,,2026-06-07 20:41:13.000,,,,
318597251,83816210,8241279a-cca5-453e-8b29-06fde9299f63,,WhatsApp,5 ltr can,,Msite_BL_Quantity,typed,,,2026-06-07 20:41:26.000,,,,
318597262,83816210,8241279a-cca5-453e-8b29-06fde9299f63,,WhatsApp,5 ltr can,Noted! Please enter quantity.,Msite_BL_Quantity,typed,,,2026-06-07 20:41:27.000,,,,
318597390,83816210,8241279a-cca5-453e-8b29-06fde9299f63,,WhatsApp,Aapke pass kaun si brand ka hai,,Msite_BL_Quantity,typed,,,2026-06-07 20:41:37.000,,,,
318597408,83816210,8241279a-cca5-453e-8b29-06fde9299f63,,WhatsApp,Aapke pass kaun si brand ka hai,Share photos for your requirements!,Msite_BL,typed,,,2026-06-07 20:41:38.000,,,,
318599165,83816210,8241279a-cca5-453e-8b29-06fde9299f63,,WhatsApp,Requirement floor cleaner phenyl hand wash toilet cleaner etc for bulk orders,Company Info Form Asked,Msite_BL,typed,,,2026-06-07 20:43:44.000,,,,
318599583,83816210,8241279a-cca5-453e-8b29-06fde9299f63,,WhatsApp,,Company Info Form Submitted,Msite_BL,clicked,,,2026-06-07 20:44:12.000,,,,
318599585,83816210,8241279a-cca5-453e-8b29-06fde9299f63,,WhatsApp,,Thank you message templated,Msite_BL,clicked,,,2026-06-07 20:44:12.000,,,,
318601343,83816210,8241279a-cca5-453e-8b29-06fde9299f63,,WhatsApp,"https://m.indiamart.com/pd/[phone]?5367320

Need best price for TRIX H101
in Noida","Please Enter Type Of Cleaning Aid
Cleaning Solutions
Mops
Brushes

 More options
Toilet Cleaner",Msite_BL_Quantity,pre-filled,,,2026-06-07 20:46:18.000,,,,
318601727,83816210,8241279a-cca5-453e-8b29-06fde9299f63,,WhatsApp,Cleaning Solutions,,Msite_BL_Spec,clicked,,,2026-06-07 20:46:47.000,,,,
318601735,83816210,8241279a-cca5-453e-8b29-06fde9299f63,,WhatsApp,Cleaning Solutions,How many *Piece*?,Msite_BL,clicked,,,2026-06-07 20:46:48.000,,,,
318602010,83816210,8241279a-cca5-453e-8b29-06fde9299f63,,WhatsApp,For resale,"Requirement deleted! 
 Menu",Msite_BL_Quantity,typed,,,2026-06-07 20:47:11.000,,,,
318602576,83816210,8241279a-cca5-453e-8b29-06fde9299f63,,WhatsApp,Housing keeping hygienic material,"Sorry, didnt understand
Buy
Paid Services
Update Company Info
More Options
Raise a Complaint
Call IndiaMART
Deactivate account
View Help Videos",Others,typed,,,2026-06-07 20:47:51.000,,0.937,,
325549370,11574612,63e3157f-26d9-46a3-afca-97c624cf9fb5,,WhatsApp8181,YES,"Please Enter Material
PVC
GI Pipe
Foam

 More options
LLDPE Plastic
Wood
Mild Steel",Msite_BL_Quantity,clicked,,,2026-06-15 12:48:03.000,,,,
325555246,11574612,63e3157f-26d9-46a3-afca-97c624cf9fb5,,WhatsApp8181,,How many *piece*?,Msite_BL_Quantity,clicked,,,2026-06-15 12:53:04.000,,,,
325560967,11574612,63e3157f-26d9-46a3-afca-97c624cf9fb5,,WhatsApp8181,,"Share details for approval.
Delete Requirement
Enter Other Details",Msite_BL_Quantity,clicked,,,2026-06-15 12:58:05.000,,,,
325560981,11574612,63e3157f-26d9-46a3-afca-97c624cf9fb5,,WhatsApp8181,,Thank you message call cta,Msite_BL_Quantity,clicked,,,2026-06-15 12:58:06.000,,,,
325563294,11574612,63e3157f-26d9-46a3-afca-97c624cf9fb5,,WhatsApp8181,Delete Requirement,Requirement deleted!,Delete BuyLead,clicked,,,2026-06-15 12:59:58.000,,1.0,,
413410556,11574612,7f508faf-a9ae-4fe1-a337-a233222fd3cc,2,WhatsApp,Satisfied,,fdbk_ob,clicked,,,2026-09-17 17:34:00.000,,,,
414161105,64004566,e1a25e8c-c4ef-4a3a-b384-744df0277831,2,WhatsApp,,[phone],BLU_R_sent,system,,,2026-09-18 12:14:57.000,,,,
414161129,64004566,919417667749,2,WhatsApp,"Contact number share me.
Those who come in shop",,BLD_Textual,typed,sent,,2026-09-18 12:14:58.000,,,,
414161672,64004566,e1a25e8c-c4ef-4a3a-b384-744df0277831,2,WhatsApp,Contact Buyer Now,[phone],BLU_R_Contact,clicked,,,2026-09-18 12:15:22.000,,,,
414910407,78653648,,,WhatsApp,,"Hi! *DS Tools & Hardware* tried to reach you 📞
Did you connect?",WA_Callback_Connect_Q,nudge,,,2026-09-19 00:36:14.000,,,,
414770143,78653648,,,WhatsApp,,"Hi! You just spoke with *MICROTEX CORPORATION* 📞
Was the call helpful?",WA_Call_Feedback,nudge,,,2026-09-18 21:17:25.000,,,,
328647864,11574612,286a30b3-986e-459f-9991-f0be1f7c1217,2,WhatsApp,"Yes, I confirm",,fdbk_ob,clicked,,,2026-06-18 17:43:44.000,,,,
329242297,11574612,55ea8e78-17dc-4af2-bcb7-b6efc1a6e4f2,2,WhatsApp,Yes,,fdbk_ob,clicked,,,2026-06-19 11:23:13.000,,,,
329242361,11574612,55ea8e78-17dc-4af2-bcb7-b6efc1a6e4f2,2,WhatsApp,No,,fdbk_ob,clicked,,,2026-06-19 11:23:16.000,,,,
329611816,11574612,ef8fa1d3-fcf6-4601-83da-c4b87694dad0,2,WhatsApp,Hi,"Hello, how can I help?
Check BuyLeads
Update Catalog
My Account Manager
Complaint
Edit Profile
My Invoices",Default Welcome Intent Default,typed,,,2026-06-19 17:36:33.000,,,,
329612439,11574612,ef8fa1d3-fcf6-4601-83da-c4b87694dad0,2,WhatsApp,Check BuyLeads,,Welcome Menu_BLDisplay_Welcome,clicked,,,2026-06-19 17:37:06.000,,,,
329613057,11574612,ef8fa1d3-fcf6-4601-83da-c4b87694dad0,2,WhatsApp,Contact Buyer Now,,BL consumption,clicked,,,2026-06-19 17:37:38.000,,,,
329619764,11574612,9e1cd56c-ae9d-453f-b42a-fedc86f5ea04,,WhatsApp,,"Relationship Manager ""Aman Dixit"" has JOINED the chat 
 
Ph No:[phone]",,typed,,,2026-06-19 17:44:01.000,,,,
329619954,11574612,3869e406-822e-474e-8722-b7114ecff409,,WhatsApp,,"Hello, 
I am your Account Manager (Aman Dixit) from IndiaMart, please save my number.
Sharing summary of our discussion. 
1) Please share product photos on [phone]
2) Consume 2 Buyleads on daily basis
3) Call buyers immediately after consuming Buylead
4) Your monthly service is live and your monthly deduction will happen on (15th)
We will connect you again next week.",,typed,,,2026-06-19 17:44:11.000,,,,
329620543,11574612,a4450157-5321-4635-a860-17c7cd1f5329,,WhatsApp,,"Relationship Manager ""Aman Dixit"" has JOINED the chat 
 
Ph No:[phone]",,typed,,,2026-06-19 17:44:42.000,,,,
329620595,11574612,3740e987-2527-4b86-92b7-4309b055258b,,WhatsApp,,Save 079-4255-4266 as IndiaMART Buyer,,typed,,,2026-06-19 17:44:46.000,,,,
371443306,11574612,ed7f8bd4-e291-4971-b026-f4d9cc32af89,2,WhatsApp,Satisfied,,fdbk_ob,clicked,,,2026-08-06 13:04:44.000,,,,
371716715,125787358,0027bc01-9597-4647-bb33-f32af14c7731,,WhatsApp,"https://m.indiamart.com/detail/2859190493748?6706422

Need best price for Cotton Dress Materials
in Jaipur","Please Enter Fabric
Pure Cotton
Mangalagiri
South Cotton

 More options
Cambric
Slub
Lawn",Msite_BL_Quantity,pre-filled,,,2026-08-06 17:15:20.000,,,,
371722316,125787358,0027bc01-9597-4647-bb33-f32af14c7731,,WhatsApp,,How many *Piece*?,Msite_BL_Quantity,pre-filled,,,2026-08-06 17:20:20.000,,,,
371728114,125787358,0027bc01-9597-4647-bb33-f32af14c7731,,WhatsApp,,"Share details for approval.
Delete Requirement
Enter Other Details",Msite_BL_Quantity,pre-filled,,,2026-08-06 17:25:21.000,,,,
371728119,125787358,0027bc01-9597-4647-bb33-f32af14c7731,,WhatsApp,,Thank you message templated,Msite_BL_Quantity,pre-filled,,,2026-08-06 17:25:21.000,,,,
371795956,125787358,0027bc01-9597-4647-bb33-f32af14c7731,,WhatsApp,,Enquiry for Cotton Dress Materials has been sent! Call Now for best price - Gangouri Creation,Msite_BL_Quantity,pre-filled,,,2026-08-06 18:25:22.000,,,,
381777379,11574612,919529203701,2,WhatsApp,Old Invoices,"Looking up all your invoices, please wait a moment.",Invoice Management,clicked,sent,,2026-08-17 12:03:31.000,,,,
381777395,11574612,919529203701,,WhatsApp,,"📄 Mini Dynamic Catalog Pro
📅 16-Aug-2026
💰 ₹4720",,clicked,sent,,2026-08-17 12:03:32.000,,,,
381777465,11574612,919529203701,,WhatsApp,,"📄 Mini Dynamic Catalog Pro
📅 16-Jul-2026
💰 ₹4720",,clicked,sent,,2026-08-17 12:03:36.000,,,,
381777539,11574612,919529203701,,WhatsApp,,"📄 Mini Dynamic Catalog Pro
📅 21-Jun-2026
💰 ₹4720",,clicked,sent,,2026-08-17 12:03:40.000,,,,
338718936,11574612,67cbd113-669e-44bd-8794-5787680b1b73,2,WhatsApp,,,,clicked,,,2026-06-30 15:20:21.000,,,,
338719049,11574612,67cbd113-669e-44bd-8794-5787680b1b73,2,WhatsApp,,"{""queryImage"":{""img_src"":""http:\/\/5.imimg.com\/data5\/WA_9696\/Default\/2026\/6\/[phone]\/HT\/QN\/HA\/[phone]\/image.jpeg"",""key"":""img_4276"",""status"":"""",""item_id"":"""",""is_img"":true}}",Photo uploaded but not added as a product as ..,image/jpeg,,,2026-06-30 15:20:27.000,,,,http://5.imimg.com/data5/WA_9696/Default/2026/6/621053584/HT/QN/HA/11574612/image.jpeg
338719058,11574612,67cbd113-669e-44bd-8794-5787680b1b73,2,WhatsApp,,"{""queryImage"":{""img_src"":""http:\/\/5.imimg.com\/data5\/WA_9696\/Default\/2026\/6\/[phone]\/SR\/PY\/SX\/[phone]\/image.jpeg"",""key"":""img_7297"",""status"":""Hi \n\nWhat is the Photo for ?\n Add Product \nComplaint"",""item_id"":"""",""is_img"":true}}",Photo uploaded but not added as a product as ..,image/jpeg,,,2026-06-30 15:20:27.000,,,,http://5.imimg.com/data5/WA_9696/Default/2026/6/621053578/SR/PY/SX/11574612/image.jpeg
338719068,11574612,67cbd113-669e-44bd-8794-5787680b1b73,2,WhatsApp,,"{""queryImage"":{""img_src"":""http:\/\/5.imimg.com\/data5\/WA_9696\/Default\/2026\/6\/[phone]\/VA\/RF\/NW\/[phone]\/image.jpeg"",""key"":""img_1407"",""status"":"""",""item_id"":"""",""is_img"":true}}",Photo uploaded but not added as a product as ..,image/jpeg,,,2026-06-30 15:20:28.000,,,,http://5.imimg.com/data5/WA_9696/Default/2026/6/621053594/VA/RF/NW/11574612/image.jpeg
338719072,11574612,67cbd113-669e-44bd-8794-5787680b1b73,2,WhatsApp,,"{""queryImage"":{""img_src"":""http:\/\/5.imimg.com\/data5\/WA_9696\/Default\/2026\/6\/[phone]\/BL\/YL\/RK\/[phone]\/image.jpeg"",""key"":""img_5830"",""status"":"""",""item_id"":"""",""is_img"":true}}",Photo uploaded but not added as a product as ..,image/jpeg,,,2026-06-30 15:20:28.000,,,,http://5.imimg.com/data5/WA_9696/Default/2026/6/621053596/BL/YL/RK/11574612/image.jpeg
338719078,11574612,67cbd113-669e-44bd-8794-5787680b1b73,2,WhatsApp,,"{""queryImage"":{""img_src"":""http:\/\/5.imimg.com\/data5\/WA_9696\/Default\/2026\/6\/[phone]\/GF\/ZB\/JC\/[phone]\/image.jpeg"",""key"":""img_5536"",""status"":"""",""item_id"":"""",""is_img"":true}}",Photo uploaded but not added as a product as ..,image/jpeg,,,2026-06-30 15:20:28.000,,,,http://5.imimg.com/data5/WA_9696/Default/2026/6/621053604/GF/ZB/JC/11574612/image.jpeg
338719088,11574612,67cbd113-669e-44bd-8794-5787680b1b73,2,WhatsApp,,"{""queryImage"":{""img_src"":""http:\/\/5.imimg.com\/data5\/WA_9696\/Default\/2026\/6\/[phone]\/TG\/GT\/TH\/[phone]\/image.jpeg"",""key"":""img_7700"",""status"":"""",""item_id"":"""",""is_img"":true}}",Photo uploaded but not added as a product as ..,image/jpeg,,,2026-06-30 15:20:29.000,,,,http://5.imimg.com/data5/WA_9696/Default/2026/6/621053614/TG/GT/TH/11574612/image.jpeg
338719901,11574612,67cbd113-669e-44bd-8794-5787680b1b73,2,WhatsApp,,,,clicked,,,2026-06-30 15:21:18.000,,,,
338719974,11574612,67cbd113-669e-44bd-8794-5787680b1b73,2,WhatsApp,,"{""queryImage"":{""img_src"":""http:\/\/5.imimg.com\/data5\/WA_9696\/Default\/2026\/6\/[phone]\/UG\/MF\/UG\/[phone]\/image.jpeg"",""key"":""img_1981"",""status"":"""",""item_id"":"""",""is_img"":true}}",Photo uploaded but not added as a product as ..,image/jpeg,,,2026-06-30 15:21:23.000,,,,http://5.imimg.com/data5/WA_9696/Default/2026/6/621054185/UG/MF/UG/11574612/image.jpeg
338719985,11574612,67cbd113-669e-44bd-8794-5787680b1b73,2,WhatsApp,,"{""queryImage"":{""img_src"":""http:\/\/5.imimg.com\/data5\/WA_9696\/Default\/2026\/6\/[phone]\/EB\/FD\/TR\/[phone]\/image.jpeg"",""key"":""img_5089"",""status"":"""",""item_id"":"""",""is_img"":true}}",Photo uploaded but not added as a product as ..,image/jpeg,,,2026-06-30 15:21:24.000,,,,http://5.imimg.com/data5/WA_9696/Default/2026/6/621054197/EB/FD/TR/11574612/image.jpeg
332941386,11574612,fea5b578-8535-4aa7-809b-a97605d8af9a,2,WhatsApp,,,Enquiry_Media_Capture,document,,,2026-06-23 16:30:09.000,,,,https://d3jt6ku4g6z5l8.cloudfront.net/application/6665e4ea5aad6a5363342f22/xopqyudx_1631315131298388
332941417,11574612,fea5b578-8535-4aa7-809b-a97605d8af9a,2,WhatsApp,http://5.imimg.com/data5/WA_9696/Doc/2026/6/[phone]/RT/VI/IM/[phone]/document.xlsx,Your document has been uploaded on your Seller Dashboard. Please find the link below: https://seller.indiamart.com/workspace/mydrive,Your document has been uploaded on your Selle..,DOCUMENT,,,2026-06-23 16:30:11.000,,,,
332942108,11574612,fea5b578-8535-4aa7-809b-a97605d8af9a,2,WhatsApp,View BuyLeads,,BL consumption,clicked,,,2026-06-23 16:30:52.000,,,,
383200071,94579284,,,WhatsApp,,"Hi! *Shreya Foods* tried to reach you 📞
Did you connect?",WA_Callback_Connect_Q,nudge,,,2026-08-18 17:59:43.000,,,,
264794040,79859904,747a0faf-257f-41ec-91e6-2db2311898a0,,WhatsApp,"https://m.indiamart.com/pd/[phone]?2066645

Need best price for Rubber Hair Band Cutting Machine
in Ghaziabad",Please Enter Production Capacity,Msite_BL_Quantity,pre-filled,,,2026-04-01 22:17:55.000,,,,
264797086,79859904,747a0faf-257f-41ec-91e6-2db2311898a0,,WhatsApp,,Enter Production Capacity to get best quotation,Msite_BL_Quantity,pre-filled,,,2026-04-01 22:22:56.000,,,,
264800035,79859904,747a0faf-257f-41ec-91e6-2db2311898a0,,WhatsApp,,"Share details for approval.
Delete Requirement
Enter Other Details",Msite_BL_Quantity,pre-filled,,,2026-04-01 22:27:57.000,,,,
264800038,79859904,747a0faf-257f-41ec-91e6-2db2311898a0,,WhatsApp,,Thank you message templated,Msite_BL_Quantity,pre-filled,,,2026-04-01 22:27:57.000,,,,
290081854,43232668,0cf90985-28c6-43cf-bc71-15519fcd08c8,,WhatsApp8181,YES,"Please Enter Packaging Type
Bottle
Box
Jar",Msite_BL_Quantity,clicked,,,2026-05-03 15:06:40.000,,,,
290081941,43232668,0cf90985-28c6-43cf-bc71-15519fcd08c8,,WhatsApp8181,Bottle,,Msite_BL_Spec,clicked,,,2026-05-03 15:06:47.000,,,,
290081950,43232668,0cf90985-28c6-43cf-bc71-15519fcd08c8,,WhatsApp8181,Bottle,How many *Bottle*?,Msite_BL,clicked,,,2026-05-03 15:06:48.000,,,,
290082226,43232668,0cf90985-28c6-43cf-bc71-15519fcd08c8,,WhatsApp8181,5000,"Please Enter Packaging Size
30 Tablets
60 Tablets
100 Tablets

 More options
500 Tablets",Msite_BL_Quantity,clicked,,,2026-05-03 15:07:07.000,,,,
290082374,43232668,0cf90985-28c6-43cf-bc71-15519fcd08c8,,WhatsApp8181,500 Tablets,"Please Enter MRP
160 INR
150 INR
200 INR

 More options
250 INR",Msite_BL_Spec,clicked,,,2026-05-03 15:07:17.000,,,,
290082434,43232668,0cf90985-28c6-43cf-bc71-15519fcd08c8,,WhatsApp8181,160 INR,,Msite_BL_Spec,clicked,,,2026-05-03 15:07:21.000,,,,
290082453,43232668,0cf90985-28c6-43cf-bc71-15519fcd08c8,,WhatsApp8181,160 INR,Share photos for your requirements!,Msite_BL,clicked,,,2026-05-03 15:07:22.000,,,,
290082972,43232668,0cf90985-28c6-43cf-bc71-15519fcd08c8,,WhatsApp8181,,"{""queryImage"":{""img_src"":""http:\/\/5.imimg.com\/data5\/WA_9696\/Default\/2026\/5\/[phone]\/KH\/FS\/PK\/[phone]\/image.jpeg"",""key"":""img_6"",""status"":"""",""item_id"":"""",""is_img"":true}}",Photo uploaded but not added as a product as ..,image/jpeg,,,2026-05-03 15:07:56.000,,,,http://5.imimg.com/data5/WA_9696/Default/2026/5/604836700/KH/FS/PK/43232668/image.jpeg
290082982,43232668,0cf90985-28c6-43cf-bc71-15519fcd08c8,,WhatsApp8181,,"Thank you! 

Your requirement for New Ortho Power Tablets has been received.",Msite_BL,clicked,,,2026-05-03 15:07:57.000,,,,
386233639,94579284,,,WhatsApp,,"Hi! *Dcube Foods Private Limited* tried to reach you 📞
Did you connect?",WA_Callback_Connect_Q,nudge,,,2026-08-21 17:03:03.000,,,,
386307170,94579284,7b16f6f7-93de-4e07-a7cf-4e514bc8b20e,,WhatsApp,"https://m.indiamart.com/detail/[phone]?6978229

Need best price for Roasted Salted Peanuts
in Gondal","Please Enter Packaging Size
1 kg
500 g
200 g

 More options
20 kg
30 kg
5 kg",Msite_BL_Quantity,pre-filled,,,2026-08-21 18:26:27.000,,,,
386307268,94579284,7b16f6f7-93de-4e07-a7cf-4e514bc8b20e,,WhatsApp,30 kg,,Msite_BL_Spec,clicked,,,2026-08-21 18:26:36.000,,,,
386307277,94579284,7b16f6f7-93de-4e07-a7cf-4e514bc8b20e,,WhatsApp,30 kg,How many *Kg*?,Msite_BL,clicked,,,2026-08-21 18:26:37.000,,,,
386307474,94579284,7b16f6f7-93de-4e07-a7cf-4e514bc8b20e,,WhatsApp,200,"Please Enter Skin Type
Without Skin
With Skin",Msite_BL_Quantity,clicked,,,2026-08-21 18:26:56.000,,,,
386307625,94579284,7b16f6f7-93de-4e07-a7cf-4e514bc8b20e,,WhatsApp,Without Skin,"Please Enter Grain Size
Large
Bold
1 Number

 More options
Akha Dana
Premium
Java",Msite_BL_Spec,clicked,,,2026-08-21 18:27:08.000,,,,
386307718,94579284,7b16f6f7-93de-4e07-a7cf-4e514bc8b20e,,WhatsApp,Akha Dana,,Msite_BL_Spec,clicked,,,2026-08-21 18:27:16.000,,,,
386307733,94579284,7b16f6f7-93de-4e07-a7cf-4e514bc8b20e,,WhatsApp,Akha Dana,Share photos for your requirements!,Msite_BL,clicked,,,2026-08-21 18:27:17.000,,,,
386311464,94579284,7b16f6f7-93de-4e07-a7cf-4e514bc8b20e,,WhatsApp,,"Thank You!
Your requirement for Roasted Salted Peanuts has been received. Sellers will connect with you soon.",Msite_BL,clicked,,,2026-08-21 18:32:20.000,,,,
386719946,94579284,7b16f6f7-93de-4e07-a7cf-4e514bc8b20e,,WhatsApp,,"Hi! You just spoke with *Dharti Food Products* 📞
Was the call helpful?",WA_Call_Feedback,nudge,,,2026-08-22 10:36:01.000,,,,
267565955,94579284,a3ba3a17-c29a-4901-90ff-7d416a77b74c,,WhatsApp8181,Yes,"Please Enter Wood Type
Mixed
Hardwood
Pine

 More options
Poplar
Jungle Wood
Agarwood",Msite_BL_Quantity,clicked,,,2026-04-05 13:41:09.000,,,,
267566059,94579284,a3ba3a17-c29a-4901-90ff-7d416a77b74c,,WhatsApp8181,Pine,,Msite_BL_Spec,clicked,,,2026-04-05 13:41:18.000,,,,
267566066,94579284,a3ba3a17-c29a-4901-90ff-7d416a77b74c,,WhatsApp8181,Pine,How many *Tonne*?,Msite_BL,clicked,,,2026-04-05 13:41:19.000,,,,
267566301,94579284,a3ba3a17-c29a-4901-90ff-7d416a77b74c,,WhatsApp8181,5,"Please Enter Form
Powder
Dust
Sawdust

 More options
Chips
Pellet
Briquette",Msite_BL_Quantity,clicked,,,2026-04-05 13:41:36.000,,,,
267566450,94579284,a3ba3a17-c29a-4901-90ff-7d416a77b74c,,WhatsApp8181,Pellet,"Please Enter Application
Agarbatti Making
Mushroom Farming
Burning

 More options
Fuel
Boiler Fuel
Pellet Making",Msite_BL_Spec,clicked,,,2026-04-05 13:41:47.000,,,,
267566696,94579284,a3ba3a17-c29a-4901-90ff-7d416a77b74c,,WhatsApp8181,Pellet Making,,Msite_BL_Spec,clicked,,,2026-04-05 13:42:04.000,,,,
267566702,94579284,a3ba3a17-c29a-4901-90ff-7d416a77b74c,,WhatsApp8181,Pellet Making,Share photos for your requirements!,Msite_BL,clicked,,,2026-04-05 13:42:05.000,,,,
267567767,94579284,a3ba3a17-c29a-4901-90ff-7d416a77b74c,,WhatsApp8181,,"{""queryImage"":{""img_src"":""http:\/\/5.imimg.com\/data5\/WA_9696\/Default\/2026\/4\/[phone]\/XM\/ST\/FT\/[phone]\/image.jpeg"",""key"":""img_1237"",""status"":"""",""item_id"":"""",""is_img"":true}}",Photo uploaded but not added as a product as ..,image/jpeg,,,2026-04-05 13:43:15.000,,,,http://5.imimg.com/data5/WA_9696/Default/2026/4/597218090/XM/ST/FT/94579284/image.jpeg
267567778,94579284,a3ba3a17-c29a-4901-90ff-7d416a77b74c,,WhatsApp8181,,"Thank you! 

Your requirement for Pine wood Powder   80 mesh has been received.",Msite_BL,clicked,,,2026-04-05 13:43:16.000,,,,
267567780,94579284,a3ba3a17-c29a-4901-90ff-7d416a77b74c,,WhatsApp8181,,"{""queryImage"":{""img_src"":""http:\/\/5.imimg.com\/data5\/WA_9696\/Default\/2026\/4\/[phone]\/AX\/OJ\/RO\/[phone]\/image.jpeg"",""key"":""img_1590"",""status"":"""",""item_id"":"""",""is_img"":true}}",Photo uploaded but not added as a product as ..,image/jpeg,,,2026-04-05 13:43:16.000,,,,http://5.imimg.com/data5/WA_9696/Default/2026/4/597218091/AX/OJ/RO/94579284/image.jpeg
267568406,94579284,a3ba3a17-c29a-4901-90ff-7d416a77b74c,,WhatsApp8181,Yas,Noted,Default Fallback Intent,typed,,,2026-04-05 13:43:57.000,,1.0,,
396298257,79859904,31ca9aea-53f6-4574-a379-d6072530b915,2,WhatsApp,No,,fdbk_ob,clicked,,,2026-09-02 09:06:13.000,,,,
396786262,79859904,cf246bd9-6a9b-4c18-b476-6f77036680c5,2,WhatsApp,Hi,"Hello, how can I help?
Update Catalog
New BuyLeads
My Account Manager
Complaint
Edit Profile
My Invoices",Default Welcome Intent Default,typed,,,2026-09-02 16:01:49.000,,,,
396786507,79859904,4e2bd8da-0631-4926-a273-b2c51eb7d991,,WhatsApp,,"Relationship Manager ""Saurabh Yadav"" has JOINED the chat 
 
Ph No:[phone]",,typed,,,2026-09-02 16:02:02.000,,,,
396786710,79859904,52f798d9-ff0a-4ef0-80b9-e51e4719387c,,WhatsApp,,"Construction Hoist- Monkey Hoist Machines, Tower Hoist, Material Hoist, Hoist Lifts, Passenger Hoist
Crane - Tower Crane, 
Crane Spare Parts
Concrete Mixers- Manual Concrete Mixer, 
Construction Equipment- Bar Bending Machine, Bar Cutting Machine, Suspended Platform, Concrete Bucket,
Construction Machines- Bar Threading Machine, Steel Bar Cutting Machine, 
Jsk Enterprises ([phone])

Rental - tower crane, moneky lift, suspended platform",,typed,,,2026-09-02 16:02:12.000,,,,
396787334,79859904,0bb1130b-9454-41fe-855a-85e0ba306cd6,,WhatsApp,,"Infrastructure photos: Signboard, warehouse, stock, office, working unit etc.",,typed,,,2026-09-02 16:02:46.000,,,,
396986816,43232668,,,WhatsApp,,"Hi! *Guruvendra Homoeo Store* tried to reach you 📞
Did you connect?",WA_Callback_Connect_Q,nudge,,,2026-09-02 19:08:34.000,,,,
397321642,43232668,,,WhatsApp,,"Hi! *Deshpande Brothers And Company* tried to reach you 📞
Did you connect?",WA_Callback_Connect_Q,nudge,,,2026-09-03 07:57:48.000,,,,
397481324,79859904,08d87188-d8b1-48af-a56c-13c109040475,2,WhatsApp,,"{""queryImage"":{""img_src"":""http:\/\/5.imimg.com\/data5\/WA_9696\/Default\/2026\/9\/[phone]\/LK\/LY\/LM\/[phone]\/image.jpeg"",""key"":""img_6247"",""status"":"""",""item_id"":"""",""is_img"":true}}",Photo uploaded but not added as a product as ..,image/jpeg,,,2026-09-03 10:58:44.000,,,,http://5.imimg.com/data5/WA_9696/Default/2026/9/640695346/LK/LY/LM/79859904/image.jpeg
397481347,79859904,08d87188-d8b1-48af-a56c-13c109040475,2,WhatsApp,,"{""queryImage"":{""img_src"":""http:\/\/5.imimg.com\/data5\/WA_9696\/Default\/2026\/9\/[phone]\/LT\/WF\/VV\/[phone]\/image.jpeg"",""key"":""img_854"",""status"":"""",""item_id"":"""",""is_img"":true}}",Photo uploaded but not added as a product as ..,image/jpeg,,,2026-09-03 10:58:45.000,,,,http://5.imimg.com/data5/WA_9696/Default/2026/9/640695356/LT/WF/VV/79859904/image.jpeg
397481354,79859904,08d87188-d8b1-48af-a56c-13c109040475,2,WhatsApp,,"{""queryImage"":{""img_src"":""http:\/\/5.imimg.com\/data5\/WA_9696\/Default\/2026\/9\/[phone]\/ND\/WJ\/LL\/[phone]\/image.jpeg"",""key"":""img_446"",""status"":"""",""item_id"":"""",""is_img"":true}}",Photo uploaded but not added as a product as ..,image/jpeg,,,2026-09-03 10:58:45.000,,,,http://5.imimg.com/data5/WA_9696/Default/2026/9/640695357/ND/WJ/LL/79859904/image.jpeg
397481365,79859904,08d87188-d8b1-48af-a56c-13c109040475,2,WhatsApp,Foundation leg for tower crane,"{""queryImage"":{""img_src"":""http:\/\/5.imimg.com\/data5\/WA_9696\/Default\/2026\/9\/[phone]\/AR\/TA\/HD\/[phone]\/foundation-leg-for-tower-crane.jpeg"",""key"":""img_4133"",""status"":"""",""item_id"":"""",""is_img"":true}}",Photo uploaded but not added as a product as ..,image/jpeg,,,2026-09-03 10:58:45.000,,,,http://5.imimg.com/data5/WA_9696/Default/2026/9/640695363/AR/TA/HD/79859904/foundation-leg-for-tower-crane.jpeg
397481372,79859904,08d87188-d8b1-48af-a56c-13c109040475,2,WhatsApp,,"{""queryImage"":{""img_src"":""http:\/\/5.imimg.com\/data5\/WA_9696\/Default\/2026\/9\/[phone]\/KU\/RJ\/DO\/[phone]\/image.jpeg"",""key"":""img_8015"",""status"":""Hi \n\nWhat is the Photo for ?\n Add Product \nComplaint"",""item_id"":"""",""is_img"":true}}",Photo uploaded but not added as a product as ..,image/jpeg,,,2026-09-03 10:58:45.000,,,,http://5.imimg.com/data5/WA_9696/Default/2026/9/640695340/KU/RJ/DO/79859904/image.jpeg
397482311,79859904,918920377345,2,WhatsApp,Tower crane,"What is this for?
New BuyLeads | Add to Catalog | Buy",Product Details,typed,sent,,2026-09-03 10:59:29.000,,,,
397488944,79859904,08d87188-d8b1-48af-a56c-13c109040475,2,WhatsApp,,"{""queryImage"":{""img_src"":""http:\/\/5.imimg.com\/data5\/WA_9696\/Default\/2026\/9\/[phone]\/MS\/KL\/QA\/[phone]\/image.jpeg"",""key"":""img_5189"",""status"":"""",""item_id"":"""",""is_img"":true}}",size of image is less than 500*500,image/jpeg,,,2026-09-03 11:05:08.000,,,,http://5.imimg.com/data5/WA_9696/Default/2026/9/640697697/MS/KL/QA/79859904/image.jpeg
397488951,79859904,08d87188-d8b1-48af-a56c-13c109040475,2,WhatsApp,,"{""queryImage"":{""img_src"":""http:\/\/5.imimg.com\/data5\/WA_9696\/Default\/2026\/9\/[phone]\/IK\/UT\/KI\/[phone]\/image.jpeg"",""key"":""img_3525"",""status"":"""",""item_id"":"""",""is_img"":true}}",Photo uploaded but not added as a product as ..,image/jpeg,,,2026-09-03 11:05:08.000,,,,http://5.imimg.com/data5/WA_9696/Default/2026/9/640697699/IK/UT/KI/79859904/image.jpeg
397488979,79859904,08d87188-d8b1-48af-a56c-13c109040475,2,WhatsApp,,"{""queryImage"":{""img_src"":""http:\/\/5.imimg.com\/data5\/WA_9696\/Default\/2026\/9\/[phone]\/TN\/PH\/AG\/[phone]\/image.jpeg"",""key"":""img_1813"",""status"":"""",""item_id"":"""",""is_img"":true}}",Photo uploaded but not added as a product as ..,image/jpeg,,,2026-09-03 11:05:10.000,,,,http://5.imimg.com/data5/WA_9696/Default/2026/9/640697704/TN/PH/AG/79859904/image.jpeg
397489093,79859904,08d87188-d8b1-48af-a56c-13c109040475,2,WhatsApp,,"{""queryImage"":{""img_src"":""http:\/\/5.imimg.com\/data5\/WA_9696\/Default\/2026\/9\/[phone]\/SG\/AT\/ZI\/[phone]\/image.jpeg"",""key"":""img_3713"",""status"":"""",""item_id"":"""",""is_img"":true}}",Photo uploaded but not added as a product as ..,image/jpeg,,,2026-09-03 11:05:17.000,,,,http://5.imimg.com/data5/WA_9696/Default/2026/9/640697760/SG/AT/ZI/79859904/image.jpeg
397492432,79859904,08d87188-d8b1-48af-a56c-13c109040475,2,WhatsApp,Linner,"{""queryImage"":{""img_src"":""http:\/\/5.imimg.com\/data5\/WA_9696\/Default\/2026\/9\/[phone]\/YO\/WX\/EQ\/[phone]\/linner.jpeg"",""key"":""img_5447"",""status"":"""",""item_id"":"""",""is_img"":true}}",Photo uploaded but not added as a product as ..,image/jpeg,,,2026-09-03 11:08:21.000,,,,http://5.imimg.com/data5/WA_9696/Default/2026/9/640698791/YO/WX/EQ/79859904/linner.jpeg
397492440,79859904,08d87188-d8b1-48af-a56c-13c109040475,2,WhatsApp,Pulley,"{""queryImage"":{""img_src"":""http:\/\/5.imimg.com\/data5\/WA_9696\/Default\/2026\/9\/[phone]\/UV\/WN\/TE\/[phone]\/pulley.jpeg"",""key"":""img_5317"",""status"":"""",""item_id"":"""",""is_img"":true}}",Photo uploaded but not added as a product as ..,image/jpeg,,,2026-09-03 11:08:22.000,,,,http://5.imimg.com/data5/WA_9696/Default/2026/9/640698793/UV/WN/TE/79859904/pulley.jpeg
397492447,79859904,08d87188-d8b1-48af-a56c-13c109040475,2,WhatsApp,Hook pulley,"{""queryImage"":{""img_src"":""http:\/\/5.imimg.com\/data5\/WA_9696\/Default\/2026\/9\/[phone]\/FL\/UU\/ET\/[phone]\/hook-pulley.jpeg"",""key"":""img_2538"",""status"":"""",""item_id"":"""",""is_img"":true}}",Photo uploaded but not added as a product as ..,image/jpeg,,,2026-09-03 11:08:22.000,,,,http://5.imimg.com/data5/WA_9696/Default/2026/9/640698796/FL/UU/ET/79859904/hook-pulley.jpeg
397492468,79859904,08d87188-d8b1-48af-a56c-13c109040475,2,WhatsApp,,"{""queryImage"":{""img_src"":""http:\/\/5.imimg.com\/data5\/WA_9696\/Default\/2026\/9\/[phone]\/NE\/EW\/CT\/[phone]\/image.jpeg"",""key"":""img_5485"",""status"":"""",""item_id"":"""",""is_img"":true}}",Photo uploaded but not added as a product as ..,image/jpeg,,,2026-09-03 11:08:23.000,,,,http://5.imimg.com/data5/WA_9696/Default/2026/9/640698801/NE/EW/CT/79859904/image.jpeg
397492474,79859904,08d87188-d8b1-48af-a56c-13c109040475,2,WhatsApp,Wage socket,"{""queryImage"":{""img_src"":""http:\/\/5.imimg.com\/data5\/WA_9696\/Default\/2026\/9\/[phone]\/KS\/TA\/UK\/[phone]\/wage-socket.jpeg"",""key"":""img_4723"",""status"":"""",""item_id"":"""",""is_img"":true}}",Photo uploaded but not added as a product as ..,image/jpeg,,,2026-09-03 11:08:23.000,,,,http://5.imimg.com/data5/WA_9696/Default/2026/9/640698805/KS/TA/UK/79859904/wage-socket.jpeg
397733127,79859904,7de08752-53dc-4fbe-a8ea-a6c9e2038b4f,2,WhatsApp,,"{""queryImage"":{""img_src"":""http:\/\/5.imimg.com\/data5\/WA_9696\/Default\/2026\/9\/[phone]\/IO\/NB\/MH\/[phone]\/image.jpeg"",""key"":""img_7671"",""status"":"""",""item_id"":"""",""is_img"":true}}",Photo uploaded but not added as a product as ..,image/jpeg,,,2026-09-03 14:30:40.000,,,,http://5.imimg.com/data5/WA_9696/Default/2026/9/640790883/IO/NB/MH/79859904/image.jpeg
397733137,79859904,7de08752-53dc-4fbe-a8ea-a6c9e2038b4f,2,WhatsApp,,"{""queryImage"":{""img_src"":""http:\/\/5.imimg.com\/data5\/WA_9696\/Default\/2026\/9\/[phone]\/EL\/UP\/XG\/[phone]\/image.jpeg"",""key"":""img_9648"",""status"":"""",""item_id"":"""",""is_img"":true}}",Photo uploaded but not added as a product as ..,image/jpeg,,,2026-09-03 14:30:40.000,,,,http://5.imimg.com/data5/WA_9696/Default/2026/9/640790887/EL/UP/XG/79859904/image.jpeg
397733142,79859904,7de08752-53dc-4fbe-a8ea-a6c9e2038b4f,2,WhatsApp,Bar bending machine,"{""queryImage"":{""img_src"":""http:\/\/5.imimg.com\/data5\/WA_9696\/Default\/2026\/9\/[phone]\/NO\/VS\/QA\/[phone]\/bar-bending-machine.jpeg"",""key"":""img_7642"",""status"":"""",""item_id"":"""",""is_img"":true}}",Photo uploaded but not added as a product as ..,image/jpeg,,,2026-09-03 14:30:40.000,,,,http://5.imimg.com/data5/WA_9696/Default/2026/9/640790891/NO/VS/QA/79859904/bar-bending-machine.jpeg
397733150,79859904,7de08752-53dc-4fbe-a8ea-a6c9e2038b4f,2,WhatsApp,,"{""queryImage"":{""img_src"":""http:\/\/5.imimg.com\/data5\/WA_9696\/Default\/2026\/9\/[phone]\/XO\/QB\/RG\/[phone]\/image.jpeg"",""key"":""img_5138"",""status"":""Hi \n\nWhat is the Photo for ?\n Add Product \nComplaint"",""item_id"":"""",""is_img"":true}}",Photo uploaded but not added as a product as ..,image/jpeg,,,2026-09-03 14:30:41.000,,,,http://5.imimg.com/data5/WA_9696/Default/2026/9/640790882/XO/QB/RG/79859904/image.jpeg
397733156,79859904,7de08752-53dc-4fbe-a8ea-a6c9e2038b4f,2,WhatsApp,,"{""queryImage"":{""img_src"":""http:\/\/5.imimg.com\/data5\/WA_9696\/Default\/2026\/9\/[phone]\/IV\/WS\/UV\/[phone]\/image.jpeg"",""key"":""img_7930"",""status"":"""",""item_id"":"""",""is_img"":true}}",Photo uploaded but not added as a product as ..,image/jpeg,,,2026-09-03 14:30:41.000,,,,http://5.imimg.com/data5/WA_9696/Default/2026/9/640790898/IV/WS/UV/79859904/image.jpeg
397733167,79859904,7de08752-53dc-4fbe-a8ea-a6c9e2038b4f,2,WhatsApp,Pinion for construction lift,"{""queryImage"":{""img_src"":""http:\/\/5.imimg.com\/data5\/WA_9696\/Default\/2026\/9\/[phone]\/HH\/OU\/NJ\/[phone]\/pinion-for-construction-lift.jpeg"",""key"":""img_1625"",""status"":"""",""item_id"":"""",""is_img"":true}}",Photo uploaded but not added as a product as ..,image/jpeg,,,2026-09-03 14:30:41.000,,,,http://5.imimg.com/data5/WA_9696/Default/2026/9/640790907/HH/OU/NJ/79859904/pinion-for-construction-lift.jpeg
397882600,79859904,ed5d4bf1-154a-4384-8a51-954e1541a866,2,WhatsApp,"https://m.indiamart.com/pd/2856919367512?4005098

Need best price for Bonfiglioli Electric Motor
in ghaziabad","Please Enter Power
10 HP
15 HP
2 HP

 More options
5 HP
3 HP
7.5 HP",Msite_BL_Quantity,pre-filled,,,2026-09-03 16:43:40.000,,,,
397882774,79859904,ed5d4bf1-154a-4384-8a51-954e1541a866,2,WhatsApp,5 HP,,Msite_BL_Spec,clicked,,,2026-09-03 16:43:49.000,,,,
397882791,79859904,ed5d4bf1-154a-4384-8a51-954e1541a866,2,WhatsApp,5 HP,How many *Piece*?,Msite_BL,clicked,,,2026-09-03 16:43:50.000,,,,
397882985,79859904,ed5d4bf1-154a-4384-8a51-954e1541a866,2,WhatsApp,1,"Please Enter Speed
1440 RPM
960 RPM
2800 RPM

 More options
1460 RPM
1500 RPM
750 RPM",Msite_BL_Quantity,clicked,,,2026-09-03 16:44:01.000,,,,
397883392,79859904,ed5d4bf1-154a-4384-8a51-954e1541a866,2,WhatsApp,,"{""queryImage"":{""img_src"":""http:\/\/5.imimg.com\/data5\/WA_9696\/Default\/2026\/9\/[phone]\/BO\/PY\/FJ\/[phone]\/image.jpeg"",""key"":""img_6776"",""status"":"""",""item_id"":"""",""is_img"":true}}",Photo uploaded but not added as a product as ..,image/jpeg,,,2026-09-03 16:44:24.000,,,,http://5.imimg.com/data5/WA_9696/Default/2026/9/640868371/BO/PY/FJ/79859904/image.jpeg
397883394,79859904,ed5d4bf1-154a-4384-8a51-954e1541a866,2,WhatsApp,,,Msite_BL_Spec,clicked,,,2026-09-03 16:44:24.000,,,,
397883397,79859904,ed5d4bf1-154a-4384-8a51-954e1541a866,2,WhatsApp,,Thank you message templated,Msite_BL,clicked,,,2026-09-03 16:44:24.000,,,,
397883418,79859904,ed5d4bf1-154a-4384-8a51-954e1541a866,2,WhatsApp,,"{""queryImage"":{""img_src"":""http:\/\/5.imimg.com\/data5\/WA_9696\/Default\/2026\/9\/[phone]\/UD\/EP\/NH\/[phone]\/image.jpeg"",""key"":""img_4207"",""status"":"""",""item_id"":"""",""is_img"":true}}",Photo uploaded but not added as a product as ..,image/jpeg,,,2026-09-03 16:44:26.000,,,,http://5.imimg.com/data5/WA_9696/Default/2026/9/640868386/UD/EP/NH/79859904/image.jpeg
397951264,79859904,ed5d4bf1-154a-4384-8a51-954e1541a866,,WhatsApp,,"Hi! Did you connect with *Poswal Machinery & Spare*?
📞 Call now for best price & quick response

👉 [phone]
✅ GST & TrustSeal Verified 

🛡️ ₹5L Payment Protection

🔗 https://m.indiamart.com/my/paymentsafety?utm_source=wa_post_no_call_nudge&utm_medium=whatsapp",Msite_BL,clicked,,,2026-09-03 17:44:25.000,,,,
400634497,131750605,,,WhatsApp,,ON_CALL_ASTBUY_DATA feedback template sent to Ayush,WA_OnCall_Astbuy_Feedback_Template,nudge,,,2026-09-06 11:28:53.000,,,,
400643777,79859904,cfe5e560-a833-44cb-9df1-d9131de6f2cc,2,WhatsApp8181,YES,"Please Enter Resistance
40 Ohm
20 Ohm
100 Ohm

 More options
30 Ohm
50 Ohm
75 Ohm",Msite_BL_Quantity,clicked,,,2026-09-06 11:37:25.000,,,,
400644607,79859904,cfe5e560-a833-44cb-9df1-d9131de6f2cc,2,WhatsApp8181,75 Ohm,,Msite_BL_Spec,clicked,,,2026-09-06 11:38:08.000,,,,
400644621,79859904,cfe5e560-a833-44cb-9df1-d9131de6f2cc,2,WhatsApp8181,75 Ohm,How many *piece*?,Msite_BL,clicked,,,2026-09-06 11:38:09.000,,,,
400644796,79859904,cfe5e560-a833-44cb-9df1-d9131de6f2cc,2,WhatsApp8181,2,"Please Enter Power Rating
1000 W
2000 W
1500 W

 More options
300 W
6 kW
3 kW",Msite_BL_Quantity,clicked,,,2026-09-06 11:38:18.000,,,,
400644969,79859904,cfe5e560-a833-44cb-9df1-d9131de6f2cc,2,WhatsApp8181,1000 W,"Please Enter Housing Material
Aluminum
Stainless Steel
Galvanized Iron",Msite_BL_Spec,clicked,,,2026-09-06 11:38:28.000,,,,
400645230,79859904,cfe5e560-a833-44cb-9df1-d9131de6f2cc,2,WhatsApp8181,Aluminum,,Msite_BL_Spec,clicked,,,2026-09-06 11:38:41.000,,,,
400645245,79859904,cfe5e560-a833-44cb-9df1-d9131de6f2cc,2,WhatsApp8181,Aluminum,Share photos for your requirements!,Msite_BL,clicked,,,2026-09-06 11:38:41.000,,,,
400645358,79859904,cfe5e560-a833-44cb-9df1-d9131de6f2cc,2,WhatsApp8181,Both,"Thank you! 

Your requirement for Aluminium Housed Breaking Resistors has been received.",Msite_BL,typed,,,2026-09-06 11:38:47.000,,,,
400645680,79859904,cfe5e560-a833-44cb-9df1-d9131de6f2cc,2,WhatsApp8181,,"{""queryImage"":{""img_src"":""http:\/\/5.imimg.com\/data5\/WA_9696\/Default\/2026\/9\/[phone]\/LL\/UN\/OH\/[phone]\/image.jpeg"",""key"":""img_4086"",""status"":"""",""item_id"":"""",""is_img"":true}}",Photo uploaded but not added as a product as ..,image/jpeg,,,2026-09-06 11:39:04.000,,,,http://5.imimg.com/data5/WA_9696/Default/2026/9/641514028/LL/UN/OH/79859904/image.jpeg
400645685,79859904,cfe5e560-a833-44cb-9df1-d9131de6f2cc,2,WhatsApp8181,,"{""queryImage"":{""img_src"":""http:\/\/5.imimg.com\/data5\/WA_9696\/Default\/2026\/9\/[phone]\/VV\/TT\/KY\/[phone]\/image.jpeg"",""key"":""img_986"",""status"":""Thanks, we have noted your requirement."",""item_id"":"""",""is_img"":true}}",Photo uploaded but not added as a product as ..,image/jpeg,,,2026-09-06 11:39:04.000,,,,http://5.imimg.com/data5/WA_9696/Default/2026/9/641514023/VV/TT/KY/79859904/image.jpeg
401020615,131750605,,,WhatsApp,,"Hi! *KLG Ecolite* tried to reach you 📞
Did you connect?",WA_Callback_Connect_Q,nudge,,,2026-09-06 17:34:15.000,,,,
401562724,131750605,,,WhatsApp,,"Hi! You just spoke with *Vijay Laxmi Steels* 📞
Was the call helpful?",WA_Call_Feedback,nudge,,,2026-09-07 10:11:47.000,,,,
401562816,131750605,,,WhatsApp,,"Hi! You just spoke with *Awdhesh Steel Traders* 📞
Was the call helpful?",WA_Call_Feedback,nudge,,,2026-09-07 10:11:52.000,,,,
401564981,131750605,,,WhatsApp,,"Hi! You just spoke with *Jai Shankar Iron Store* 📞
Was the call helpful?",WA_Call_Feedback,nudge,,,2026-09-07 10:13:34.000,,,,
401753388,79859904,918920377345,,WhatsApp_8181,"{""image_url"": ""https://dnw6l5n94jgqf.cloudfront.net/image/663097e[phone]e0f985940/lznqycnu_wamidHBgMOTE4OTIwMzc3MzQ1FQIAEhggQTU0RkJDM0ZCMDk0QkU3Qzg5RkIyMjE1QTMyNjE4QTIA"", ""text_query"": """", ""location"": ""Noida"", ""product_name"": ""Concrete Mixers""}","Here are some verified suppliers for Concrete Mixers:

*Kunal Engineering Works*
💰 Price: ₹ 27,000 / Piece
📞 [phone]
🔗 https://IndiaMART.in/JLv60dVw",,typed,sent,,2026-09-07 12:45:36.000,,,,http://6.imimg.com/data8/WA_9696/Chatbot/2026/9/5989935865/DR/PW/PL/78917/f20cd041f3fe4e499e96b1e4f0c6888a.jpg
401753397,79859904,918920377345,,WhatsApp_8181,"{""image_url"": ""https://dnw6l5n94jgqf.cloudfront.net/image/663097e[phone]e0f985940/vyyktqdr_wamidHBgMOTE4OTIwMzc3MzQ1FQIAEhggQTU2NzY0QzRBMkMwOUEwQTRGNjhFQTUyOTJERkRBOTcA"", ""text_query"": """", ""location"": ""Noida"", ""product_name"": ""Cone Crusher""}","Here are some verified suppliers for Cone Crusher:

*VRK Engineering Solutions*
💰 Price: ₹ 6.50 Lakh / Piece
📞 [phone]
🔗 https://IndiaMART.in/eNvBORzQ",,typed,sent,,2026-09-07 12:45:36.000,,,,http://6.imimg.com/data8/WA_9696/Chatbot/2026/9/5989935865/MB/DX/AM/78917/284be88ed6494266a0cfec2e65e989c5.jpg
401753416,79859904,918920377345,,WhatsApp_8181,"{""image_url"": ""https://dnw6l5n94jgqf.cloudfront.net/image/663097e[phone]e0f985940/vyyktqdr_wamidHBgMOTE4OTIwMzc3MzQ1FQIAEhggQTU2NzY0QzRBMkMwOUEwQTRGNjhFQTUyOTJERkRBOTcA"", ""text_query"": """", ""location"": ""Noida"", ""product_name"": ""Cone Crusher""}","Here are some verified suppliers for Cone Crusher:
*Remso Control Technologies Private Limited*
💰 Price: ₹ 18.60 Lakh / Unit
🔗 https://www.indiamart.com/proddetail/scrap-bailing-machine-[phone].html?pos=13&AE5BAC1EBDE",,typed,sent,,2026-09-07 12:45:37.000,,,,http://6.imimg.com/data8/WA_9696/Chatbot/2026/9/5989935865/PF/BF/BS/78917/edc6cad0594f4f64bbba59592a711c6a.jpg
401753434,79859904,918920377345,,WhatsApp_8181,"{""image_url"": ""https://dnw6l5n94jgqf.cloudfront.net/image/663097e[phone]e0f985940/lznqycnu_wamidHBgMOTE4OTIwMzc3MzQ1FQIAEhggQTU0RkJDM0ZCMDk0QkU3Qzg5RkIyMjE1QTMyNjE4QTIA"", ""text_query"": """", ""location"": ""Noida"", ""product_name"": ""Concrete Mixers""}","Here are some verified suppliers for Concrete Mixers:
*Lokpal Industries*
💰 Price: ₹ 60,000 / Piece
🔗 https://www.indiamart.com/proddetail/concrete-mixer-machine-[phone].html?pos=16&AE5BAC1EBDE",,typed,sent,,2026-09-07 12:45:38.000,,,,http://6.imimg.com/data8/WA_9696/Chatbot/2026/9/5989935865/IX/LZ/IJ/78917/2bd758ae70ac4df59d0a053d78ca34da.jpg
401753440,79859904,918920377345,,WhatsApp_8181,"{""image_url"": ""https://dnw6l5n94jgqf.cloudfront.net/image/663097e[phone]e0f985940/ekqvbalz_wamidHBgMOTE4OTIwMzc3MzQ1FQIAEhggQTUyQUYzMzhEQkM1QkNFQUU4NjQ4Njc1Qjc4REE5MTUA"", ""text_query"": """", ""location"": ""Noida"", ""product_name"": ""Industrial Structural Fabrication""}","Here are some verified suppliers for Industrial Structural Fabrication:
*Imran Rehmani Fabrication*
🔗 https://www.indiamart.com/proddetail/industrial-structural-fabrication-service-2855566070873.html?pos=19&AE5BAC1EBDE",,typed,sent,,2026-09-07 12:45:38.000,,,,http://6.imimg.com/data8/WA_9696/Chatbot/2026/9/5989935865/NP/QR/AQ/78917/65b8d7952be849c8b89a24c0d3d5d728.jpg
401753464,79859904,918920377345,,WhatsApp_8181,"{""image_url"": ""https://dnw6l5n94jgqf.cloudfront.net/image/663097e[phone]e0f985940/ekqvbalz_wamidHBgMOTE4OTIwMzc3MzQ1FQIAEhggQTUyQUYzMzhEQkM1QkNFQUU4NjQ4Njc1Qjc4REE5MTUA"", ""text_query"": """", ""location"": ""Noida"", ""product_name"": ""Industrial Structural Fabrication""}","Here are some verified suppliers for Industrial Structural Fabrication:
*Inspection &Testing Engineers*
💰 Price: ₹ 25,000 / Day
🔗 https://www.indiamart.com/proddetail/welding-inspection-services-[phone].html?pos=14&AE5BAC1EBDE",,typed,sent,,2026-09-07 12:45:39.000,,,,http://6.imimg.com/data8/WA_9696/Chatbot/2026/9/5989935865/BY/NU/VN/78917/9357be37b1e34889870af4249fd7a8d2.jpg
401997549,79859904,fec72124-04bc-492b-9f8f-cd896b27efed,2,WhatsApp,Hi,"Hello, how can I help?
Add Products
Catalog Update?
Chat with Manager
New BuyLeads
Complaint",Default Welcome Intent WIP,typed,,,2026-09-07 16:02:29.000,,,,
401998344,79859904,fec72124-04bc-492b-9f8f-cd896b27efed,2,WhatsApp,,"{""queryImage"":{""img_src"":""http:\/\/5.imimg.com\/data5\/WA_9696\/Default\/2026\/9\/[phone]\/GA\/QZ\/KK\/[phone]\/image.jpeg"",""key"":""img_3772"",""status"":"""",""item_id"":"""",""is_img"":true}}",Photo uploaded but not added as a product as ..,image/jpeg,,,2026-09-07 16:03:06.000,,,,http://5.imimg.com/data5/WA_9696/Default/2026/9/641792909/GA/QZ/KK/79859904/image.jpeg
401998345,79859904,fec72124-04bc-492b-9f8f-cd896b27efed,2,WhatsApp,,"{""queryImage"":{""img_src"":""http:\/\/5.imimg.com\/data5\/WA_9696\/Default\/2026\/9\/[phone]\/YU\/KN\/VC\/[phone]\/image.jpeg"",""key"":""img_8780"",""status"":"""",""item_id"":"""",""is_img"":true}}",Photo uploaded but not added as a product as ..,image/jpeg,,,2026-09-07 16:03:06.000,,,,http://5.imimg.com/data5/WA_9696/Default/2026/9/641792910/YU/KN/VC/79859904/image.jpeg
401998350,79859904,fec72124-04bc-492b-9f8f-cd896b27efed,2,WhatsApp,,"{""queryImage"":{""img_src"":""http:\/\/5.imimg.com\/data5\/WA_9696\/Default\/2026\/9\/[phone]\/EW\/MO\/PQ\/[phone]\/image.jpeg"",""key"":""img_1002"",""status"":"""",""item_id"":"""",""is_img"":true}}",Photo uploaded but not added as a product as ..,image/jpeg,,,2026-09-07 16:03:06.000,,,,http://5.imimg.com/data5/WA_9696/Default/2026/9/641792915/EW/MO/PQ/79859904/image.jpeg
401998364,79859904,fec72124-04bc-492b-9f8f-cd896b27efed,2,WhatsApp,,"{""queryImage"":{""img_src"":""http:\/\/5.imimg.com\/data5\/WA_9696\/Default\/2026\/9\/[phone]\/US\/YG\/LE\/[phone]\/image.jpeg"",""key"":""img_9272"",""status"":""Hi \n\nWhat is the Photo for ?\n Add Product \nComplaint"",""item_id"":"""",""is_img"":true}}",Photo uploaded but not added as a product as ..,image/jpeg,,,2026-09-07 16:03:07.000,,,,http://5.imimg.com/data5/WA_9696/Default/2026/9/641792908/US/YG/LE/79859904/image.jpeg
401998386,79859904,fec72124-04bc-492b-9f8f-cd896b27efed,2,WhatsApp,,"{""queryImage"":{""img_src"":""http:\/\/5.imimg.com\/data5\/WA_9696\/Default\/2026\/9\/[phone]\/GN\/HL\/EH\/[phone]\/image.jpeg"",""key"":""img_9635"",""status"":"""",""item_id"":"""",""is_img"":true}}",Photo uploaded but not added as a product as ..,image/jpeg,,,2026-09-07 16:03:08.000,,,,http://5.imimg.com/data5/WA_9696/Default/2026/9/641792936/GN/HL/EH/79859904/image.jpeg
401999433,79859904,fec72124-04bc-492b-9f8f-cd896b27efed,2,WhatsApp,Add Product,"Your photo has been uploaded.
Add your photo as a Product 
Add to Catalog: https://seller.indiamart.com/gallery?m=[phone]",Photo_Menu_Sell,clicked,,,2026-09-07 16:03:58.000,,,,
401999587,79859904,fec72124-04bc-492b-9f8f-cd896b27efed,2,WhatsApp,,,Enquiry_Media_Capture,video,,,2026-09-07 16:04:07.000,,,,https://d3jt6ku4g6z5l8.cloudfront.net/video/6665e4ea5aad6a5363342f22/pebnhehy_1044855401730397
401999607,79859904,fec72124-04bc-492b-9f8f-cd896b27efed,2,WhatsApp,,We currently do not support video messages. Please type your query.,"user tries to upload file other than images, ..",,,,2026-09-07 16:04:07.000,,,,
401999634,79859904,fec72124-04bc-492b-9f8f-cd896b27efed,2,WhatsApp,,,Enquiry_Media_Capture,video,,,2026-09-07 16:04:09.000,,,,https://d3jt6ku4g6z5l8.cloudfront.net/video/6665e4ea5aad6a5363342f22/adbmfuah_1622464142883010
401999645,79859904,fec72124-04bc-492b-9f8f-cd896b27efed,2,WhatsApp,,We currently do not support video messages. Please type your query.,"user tries to upload file other than images, ..",,,,2026-09-07 16:04:10.000,,,,
402005633,79859904,fec72124-04bc-492b-9f8f-cd896b27efed,2,WhatsApp,,"{""queryImage"":{""img_src"":""http:\/\/5.imimg.com\/data5\/WA_9696\/Default\/2026\/9\/[phone]\/ZJ\/RN\/ZC\/[phone]\/image.jpeg"",""key"":""img_4043"",""status"":"""",""item_id"":"""",""is_img"":true}}",Photo uploaded but not added as a product as ..,image/jpeg,,,2026-09-07 16:09:28.000,,,,http://5.imimg.com/data5/WA_9696/Default/2026/9/641797092/ZJ/RN/ZC/79859904/image.jpeg
402005639,79859904,fec72124-04bc-492b-9f8f-cd896b27efed,2,WhatsApp,,"{""queryImage"":{""img_src"":""http:\/\/5.imimg.com\/data5\/WA_9696\/Default\/2026\/9\/[phone]\/TN\/EF\/IA\/[phone]\/image.jpeg"",""key"":""img_5451"",""status"":"""",""item_id"":"""",""is_img"":true}}",Photo uploaded but not added as a product as ..,image/jpeg,,,2026-09-07 16:09:28.000,,,,http://5.imimg.com/data5/WA_9696/Default/2026/9/641797094/TN/EF/IA/79859904/image.jpeg
402005646,79859904,fec72124-04bc-492b-9f8f-cd896b27efed,2,WhatsApp,,"{""queryImage"":{""img_src"":""http:\/\/5.imimg.com\/data5\/WA_9696\/Default\/2026\/9\/[phone]\/YK\/CE\/HS\/[phone]\/image.jpeg"",""key"":""img_5325"",""status"":"""",""item_id"":"""",""is_img"":true}}",Photo uploaded but not added as a product as ..,image/jpeg,,,2026-09-07 16:09:28.000,,,,http://5.imimg.com/data5/WA_9696/Default/2026/9/641797096/YK/CE/HS/79859904/image.jpeg
402005658,79859904,fec72124-04bc-492b-9f8f-cd896b27efed,2,WhatsApp,,"{""queryImage"":{""img_src"":""http:\/\/5.imimg.com\/data5\/WA_9696\/Default\/2026\/9\/[phone]\/DL\/EF\/BO\/[phone]\/image.jpeg"",""key"":""img_7103"",""status"":"""",""item_id"":"""",""is_img"":true}}",Photo uploaded but not added as a product as ..,image/jpeg,,,2026-09-07 16:09:29.000,,,,http://5.imimg.com/data5/WA_9696/Default/2026/9/641797105/DL/EF/BO/79859904/image.jpeg
316984189,108096179,8185baf5-f63f-42a3-ad63-f2cce94f14ff,,WhatsApp,"https://m.indiamart.com/pd/[phone]?4044989

Need best price for HP LaserJet P1008 Printer
in New Delhi?","Please Enter Model Name
M1005
M775
M1020 Plus

 More options
M126nw
LaserJet Pro 4101
M1136",Msite_BL_Quantity,pre-filled,,,2026-06-05 23:58:03.000,,,,
316984244,108096179,8185baf5-f63f-42a3-ad63-f2cce94f14ff,,WhatsApp,LaserJet Pro 4101,"Please Enter Output Color
Monochrome
Color",Msite_BL_Spec,clicked,,,2026-06-05 23:58:13.000,,,,
316984283,108096179,8185baf5-f63f-42a3-ad63-f2cce94f14ff,,WhatsApp,Monochrome,,Msite_BL_Spec,clicked,,,2026-06-05 23:58:21.000,,,,
316984287,108096179,8185baf5-f63f-42a3-ad63-f2cce94f14ff,,WhatsApp,Monochrome,Share photos for your requirements!,Msite_BL,clicked,,,2026-06-05 23:58:21.000,,,,
316986059,108096179,8185baf5-f63f-42a3-ad63-f2cce94f14ff,,WhatsApp,,"Share details for approval.
Delete Requirement
Enter Other Details",Msite_BL,clicked,,,2026-06-06 00:03:22.000,,,,
316986064,108096179,8185baf5-f63f-42a3-ad63-f2cce94f14ff,,WhatsApp,,Thank you message templated,Msite_BL,clicked,,,2026-06-06 00:03:23.000,,,,
317002046,108096179,8185baf5-f63f-42a3-ad63-f2cce94f14ff,,WhatsApp,,Enquiry for HP LaserJet P1008 Printer has been sent! Call Now for best price - Advance Computers Services,Msite_BL,clicked,,,2026-06-06 01:03:23.000,,,,
278174096,94579284,3d6c4be6-13de-47d5-a273-9702d72a29be,,WhatsApp8181,Yes,"Please Enter I am interested in
Edible Cup
Osmania Biscuit
Bakery Biscuits

 More options
Cream Biscuit
Sweet Biscuits
Kaju Biscuit",Msite_BL_Quantity,clicked,,,2026-04-18 15:07:16.000,,,,
278178644,94579284,3d6c4be6-13de-47d5-a273-9702d72a29be,,WhatsApp8181,,How many *Carton*?,Msite_BL_Quantity,clicked,,,2026-04-18 15:12:17.000,,,,
278182956,94579284,3d6c4be6-13de-47d5-a273-9702d72a29be,,WhatsApp8181,,"Share details for approval.
Delete Requirement
Enter Other Details",Msite_BL_Quantity,clicked,,,2026-04-18 15:17:18.000,,,,
278182966,94579284,3d6c4be6-13de-47d5-a273-9702d72a29be,,WhatsApp8181,,"Thank you! 

Your requirement for Biscuit Manufacturer Rajkot has been received.",Msite_BL_Quantity,clicked,,,2026-04-18 15:17:19.000,,,,
403561854,131750605,a85f288f-d02e-4bdb-9a97-1a59e3a3153e,,WhatsApp,"https://m.indiamart.com/pd/2858008016162?1506566

Hello *Bhairav Enterprises*,
Need best price for electric scooty","Please Enter Vehicle Type
Electric Loader
Electric Scooter",Msite_BL_Quantity,pre-filled,,,2026-09-08 21:01:56.000,,,,
403567460,131750605,a85f288f-d02e-4bdb-9a97-1a59e3a3153e,,WhatsApp,,"Enter Vehicle Type to get best quotation
Electric Loader
Electric Scooter",Msite_BL_Quantity,pre-filled,,,2026-09-08 21:06:57.000,,,,
403567720,131750605,a85f288f-d02e-4bdb-9a97-1a59e3a3153e,,WhatsApp,Electric Scooter,"Please Enter Range
100 km
150 km
80 km

 More options
60 km
120 km
50 km",Msite_BL_Spec,clicked,,,2026-09-08 21:07:09.000,,,,
403567884,131750605,a85f288f-d02e-4bdb-9a97-1a59e3a3153e,,WhatsApp,150 km,"Please Enter Battery Type
Lithium Ion
Lead Acid
Graphene

 More options
LFP",Msite_BL_Spec,clicked,,,2026-09-08 21:07:17.000,,,,
403568017,131750605,a85f288f-d02e-4bdb-9a97-1a59e3a3153e,,WhatsApp,Lithium Ion,"Please Enter Usage/Application
Resale
Distribution
Workshop Use

 More options
Commercial Use",Msite_BL_Spec,clicked,,,2026-09-08 21:07:24.000,,,,
403568182,131750605,a85f288f-d02e-4bdb-9a97-1a59e3a3153e,,WhatsApp,Commercial Use,,Msite_BL_Spec,clicked,,,2026-09-08 21:07:32.000,,,,
403568199,131750605,a85f288f-d02e-4bdb-9a97-1a59e3a3153e,,WhatsApp,Commercial Use,Share photos for your requirements!,Msite_BL,clicked,,,2026-09-08 21:07:33.000,,,,
403573548,131750605,a85f288f-d02e-4bdb-9a97-1a59e3a3153e,,WhatsApp,,"Thank you! 
Your requirement for
electric scooty
has been sent to
Bhairav Enterprises.

Call supplier: [phone]",Msite_BL,clicked,,,2026-09-08 21:12:34.000,,,,
403634340,131750605,a85f288f-d02e-4bdb-9a97-1a59e3a3153e,,WhatsApp,,Enquiry for electric scooty has been sent! Call Now for best price - Bhairav Enterprises,Msite_BL,clicked,,,2026-09-08 22:12:34.000,,,,
279052702,94579284,444f0732-139b-478d-9022-31eff59fb8ce,,WhatsApp8181,Yes,"Please Enter Diameter
6 mm
8 mm
16 mm

 More options
10 mm",Msite_BL_Quantity,clicked,,,2026-04-19 18:17:02.000,,,,
279052767,94579284,444f0732-139b-478d-9022-31eff59fb8ce,,WhatsApp8181,6 mm,,Msite_BL_Spec,clicked,,,2026-04-19 18:17:08.000,,,,
279052781,94579284,444f0732-139b-478d-9022-31eff59fb8ce,,WhatsApp8181,6 mm,How many *Ton*?,Msite_BL,clicked,,,2026-04-19 18:17:08.000,,,,
279052950,94579284,444f0732-139b-478d-9022-31eff59fb8ce,,WhatsApp8181,10,"Please Enter Material
Pure Pine Wood
Sawdust
Wood

 More options
Hardwood
Bamboo
Agro-based",Msite_BL_Quantity,clicked,,,2026-04-19 18:17:22.000,,,,
279053052,94579284,444f0732-139b-478d-9022-31eff59fb8ce,,WhatsApp8181,Pure Pine Wood,"Please Enter Calorific Value (GCV)
4000 kcal/kg
4200 kcal/kg
3400 kcal/kg

 More options
4500 kcal/kg",Msite_BL_Spec,clicked,,,2026-04-19 18:17:31.000,,,,
279053140,94579284,444f0732-139b-478d-9022-31eff59fb8ce,,WhatsApp8181,4500 kcal/kg,,Msite_BL_Spec,clicked,,,2026-04-19 18:17:37.000,,,,
279053149,94579284,444f0732-139b-478d-9022-31eff59fb8ce,,WhatsApp8181,4500 kcal/kg,Share photos for your requirements!,Msite_BL,clicked,,,2026-04-19 18:17:38.000,,,,
279053394,94579284,444f0732-139b-478d-9022-31eff59fb8ce,,WhatsApp8181,,"{""queryImage"":{""img_src"":""http:\/\/5.imimg.com\/data5\/WA_9696\/Default\/2026\/4\/[phone]\/CF\/LT\/BA\/[phone]\/image.jpeg"",""key"":""img_869"",""status"":"""",""item_id"":"""",""is_img"":true}}",Photo uploaded but not added as a product as ..,image/jpeg,,,2026-04-19 18:17:58.000,,,,http://5.imimg.com/data5/WA_9696/Default/2026/4/601190652/CF/LT/BA/94579284/image.jpeg
279053405,94579284,444f0732-139b-478d-9022-31eff59fb8ce,,WhatsApp8181,,"Thank you! 

Your requirement for Biomass Wood Pellet has been received.",Msite_BL,clicked,,,2026-04-19 18:17:58.000,,,,
279053407,94579284,444f0732-139b-478d-9022-31eff59fb8ce,,WhatsApp8181,,"{""queryImage"":{""img_src"":""http:\/\/5.imimg.com\/data5\/WA_9696\/Default\/2026\/4\/[phone]\/PB\/PU\/KP\/[phone]\/image.jpeg"",""key"":""img_402"",""status"":"""",""item_id"":"""",""is_img"":true}}",Photo uploaded but not added as a product as ..,image/jpeg,,,2026-04-19 18:17:58.000,,,,http://5.imimg.com/data5/WA_9696/Default/2026/4/601190654/PB/PU/KP/94579284/image.jpeg
279053408,94579284,444f0732-139b-478d-9022-31eff59fb8ce,,WhatsApp8181,,"{""queryImage"":{""img_src"":""http:\/\/5.imimg.com\/data5\/WA_9696\/Default\/2026\/4\/[phone]\/HP\/GR\/ZM\/[phone]\/image.jpeg"",""key"":""img_8440"",""status"":"""",""item_id"":"""",""is_img"":true}}",Photo uploaded but not added as a product as ..,image/jpeg,,,2026-04-19 18:17:58.000,,,,http://5.imimg.com/data5/WA_9696/Default/2026/4/601190655/HP/GR/ZM/94579284/image.jpeg
404312843,131750605,a85f288f-d02e-4bdb-9a97-1a59e3a3153e,,WhatsApp,,"Hi! You just spoke with *Vijay Trading Company* 📞
Was the call helpful?",WA_Call_Feedback,nudge,,,2026-09-09 14:47:02.000,,,,
320117076,49939718,ca78bf27-ffcd-4b89-8f6e-da777f37ef6a,,WhatsApp8181,YES,"Please Enter Compatible Screen Size
75 inch
55 inch
32 inch

 More options
65 inch
43 inch
86 inch",Msite_BL_Quantity,typed,,,2026-06-09 14:47:57.000,,,,
320122602,49939718,ca78bf27-ffcd-4b89-8f6e-da777f37ef6a,,WhatsApp8181,,How many *Piece*?,Msite_BL_Quantity,typed,,,2026-06-09 14:52:58.000,,,,
320128128,49939718,ca78bf27-ffcd-4b89-8f6e-da777f37ef6a,,WhatsApp8181,,"Share details for approval.
Delete Requirement
Enter Other Details",Msite_BL_Quantity,typed,,,2026-06-09 14:58:00.000,,,,
320128136,49939718,ca78bf27-ffcd-4b89-8f6e-da777f37ef6a,,WhatsApp8181,,Thank you message call cta,Msite_BL_Quantity,typed,,,2026-06-09 14:58:01.000,,,,
406175451,131750605,3a5cbec6-23ac-4abf-ad76-4f3e3222f262,,WhatsApp,"https://m.indiamart.com/pd/2854019258148?9199968

Hello *Indian Steel Company*,
Need best price for Fe 500 Kamdhenu Nxt 550 Tmt Bar, 10 mm","Please Enter Diameter
10 mm
12 mm
16 mm

 More options
8 mm
20 mm
25 mm",Msite_BL_Quantity,pre-filled,,,2026-09-11 06:43:31.000,,,,
406175474,131750605,3a5cbec6-23ac-4abf-ad76-4f3e3222f262,,WhatsApp,12 mm,,Msite_BL_Spec,clicked,,,2026-09-11 06:43:34.000,,,,
406175478,131750605,3a5cbec6-23ac-4abf-ad76-4f3e3222f262,,WhatsApp,12 mm,How many *Tonne*?,Msite_BL,clicked,,,2026-09-11 06:43:35.000,,,,
406175529,131750605,3a5cbec6-23ac-4abf-ad76-4f3e3222f262,,WhatsApp,15,"Please Enter Grade
Fe 550
Fe 550D
Fe 500

 More options
Fe 500D
Fe 415
Fe 600",Msite_BL_Quantity,clicked,,,2026-09-11 06:43:48.000,,,,
406175558,131750605,3a5cbec6-23ac-4abf-ad76-4f3e3222f262,,WhatsApp,Fe 500D,,Msite_BL_Spec,clicked,,,2026-09-11 06:43:52.000,,,,
406175564,131750605,3a5cbec6-23ac-4abf-ad76-4f3e3222f262,,WhatsApp,Fe 500D,Please confirm your home location.,Msite_BL,clicked,,,2026-09-11 06:43:53.000,,,,
406175604,131750605,3a5cbec6-23ac-4abf-ad76-4f3e3222f262,,WhatsApp,Kanpur,Share photos for your requirements!,Msite_BL,clicked,,,2026-09-11 06:43:58.000,,,,
406177165,131750605,3a5cbec6-23ac-4abf-ad76-4f3e3222f262,,WhatsApp,,Thank you message templated,Msite_BL,clicked,,,2026-09-11 06:48:58.000,,,,
406199235,131750605,3a5cbec6-23ac-4abf-ad76-4f3e3222f262,,WhatsApp,,Enquiry for Kamdhenu Nxt 550 Tmt Bar has been sent! Call Now for best price - Indian Steel Company,Msite_BL,clicked,,,2026-09-11 07:48:58.000,,,,
406341778,131750605,6474037d-5555-4f46-8424-a60d993872e9,,WhatsApp,"https://m.indiamart.com/pd/2854561055030?2766068

Hello *BPJ Construction LLP*,
Need best price for 10 mm Gallant TMT Bar, Fe 500","Please Enter Diameter
8 mm
12 mm
10 mm

 More options
16 mm
20 mm
25 mm",Msite_BL_Quantity,pre-filled,,,2026-09-11 10:29:34.000,,,,
406341892,131750605,6474037d-5555-4f46-8424-a60d993872e9,,WhatsApp,12 mm,,Msite_BL_Spec,clicked,,,2026-09-11 10:29:40.000,,,,
406341911,131750605,6474037d-5555-4f46-8424-a60d993872e9,,WhatsApp,12 mm,How many *Quintal*?,Msite_BL,clicked,,,2026-09-11 10:29:41.000,,,,
406342232,131750605,6474037d-5555-4f46-8424-a60d993872e9,,WhatsApp,20,"Please Enter Grade
Fe 550
Fe 550D
Fe 500

 More options
Fe 500D
Fe 555
Fe 550D-V",Msite_BL_Quantity,clicked,,,2026-09-11 10:29:55.000,,,,
406342339,131750605,6474037d-5555-4f46-8424-a60d993872e9,,WhatsApp,Fe 500D,"Please Enter Product Line
Normal
Advance",Msite_BL_Spec,clicked,,,2026-09-11 10:29:59.000,,,,
406342428,131750605,6474037d-5555-4f46-8424-a60d993872e9,,WhatsApp,Normal,,Msite_BL_Spec,clicked,,,2026-09-11 10:30:04.000,,,,
406342450,131750605,6474037d-5555-4f46-8424-a60d993872e9,,WhatsApp,Normal,Please confirm your home location.,Msite_BL,clicked,,,2026-09-11 10:30:05.000,,,,
406342551,131750605,6474037d-5555-4f46-8424-a60d993872e9,,WhatsApp,Kanpur,Share photos for your requirements!,Msite_BL,clicked,,,2026-09-11 10:30:10.000,,,,
406342784,131750605,6474037d-5555-4f46-8424-a60d993872e9,,WhatsApp,Dont have,Thank you message templated,Msite_BL,typed,,,2026-09-11 10:30:21.000,,,,
284463853,94579284,8d9df167-c23a-4ab9-92ac-559585f80f3e,,WhatsApp8181,Yes,"Please Enter Material
Coconut Shell
Coal
Wood Based",Msite_BL_Quantity,clicked,,,2026-04-26 16:15:12.000,,,,
284464048,94579284,8d9df167-c23a-4ab9-92ac-559585f80f3e,,WhatsApp8181,Coal,,Msite_BL_Spec,clicked,,,2026-04-26 16:15:28.000,,,,
284464060,94579284,8d9df167-c23a-4ab9-92ac-559585f80f3e,,WhatsApp8181,Coal,How many *kg*?,Msite_BL,clicked,,,2026-04-26 16:15:29.000,,,,
284464256,94579284,8d9df167-c23a-4ab9-92ac-559585f80f3e,,WhatsApp8181,1000,"Please Enter Iodine Value
900 IV
1000 IV
1100 IV

 More options
600 IV
450 IV
800 IV",Msite_BL_Quantity,clicked,,,2026-04-26 16:15:47.000,,,,
284467769,94579284,8d9df167-c23a-4ab9-92ac-559585f80f3e,,WhatsApp8181,,How many *kg*?,Msite_BL_Quantity,clicked,,,2026-04-26 16:20:46.000,,,,
406421299,79859904,7f6b9b71-b845-4030-95e7-ac5258ab8da4,2,WhatsApp,,"{""queryImage"":{""img_src"":""http:\/\/5.imimg.com\/data5\/WA_9696\/Default\/2026\/9\/[phone]\/KU\/JG\/FD\/[phone]\/image.jpeg"",""key"":""img_8666"",""status"":""Hi \n\nWhat is the Photo for ?\n Add Product \nComplaint"",""item_id"":"""",""is_img"":true}}",Photo uploaded but not added as a product as ..,image/jpeg,,,2026-09-11 11:35:12.000,,,,http://5.imimg.com/data5/WA_9696/Default/2026/9/643025891/KU/JG/FD/79859904/image.jpeg
406421302,79859904,7f6b9b71-b845-4030-95e7-ac5258ab8da4,2,WhatsApp,,"{""queryImage"":{""img_src"":""http:\/\/5.imimg.com\/data5\/WA_9696\/Default\/2026\/9\/[phone]\/LX\/QZ\/ZM\/[phone]\/image.jpeg"",""key"":""img_1156"",""status"":"""",""item_id"":"""",""is_img"":true}}",Photo uploaded but not added as a product as ..,image/jpeg,,,2026-09-11 11:35:13.000,,,,http://5.imimg.com/data5/WA_9696/Default/2026/9/643025898/LX/QZ/ZM/79859904/image.jpeg
406421308,79859904,7f6b9b71-b845-4030-95e7-ac5258ab8da4,2,WhatsApp,,"{""queryImage"":{""img_src"":""http:\/\/5.imimg.com\/data5\/WA_9696\/Default\/2026\/9\/[phone]\/OY\/NH\/AM\/[phone]\/image.jpeg"",""key"":""img_4222"",""status"":"""",""item_id"":"""",""is_img"":true}}",Photo uploaded but not added as a product as ..,image/jpeg,,,2026-09-11 11:35:13.000,,,,http://5.imimg.com/data5/WA_9696/Default/2026/9/643025899/OY/NH/AM/79859904/image.jpeg
406424026,79859904,7f6b9b71-b845-4030-95e7-ac5258ab8da4,2,WhatsApp,,"{""queryImage"":{""img_src"":""http:\/\/5.imimg.com\/data5\/WA_9696\/Default\/2026\/9\/[phone]\/TK\/HU\/YS\/[phone]\/image.jpeg"",""key"":""img_4322"",""status"":"""",""item_id"":"""",""is_img"":true}}",Photo uploaded but not added as a product as ..,image/jpeg,,,2026-09-11 11:37:18.000,,,,http://5.imimg.com/data5/WA_9696/Default/2026/9/643026770/TK/HU/YS/79859904/image.jpeg
406424041,79859904,7f6b9b71-b845-4030-95e7-ac5258ab8da4,2,WhatsApp,,"{""queryImage"":{""img_src"":""http:\/\/5.imimg.com\/data5\/WA_9696\/Default\/2026\/9\/[phone]\/EW\/NO\/TF\/[phone]\/image.jpeg"",""key"":""img_3744"",""status"":"""",""item_id"":"""",""is_img"":true}}",Photo uploaded but not added as a product as ..,image/jpeg,,,2026-09-11 11:37:18.000,,,,http://5.imimg.com/data5/WA_9696/Default/2026/9/643026772/EW/NO/TF/79859904/image.jpeg
406424062,79859904,7f6b9b71-b845-4030-95e7-ac5258ab8da4,2,WhatsApp,,"{""queryImage"":{""img_src"":""http:\/\/5.imimg.com\/data5\/WA_9696\/Default\/2026\/9\/[phone]\/NT\/SR\/JW\/[phone]\/image.jpeg"",""key"":""img_9306"",""status"":"""",""item_id"":"""",""is_img"":true}}",Photo uploaded but not added as a product as ..,image/jpeg,,,2026-09-11 11:37:19.000,,,,http://5.imimg.com/data5/WA_9696/Default/2026/9/643026782/NT/SR/JW/79859904/image.jpeg
406424064,79859904,7f6b9b71-b845-4030-95e7-ac5258ab8da4,2,WhatsApp,,"{""queryImage"":{""img_src"":""http:\/\/5.imimg.com\/data5\/WA_9696\/Default\/2026\/9\/[phone]\/ND\/UO\/QC\/[phone]\/image.jpeg"",""key"":""img_8821"",""status"":"""",""item_id"":"""",""is_img"":true}}",size of image is less than 500*500,image/jpeg,,,2026-09-11 11:37:20.000,,,,http://5.imimg.com/data5/WA_9696/Default/2026/9/643026785/ND/UO/QC/79859904/image.jpeg
406424073,79859904,7f6b9b71-b845-4030-95e7-ac5258ab8da4,2,WhatsApp,,"{""queryImage"":{""img_src"":""http:\/\/5.imimg.com\/data5\/WA_9696\/Default\/2026\/9\/[phone]\/ZA\/AW\/AM\/[phone]\/image.jpeg"",""key"":""img_7571"",""status"":"""",""item_id"":"""",""is_img"":true}}",Photo uploaded but not added as a product as ..,image/jpeg,,,2026-09-11 11:37:20.000,,,,http://5.imimg.com/data5/WA_9696/Default/2026/9/643026790/ZA/AW/AM/79859904/image.jpeg
406424086,79859904,7f6b9b71-b845-4030-95e7-ac5258ab8da4,2,WhatsApp,,"{""queryImage"":{""img_src"":""http:\/\/5.imimg.com\/data5\/WA_9696\/Default\/2026\/9\/[phone]\/GG\/GZ\/CS\/[phone]\/image.jpeg"",""key"":""img_672"",""status"":"""",""item_id"":"""",""is_img"":true}}",Photo uploaded but not added as a product as ..,image/jpeg,,,2026-09-11 11:37:21.000,,,,http://5.imimg.com/data5/WA_9696/Default/2026/9/643026798/GG/GZ/CS/79859904/image.jpeg
406424097,79859904,7f6b9b71-b845-4030-95e7-ac5258ab8da4,2,WhatsApp,,"{""queryImage"":{""img_src"":""http:\/\/5.imimg.com\/data5\/WA_9696\/Default\/2026\/9\/[phone]\/WA\/IQ\/EV\/[phone]\/image.jpeg"",""key"":""img_1084"",""status"":"""",""item_id"":"""",""is_img"":true}}",Photo uploaded but not added as a product as ..,image/jpeg,,,2026-09-11 11:37:21.000,,,,http://5.imimg.com/data5/WA_9696/Default/2026/9/643026808/WA/IQ/EV/79859904/image.jpeg
406424111,79859904,7f6b9b71-b845-4030-95e7-ac5258ab8da4,2,WhatsApp,,"{""queryImage"":{""img_src"":""http:\/\/5.imimg.com\/data5\/WA_9696\/Default\/2026\/9\/[phone]\/TW\/LF\/QH\/[phone]\/image.jpeg"",""key"":""img_2959"",""status"":"""",""item_id"":"""",""is_img"":true}}",Photo uploaded but not added as a product as ..,image/jpeg,,,2026-09-11 11:37:22.000,,,,http://5.imimg.com/data5/WA_9696/Default/2026/9/643026822/TW/LF/QH/79859904/image.jpeg
406424127,79859904,7f6b9b71-b845-4030-95e7-ac5258ab8da4,2,WhatsApp,,"{""queryImage"":{""img_src"":""http:\/\/5.imimg.com\/data5\/WA_9696\/Default\/2026\/9\/[phone]\/RQ\/HU\/YT\/[phone]\/image.jpeg"",""key"":""img_2640"",""status"":"""",""item_id"":"""",""is_img"":true}}",Photo uploaded but not added as a product as ..,image/jpeg,,,2026-09-11 11:37:23.000,,,,http://5.imimg.com/data5/WA_9696/Default/2026/9/643026830/RQ/HU/YT/79859904/image.jpeg
406424147,79859904,7f6b9b71-b845-4030-95e7-ac5258ab8da4,2,WhatsApp,,"{""queryImage"":{""img_src"":""http:\/\/5.imimg.com\/data5\/WA_9696\/Default\/2026\/9\/[phone]\/ZX\/BS\/BL\/[phone]\/image.jpeg"",""key"":""img_7622"",""status"":"""",""item_id"":"""",""is_img"":true}}",Photo uploaded but not added as a product as ..,image/jpeg,,,2026-09-11 11:37:23.000,,,,http://5.imimg.com/data5/WA_9696/Default/2026/9/643026845/ZX/BS/BL/79859904/image.jpeg
406424152,79859904,7f6b9b71-b845-4030-95e7-ac5258ab8da4,2,WhatsApp,,"{""queryImage"":{""img_src"":""http:\/\/5.imimg.com\/data5\/WA_9696\/Default\/2026\/9\/[phone]\/JY\/XA\/CN\/[phone]\/image.jpeg"",""key"":""img_1775"",""status"":"""",""item_id"":"""",""is_img"":true}}",Photo uploaded but not added as a product as ..,image/jpeg,,,2026-09-11 11:37:23.000,,,,http://5.imimg.com/data5/WA_9696/Default/2026/9/643026846/JY/XA/CN/79859904/image.jpeg
406424167,79859904,7f6b9b71-b845-4030-95e7-ac5258ab8da4,2,WhatsApp,,"{""queryImage"":{""img_src"":""http:\/\/5.imimg.com\/data5\/WA_9696\/Default\/2026\/9\/[phone]\/MG\/SQ\/FI\/[phone]\/image.jpeg"",""key"":""img_4991"",""status"":"""",""item_id"":"""",""is_img"":true}}",Photo uploaded but not added as a product as ..,image/jpeg,,,2026-09-11 11:37:24.000,,,,http://5.imimg.com/data5/WA_9696/Default/2026/9/643026848/MG/SQ/FI/79859904/image.jpeg
406424189,79859904,7f6b9b71-b845-4030-95e7-ac5258ab8da4,2,WhatsApp,,"{""queryImage"":{""img_src"":""http:\/\/5.imimg.com\/data5\/WA_9696\/Default\/2026\/9\/[phone]\/VD\/MK\/ST\/[phone]\/image.jpeg"",""key"":""img_2412"",""status"":"""",""item_id"":"""",""is_img"":true}}",Photo uploaded but not added as a product as ..,image/jpeg,,,2026-09-11 11:37:25.000,,,,http://5.imimg.com/data5/WA_9696/Default/2026/9/643026851/VD/MK/ST/79859904/image.jpeg
406424195,79859904,7f6b9b71-b845-4030-95e7-ac5258ab8da4,2,WhatsApp,,"{""queryImage"":{""img_src"":""http:\/\/5.imimg.com\/data5\/WA_9696\/Default\/2026\/9\/[phone]\/WR\/XE\/PU\/[phone]\/image.jpeg"",""key"":""img_8578"",""status"":"""",""item_id"":"""",""is_img"":true}}",Photo uploaded but not added as a product as ..,image/jpeg,,,2026-09-11 11:37:25.000,,,,http://5.imimg.com/data5/WA_9696/Default/2026/9/643026854/WR/XE/PU/79859904/image.jpeg
406424218,79859904,7f6b9b71-b845-4030-95e7-ac5258ab8da4,2,WhatsApp,,"{""queryImage"":{""img_src"":""http:\/\/5.imimg.com\/data5\/WA_9696\/Default\/2026\/9\/[phone]\/VY\/GU\/TJ\/[phone]\/image.jpeg"",""key"":""img_5289"",""status"":"""",""item_id"":"""",""is_img"":true}}",Photo uploaded but not added as a product as ..,image/jpeg,,,2026-09-11 11:37:26.000,,,,http://5.imimg.com/data5/WA_9696/Default/2026/9/643026863/VY/GU/TJ/79859904/image.jpeg
406424223,79859904,7f6b9b71-b845-4030-95e7-ac5258ab8da4,2,WhatsApp,,"{""queryImage"":{""img_src"":""http:\/\/5.imimg.com\/data5\/WA_9696\/Default\/2026\/9\/[phone]\/KY\/HQ\/YE\/[phone]\/image.jpeg"",""key"":""img_3704"",""status"":"""",""item_id"":"""",""is_img"":true}}",Photo uploaded but not added as a product as ..,image/jpeg,,,2026-09-11 11:37:26.000,,,,http://5.imimg.com/data5/WA_9696/Default/2026/9/643026864/KY/HQ/YE/79859904/image.jpeg
406424229,79859904,7f6b9b71-b845-4030-95e7-ac5258ab8da4,2,WhatsApp,,"{""queryImage"":{""img_src"":""http:\/\/5.imimg.com\/data5\/WA_9696\/Default\/2026\/9\/[phone]\/JM\/ON\/PV\/[phone]\/image.jpeg"",""key"":""img_2326"",""status"":"""",""item_id"":"""",""is_img"":true}}",Photo uploaded but not added as a product as ..,image/jpeg,,,2026-09-11 11:37:26.000,,,,http://5.imimg.com/data5/WA_9696/Default/2026/9/643026866/JM/ON/PV/79859904/image.jpeg
406424232,79859904,7f6b9b71-b845-4030-95e7-ac5258ab8da4,2,WhatsApp,,"{""queryImage"":{""img_src"":""http:\/\/5.imimg.com\/data5\/WA_9696\/Default\/2026\/9\/[phone]\/KG\/UY\/WQ\/[phone]\/image.jpeg"",""key"":""img_2800"",""status"":"""",""item_id"":"""",""is_img"":true}}",Photo uploaded but not added as a product as ..,image/jpeg,,,2026-09-11 11:37:26.000,,,,http://5.imimg.com/data5/WA_9696/Default/2026/9/643026870/KG/UY/WQ/79859904/image.jpeg
406424245,79859904,7f6b9b71-b845-4030-95e7-ac5258ab8da4,2,WhatsApp,,"{""queryImage"":{""img_src"":""http:\/\/5.imimg.com\/data5\/WA_9696\/Default\/2026\/9\/[phone]\/CN\/SA\/RX\/[phone]\/image.jpeg"",""key"":""img_4758"",""status"":"""",""item_id"":"""",""is_img"":true}}",Photo uploaded but not added as a product as ..,image/jpeg,,,2026-09-11 11:37:27.000,,,,http://5.imimg.com/data5/WA_9696/Default/2026/9/643026875/CN/SA/RX/79859904/image.jpeg
406424252,79859904,7f6b9b71-b845-4030-95e7-ac5258ab8da4,2,WhatsApp,,"{""queryImage"":{""img_src"":""http:\/\/5.imimg.com\/data5\/WA_9696\/Default\/2026\/9\/[phone]\/SS\/AD\/OQ\/[phone]\/image.jpeg"",""key"":""img_2901"",""status"":"""",""item_id"":"""",""is_img"":true}}",Photo uploaded but not added as a product as ..,image/jpeg,,,2026-09-11 11:37:27.000,,,,http://5.imimg.com/data5/WA_9696/Default/2026/9/643026876/SS/AD/OQ/79859904/image.jpeg
406424259,79859904,7f6b9b71-b845-4030-95e7-ac5258ab8da4,2,WhatsApp,,"{""queryImage"":{""img_src"":""http:\/\/5.imimg.com\/data5\/WA_9696\/Default\/2026\/9\/[phone]\/QI\/YL\/YT\/[phone]\/image.jpeg"",""key"":""img_4155"",""status"":"""",""item_id"":"""",""is_img"":true}}",Photo uploaded but not added as a product as ..,image/jpeg,,,2026-09-11 11:37:28.000,,,,http://5.imimg.com/data5/WA_9696/Default/2026/9/643026881/QI/YL/YT/79859904/image.jpeg
406424264,79859904,7f6b9b71-b845-4030-95e7-ac5258ab8da4,2,WhatsApp,,"{""queryImage"":{""img_src"":""http:\/\/5.imimg.com\/data5\/WA_9696\/Default\/2026\/9\/[phone]\/OS\/BR\/YP\/[phone]\/image.jpeg"",""key"":""img_1319"",""status"":"""",""item_id"":"""",""is_img"":true}}",Photo uploaded but not added as a product as ..,image/jpeg,,,2026-09-11 11:37:28.000,,,,http://5.imimg.com/data5/WA_9696/Default/2026/9/643026884/OS/BR/YP/79859904/image.jpeg
406424276,79859904,7f6b9b71-b845-4030-95e7-ac5258ab8da4,2,WhatsApp,,"{""queryImage"":{""img_src"":""http:\/\/5.imimg.com\/data5\/WA_9696\/Default\/2026\/9\/[phone]\/OA\/LX\/XV\/[phone]\/image.jpeg"",""key"":""img_3526"",""status"":"""",""item_id"":"""",""is_img"":true}}",Photo uploaded but not added as a product as ..,image/jpeg,,,2026-09-11 11:37:28.000,,,,http://5.imimg.com/data5/WA_9696/Default/2026/9/643026890/OA/LX/XV/79859904/image.jpeg
406424291,79859904,7f6b9b71-b845-4030-95e7-ac5258ab8da4,2,WhatsApp,,"{""queryImage"":{""img_src"":""http:\/\/5.imimg.com\/data5\/WA_9696\/Default\/2026\/9\/[phone]\/EE\/OJ\/EN\/[phone]\/image.jpeg"",""key"":""img_3600"",""status"":"""",""item_id"":"""",""is_img"":true}}",Photo uploaded but not added as a product as ..,image/jpeg,,,2026-09-11 11:37:29.000,,,,http://5.imimg.com/data5/WA_9696/Default/2026/9/643026898/EE/OJ/EN/79859904/image.jpeg
406424300,79859904,7f6b9b71-b845-4030-95e7-ac5258ab8da4,2,WhatsApp,,"{""queryImage"":{""img_src"":""http:\/\/5.imimg.com\/data5\/WA_9696\/Default\/2026\/9\/[phone]\/WL\/WY\/KA\/[phone]\/image.jpeg"",""key"":""img_6623"",""status"":"""",""item_id"":"""",""is_img"":true}}",Photo uploaded but not added as a product as ..,image/jpeg,,,2026-09-11 11:37:30.000,,,,http://5.imimg.com/data5/WA_9696/Default/2026/9/643026902/WL/WY/KA/79859904/image.jpeg
406424325,79859904,7f6b9b71-b845-4030-95e7-ac5258ab8da4,2,WhatsApp,,"{""queryImage"":{""img_src"":""http:\/\/5.imimg.com\/data5\/WA_9696\/Default\/2026\/9\/[phone]\/MY\/MB\/NC\/[phone]\/image.jpeg"",""key"":""img_4632"",""status"":"""",""item_id"":"""",""is_img"":true}}",Photo uploaded but not added as a product as ..,image/jpeg,,,2026-09-11 11:37:30.000,,,,http://5.imimg.com/data5/WA_9696/Default/2026/9/643026909/MY/MB/NC/79859904/image.jpeg
406424328,79859904,7f6b9b71-b845-4030-95e7-ac5258ab8da4,2,WhatsApp,,"{""queryImage"":{""img_src"":""http:\/\/5.imimg.com\/data5\/WA_9696\/Default\/2026\/9\/[phone]\/NL\/LJ\/GE\/[phone]\/image.jpeg"",""key"":""img_829"",""status"":"""",""item_id"":"""",""is_img"":true}}",Photo uploaded but not added as a product as ..,image/jpeg,,,2026-09-11 11:37:31.000,,,,http://5.imimg.com/data5/WA_9696/Default/2026/9/643026910/NL/LJ/GE/79859904/image.jpeg
406424338,79859904,7f6b9b71-b845-4030-95e7-ac5258ab8da4,2,WhatsApp,,"{""queryImage"":{""img_src"":""http:\/\/5.imimg.com\/data5\/WA_9696\/Default\/2026\/9\/[phone]\/BG\/WV\/BJ\/[phone]\/image.jpeg"",""key"":""img_9245"",""status"":"""",""item_id"":"""",""is_img"":true}}",Photo uploaded but not added as a product as ..,image/jpeg,,,2026-09-11 11:37:31.000,,,,http://5.imimg.com/data5/WA_9696/Default/2026/9/643026913/BG/WV/BJ/79859904/image.jpeg
406424344,79859904,7f6b9b71-b845-4030-95e7-ac5258ab8da4,2,WhatsApp,,"{""queryImage"":{""img_src"":""http:\/\/5.imimg.com\/data5\/WA_9696\/Default\/2026\/9\/[phone]\/FV\/EK\/NS\/[phone]\/image.jpeg"",""key"":""img_8057"",""status"":"""",""item_id"":"""",""is_img"":true}}",Photo uploaded but not added as a product as ..,image/jpeg,,,2026-09-11 11:37:31.000,,,,http://5.imimg.com/data5/WA_9696/Default/2026/9/643026914/FV/EK/NS/79859904/image.jpeg
406424355,79859904,7f6b9b71-b845-4030-95e7-ac5258ab8da4,2,WhatsApp,,"{""queryImage"":{""img_src"":""http:\/\/5.imimg.com\/data5\/WA_9696\/Default\/2026\/9\/[phone]\/MX\/WC\/XP\/[phone]\/image.jpeg"",""key"":""img_4471"",""status"":"""",""item_id"":"""",""is_img"":true}}",Photo uploaded but not added as a product as ..,image/jpeg,,,2026-09-11 11:37:32.000,,,,http://5.imimg.com/data5/WA_9696/Default/2026/9/643026916/MX/WC/XP/79859904/image.jpeg
406424376,79859904,7f6b9b71-b845-4030-95e7-ac5258ab8da4,2,WhatsApp,,"{""queryImage"":{""img_src"":""http:\/\/5.imimg.com\/data5\/WA_9696\/Default\/2026\/9\/[phone]\/JD\/AV\/PN\/[phone]\/image.jpeg"",""key"":""img_1040"",""status"":"""",""item_id"":"""",""is_img"":true}}",Photo uploaded but not added as a product as ..,image/jpeg,,,2026-09-11 11:37:32.000,,,,http://5.imimg.com/data5/WA_9696/Default/2026/9/643026921/JD/AV/PN/79859904/image.jpeg
406424379,79859904,7f6b9b71-b845-4030-95e7-ac5258ab8da4,2,WhatsApp,,"{""queryImage"":{""img_src"":""http:\/\/5.imimg.com\/data5\/WA_9696\/Default\/2026\/9\/[phone]\/QP\/KA\/UV\/[phone]\/image.jpeg"",""key"":""img_8016"",""status"":"""",""item_id"":"""",""is_img"":true}}",Photo uploaded but not added as a product as ..,image/jpeg,,,2026-09-11 11:37:32.000,,,,http://5.imimg.com/data5/WA_9696/Default/2026/9/643026922/QP/KA/UV/79859904/image.jpeg
406424388,79859904,7f6b9b71-b845-4030-95e7-ac5258ab8da4,2,WhatsApp,,"{""queryImage"":{""img_src"":""http:\/\/5.imimg.com\/data5\/WA_9696\/Default\/2026\/9\/[phone]\/DY\/OW\/MZ\/[phone]\/image.jpeg"",""key"":""img_6186"",""status"":"""",""item_id"":"""",""is_img"":true}}",Photo uploaded but not added as a product as ..,image/jpeg,,,2026-09-11 11:37:33.000,,,,http://5.imimg.com/data5/WA_9696/Default/2026/9/643026932/DY/OW/MZ/79859904/image.jpeg
406424407,79859904,7f6b9b71-b845-4030-95e7-ac5258ab8da4,2,WhatsApp,,"{""queryImage"":{""img_src"":""http:\/\/5.imimg.com\/data5\/WA_9696\/Default\/2026\/9\/[phone]\/UN\/FI\/YG\/[phone]\/image.jpeg"",""key"":""img_8075"",""status"":"""",""item_id"":"""",""is_img"":true}}",Photo uploaded but not added as a product as ..,image/jpeg,,,2026-09-11 11:37:34.000,,,,http://5.imimg.com/data5/WA_9696/Default/2026/9/643026934/UN/FI/YG/79859904/image.jpeg
406424422,79859904,7f6b9b71-b845-4030-95e7-ac5258ab8da4,2,WhatsApp,,"{""queryImage"":{""img_src"":""http:\/\/5.imimg.com\/data5\/WA_9696\/Default\/2026\/9\/[phone]\/RF\/AK\/IO\/[phone]\/image.jpeg"",""key"":""img_9029"",""status"":"""",""item_id"":"""",""is_img"":true}}",Photo uploaded but not added as a product as ..,image/jpeg,,,2026-09-11 11:37:34.000,,,,http://5.imimg.com/data5/WA_9696/Default/2026/9/643026937/RF/AK/IO/79859904/image.jpeg
406424436,79859904,7f6b9b71-b845-4030-95e7-ac5258ab8da4,2,WhatsApp,,"{""queryImage"":{""img_src"":""http:\/\/5.imimg.com\/data5\/WA_9696\/Default\/2026\/9\/[phone]\/DY\/QT\/IU\/[phone]\/image.jpeg"",""key"":""img_827"",""status"":"""",""item_id"":"""",""is_img"":true}}",Photo uploaded but not added as a product as ..,image/jpeg,,,2026-09-11 11:37:35.000,,,,http://5.imimg.com/data5/WA_9696/Default/2026/9/643026940/DY/QT/IU/79859904/image.jpeg
406424453,79859904,7f6b9b71-b845-4030-95e7-ac5258ab8da4,2,WhatsApp,,"{""queryImage"":{""img_src"":""http:\/\/5.imimg.com\/data5\/WA_9696\/Default\/2026\/9\/[phone]\/YA\/PE\/XS\/[phone]\/image.jpeg"",""key"":""img_8601"",""status"":"""",""item_id"":"""",""is_img"":true}}",Photo uploaded but not added as a product as ..,image/jpeg,,,2026-09-11 11:37:35.000,,,,http://5.imimg.com/data5/WA_9696/Default/2026/9/643026943/YA/PE/XS/79859904/image.jpeg
406424474,79859904,7f6b9b71-b845-4030-95e7-ac5258ab8da4,2,WhatsApp,,"{""queryImage"":{""img_src"":""http:\/\/5.imimg.com\/data5\/WA_9696\/Default\/2026\/9\/[phone]\/UW\/OY\/PZ\/[phone]\/image.jpeg"",""key"":""img_3343"",""status"":"""",""item_id"":"""",""is_img"":true}}",Photo uploaded but not added as a product as ..,image/jpeg,,,2026-09-11 11:37:36.000,,,,http://5.imimg.com/data5/WA_9696/Default/2026/9/643026945/UW/OY/PZ/79859904/image.jpeg
406424494,79859904,7f6b9b71-b845-4030-95e7-ac5258ab8da4,2,WhatsApp,,"{""queryImage"":{""img_src"":""http:\/\/5.imimg.com\/data5\/WA_9696\/Default\/2026\/9\/[phone]\/QX\/CE\/UO\/[phone]\/image.jpeg"",""key"":""img_5201"",""status"":"""",""item_id"":"""",""is_img"":true}}",Photo uploaded but not added as a product as ..,image/jpeg,,,2026-09-11 11:37:37.000,,,,http://5.imimg.com/data5/WA_9696/Default/2026/9/643026951/QX/CE/UO/79859904/image.jpeg
406424518,79859904,7f6b9b71-b845-4030-95e7-ac5258ab8da4,2,WhatsApp,,"{""queryImage"":{""img_src"":""http:\/\/5.imimg.com\/data5\/WA_9696\/Default\/2026\/9\/[phone]\/FM\/NQ\/GY\/[phone]\/image.jpeg"",""key"":""img_9072"",""status"":"""",""item_id"":"""",""is_img"":true}}",Photo uploaded but not added as a product as ..,image/jpeg,,,2026-09-11 11:37:38.000,,,,http://5.imimg.com/data5/WA_9696/Default/2026/9/643026959/FM/NQ/GY/79859904/image.jpeg
406424544,79859904,7f6b9b71-b845-4030-95e7-ac5258ab8da4,2,WhatsApp,,"{""queryImage"":{""img_src"":""http:\/\/5.imimg.com\/data5\/WA_9696\/Default\/2026\/9\/[phone]\/ZA\/SA\/PT\/[phone]\/image.jpeg"",""key"":""img_2565"",""status"":"""",""item_id"":"""",""is_img"":true}}",Photo uploaded but not added as a product as ..,image/jpeg,,,2026-09-11 11:37:38.000,,,,http://5.imimg.com/data5/WA_9696/Default/2026/9/643026964/ZA/SA/PT/79859904/image.jpeg
406424545,79859904,7f6b9b71-b845-4030-95e7-ac5258ab8da4,2,WhatsApp,,"{""queryImage"":{""img_src"":""http:\/\/5.imimg.com\/data5\/WA_9696\/Default\/2026\/9\/[phone]\/TJ\/AA\/BM\/[phone]\/image.jpeg"",""key"":""img_5472"",""status"":"""",""item_id"":"""",""is_img"":true}}",Photo uploaded but not added as a product as ..,image/jpeg,,,2026-09-11 11:37:38.000,,,,http://5.imimg.com/data5/WA_9696/Default/2026/9/643026965/TJ/AA/BM/79859904/image.jpeg
406424548,79859904,7f6b9b71-b845-4030-95e7-ac5258ab8da4,2,WhatsApp,,"{""queryImage"":{""img_src"":""http:\/\/5.imimg.com\/data5\/WA_9696\/Default\/2026\/9\/[phone]\/CJ\/IL\/GQ\/[phone]\/image.jpeg"",""key"":""img_9850"",""status"":"""",""item_id"":"""",""is_img"":true}}",size of image is less than 500*500,image/jpeg,,,2026-09-11 11:37:38.000,,,,http://5.imimg.com/data5/WA_9696/Default/2026/9/643026967/CJ/IL/GQ/79859904/image.jpeg
406424572,79859904,7f6b9b71-b845-4030-95e7-ac5258ab8da4,2,WhatsApp,,"{""queryImage"":{""img_src"":""http:\/\/5.imimg.com\/data5\/WA_9696\/Default\/2026\/9\/[phone]\/GM\/MG\/GQ\/[phone]\/image.jpeg"",""key"":""img_9617"",""status"":"""",""item_id"":"""",""is_img"":true}}",Photo uploaded but not added as a product as ..,image/jpeg,,,2026-09-11 11:37:39.000,,,,http://5.imimg.com/data5/WA_9696/Default/2026/9/643026971/GM/MG/GQ/79859904/image.jpeg
406424591,79859904,7f6b9b71-b845-4030-95e7-ac5258ab8da4,2,WhatsApp,,"{""queryImage"":{""img_src"":""http:\/\/5.imimg.com\/data5\/WA_9696\/Default\/2026\/9\/[phone]\/KZ\/MM\/ZQ\/[phone]\/image.jpeg"",""key"":""img_3143"",""status"":"""",""item_id"":"""",""is_img"":true}}",Photo uploaded but not added as a product as ..,image/jpeg,,,2026-09-11 11:37:40.000,,,,http://5.imimg.com/data5/WA_9696/Default/2026/9/643026977/KZ/MM/ZQ/79859904/image.jpeg
406424604,79859904,7f6b9b71-b845-4030-95e7-ac5258ab8da4,2,WhatsApp,,"{""queryImage"":{""img_src"":""http:\/\/5.imimg.com\/data5\/WA_9696\/Default\/2026\/9\/[phone]\/EI\/YK\/HX\/[phone]\/image.jpeg"",""key"":""img_1627"",""status"":"""",""item_id"":"""",""is_img"":true}}",Photo uploaded but not added as a product as ..,image/jpeg,,,2026-09-11 11:37:40.000,,,,http://5.imimg.com/data5/WA_9696/Default/2026/9/643026978/EI/YK/HX/79859904/image.jpeg
406424607,79859904,7f6b9b71-b845-4030-95e7-ac5258ab8da4,2,WhatsApp,,"{""queryImage"":{""img_src"":""http:\/\/5.imimg.com\/data5\/WA_9696\/Default\/2026\/9\/[phone]\/JA\/YZ\/VI\/[phone]\/image.jpeg"",""key"":""img_2279"",""status"":"""",""item_id"":"""",""is_img"":true}}",Photo uploaded but not added as a product as ..,image/jpeg,,,2026-09-11 11:37:40.000,,,,http://5.imimg.com/data5/WA_9696/Default/2026/9/643026980/JA/YZ/VI/79859904/image.jpeg
406424609,79859904,7f6b9b71-b845-4030-95e7-ac5258ab8da4,2,WhatsApp,,"{""queryImage"":{""img_src"":""http:\/\/5.imimg.com\/data5\/WA_9696\/Default\/2026\/9\/[phone]\/VF\/XL\/NZ\/[phone]\/image.jpeg"",""key"":""img_7092"",""status"":"""",""item_id"":"""",""is_img"":true}}",Photo uploaded but not added as a product as ..,image/jpeg,,,2026-09-11 11:37:40.000,,,,http://5.imimg.com/data5/WA_9696/Default/2026/9/643026983/VF/XL/NZ/79859904/image.jpeg
406424640,79859904,7f6b9b71-b845-4030-95e7-ac5258ab8da4,2,WhatsApp,,"{""queryImage"":{""img_src"":""http:\/\/5.imimg.com\/data5\/WA_9696\/Default\/2026\/9\/[phone]\/XA\/NT\/RK\/[phone]\/image.jpeg"",""key"":""img_2272"",""status"":"""",""item_id"":"""",""is_img"":true}}",Photo uploaded but not added as a product as ..,image/jpeg,,,2026-09-11 11:37:42.000,,,,http://5.imimg.com/data5/WA_9696/Default/2026/9/643026989/XA/NT/RK/79859904/image.jpeg
406424648,79859904,7f6b9b71-b845-4030-95e7-ac5258ab8da4,2,WhatsApp,,"{""queryImage"":{""img_src"":""http:\/\/5.imimg.com\/data5\/WA_9696\/Default\/2026\/9\/[phone]\/AP\/JY\/CA\/[phone]\/image.jpeg"",""key"":""img_8827"",""status"":"""",""item_id"":"""",""is_img"":true}}",Photo uploaded but not added as a product as ..,image/jpeg,,,2026-09-11 11:37:42.000,,,,http://5.imimg.com/data5/WA_9696/Default/2026/9/643026994/AP/JY/CA/79859904/image.jpeg
406424661,79859904,7f6b9b71-b845-4030-95e7-ac5258ab8da4,2,WhatsApp,,"{""queryImage"":{""img_src"":""http:\/\/5.imimg.com\/data5\/WA_9696\/Default\/2026\/9\/[phone]\/OT\/XG\/CM\/[phone]\/image.jpeg"",""key"":""img_7430"",""status"":"""",""item_id"":"""",""is_img"":true}}",Photo uploaded but not added as a product as ..,image/jpeg,,,2026-09-11 11:37:43.000,,,,http://5.imimg.com/data5/WA_9696/Default/2026/9/643026999/OT/XG/CM/79859904/image.jpeg
406424663,79859904,7f6b9b71-b845-4030-95e7-ac5258ab8da4,2,WhatsApp,,"{""queryImage"":{""img_src"":""http:\/\/5.imimg.com\/data5\/WA_9696\/Default\/2026\/9\/[phone]\/TF\/NP\/KD\/[phone]\/image.jpeg"",""key"":""img_1755"",""status"":"""",""item_id"":"""",""is_img"":true}}",Photo uploaded but not added as a product as ..,image/jpeg,,,2026-09-11 11:37:43.000,,,,http://5.imimg.com/data5/WA_9696/Default/2026/9/643027000/TF/NP/KD/79859904/image.jpeg
406424664,79859904,7f6b9b71-b845-4030-95e7-ac5258ab8da4,2,WhatsApp,,"{""queryImage"":{""img_src"":""http:\/\/5.imimg.com\/data5\/WA_9696\/Default\/2026\/9\/[phone]\/RR\/IQ\/SZ\/[phone]\/image.jpeg"",""key"":""img_312"",""status"":"""",""item_id"":"""",""is_img"":true}}",Photo uploaded but not added as a product as ..,image/jpeg,,,2026-09-11 11:37:43.000,,,,http://5.imimg.com/data5/WA_9696/Default/2026/9/643027002/RR/IQ/SZ/79859904/image.jpeg
406424684,79859904,7f6b9b71-b845-4030-95e7-ac5258ab8da4,2,WhatsApp,,"{""queryImage"":{""img_src"":""http:\/\/5.imimg.com\/data5\/WA_9696\/Default\/2026\/9\/[phone]\/LN\/RY\/XM\/[phone]\/image.jpeg"",""key"":""img_8442"",""status"":"""",""item_id"":"""",""is_img"":true}}",Photo uploaded but not added as a product as ..,image/jpeg,,,2026-09-11 11:37:44.000,,,,http://5.imimg.com/data5/WA_9696/Default/2026/9/643027006/LN/RY/XM/79859904/image.jpeg
406424688,79859904,7f6b9b71-b845-4030-95e7-ac5258ab8da4,2,WhatsApp,,"{""queryImage"":{""img_src"":""http:\/\/5.imimg.com\/data5\/WA_9696\/Default\/2026\/9\/[phone]\/YM\/QQ\/UC\/[phone]\/image.jpeg"",""key"":""img_7123"",""status"":"""",""item_id"":"""",""is_img"":true}}",Photo uploaded but not added as a product as ..,image/jpeg,,,2026-09-11 11:37:44.000,,,,http://5.imimg.com/data5/WA_9696/Default/2026/9/643027008/YM/QQ/UC/79859904/image.jpeg
406424699,79859904,7f6b9b71-b845-4030-95e7-ac5258ab8da4,2,WhatsApp,,"{""queryImage"":{""img_src"":""http:\/\/5.imimg.com\/data5\/WA_9696\/Default\/2026\/9\/[phone]\/EZ\/YN\/ZQ\/[phone]\/image.jpeg"",""key"":""img_5625"",""status"":"""",""item_id"":"""",""is_img"":true}}",Photo uploaded but not added as a product as ..,image/jpeg,,,2026-09-11 11:37:45.000,,,,http://5.imimg.com/data5/WA_9696/Default/2026/9/643027009/EZ/YN/ZQ/79859904/image.jpeg
406424715,79859904,7f6b9b71-b845-4030-95e7-ac5258ab8da4,2,WhatsApp,,"{""queryImage"":{""img_src"":""http:\/\/5.imimg.com\/data5\/WA_9696\/Default\/2026\/9\/[phone]\/YD\/VV\/RI\/[phone]\/image.jpeg"",""key"":""img_5265"",""status"":"""",""item_id"":"""",""is_img"":true}}",Photo uploaded but not added as a product as ..,image/jpeg,,,2026-09-11 11:37:45.000,,,,http://5.imimg.com/data5/WA_9696/Default/2026/9/643027016/YD/VV/RI/79859904/image.jpeg
406424724,79859904,7f6b9b71-b845-4030-95e7-ac5258ab8da4,2,WhatsApp,Add Product,"Your photo has been uploaded.
Add your photo as a Product 
Add to Catalog: https://seller.indiamart.com/gallery?m=[phone]",Photo_Menu_Sell,clicked,,,2026-09-11 11:37:45.000,,,,
406424735,79859904,7f6b9b71-b845-4030-95e7-ac5258ab8da4,2,WhatsApp,,"{""queryImage"":{""img_src"":""http:\/\/5.imimg.com\/data5\/WA_9696\/Default\/2026\/9\/[phone]\/ND\/BY\/KV\/[phone]\/image.jpeg"",""key"":""img_517"",""status"":"""",""item_id"":"""",""is_img"":true}}",Photo uploaded but not added as a product as ..,image/jpeg,,,2026-09-11 11:37:46.000,,,,http://5.imimg.com/data5/WA_9696/Default/2026/9/643027021/ND/BY/KV/79859904/image.jpeg
406424741,79859904,7f6b9b71-b845-4030-95e7-ac5258ab8da4,2,WhatsApp,,"{""queryImage"":{""img_src"":""http:\/\/5.imimg.com\/data5\/WA_9696\/Default\/2026\/9\/[phone]\/EL\/HM\/VD\/[phone]\/image.jpeg"",""key"":""img_9213"",""status"":"""",""item_id"":"""",""is_img"":true}}",Photo uploaded but not added as a product as ..,image/jpeg,,,2026-09-11 11:37:46.000,,,,http://5.imimg.com/data5/WA_9696/Default/2026/9/643027023/EL/HM/VD/79859904/image.jpeg
406424764,79859904,7f6b9b71-b845-4030-95e7-ac5258ab8da4,2,WhatsApp,,"{""queryImage"":{""img_src"":""http:\/\/5.imimg.com\/data5\/WA_9696\/Default\/2026\/9\/[phone]\/LO\/NZ\/EF\/[phone]\/image.jpeg"",""key"":""img_7427"",""status"":"""",""item_id"":"""",""is_img"":true}}",Photo uploaded but not added as a product as ..,image/jpeg,,,2026-09-11 11:37:47.000,,,,http://5.imimg.com/data5/WA_9696/Default/2026/9/643027031/LO/NZ/EF/79859904/image.jpeg
406424775,79859904,7f6b9b71-b845-4030-95e7-ac5258ab8da4,2,WhatsApp,,"{""queryImage"":{""img_src"":""http:\/\/5.imimg.com\/data5\/WA_9696\/Default\/2026\/9\/[phone]\/QL\/QC\/XI\/[phone]\/image.jpeg"",""key"":""img_1912"",""status"":"""",""item_id"":"""",""is_img"":true}}",Photo uploaded but not added as a product as ..,image/jpeg,,,2026-09-11 11:37:47.000,,,,http://5.imimg.com/data5/WA_9696/Default/2026/9/643027040/QL/QC/XI/79859904/image.jpeg
406424776,79859904,7f6b9b71-b845-4030-95e7-ac5258ab8da4,2,WhatsApp,,"{""queryImage"":{""img_src"":""http:\/\/5.imimg.com\/data5\/WA_9696\/Default\/2026\/9\/[phone]\/AP\/FY\/EK\/[phone]\/image.jpeg"",""key"":""img_6083"",""status"":"""",""item_id"":"""",""is_img"":true}}",Photo uploaded but not added as a product as ..,image/jpeg,,,2026-09-11 11:37:47.000,,,,http://5.imimg.com/data5/WA_9696/Default/2026/9/643027039/AP/FY/EK/79859904/image.jpeg
406424786,79859904,7f6b9b71-b845-4030-95e7-ac5258ab8da4,2,WhatsApp,,"{""queryImage"":{""img_src"":""http:\/\/5.imimg.com\/data5\/WA_9696\/Default\/2026\/9\/[phone]\/HN\/ZM\/BB\/[phone]\/image.jpeg"",""key"":""img_222"",""status"":"""",""item_id"":"""",""is_img"":true}}",Photo uploaded but not added as a product as ..,image/jpeg,,,2026-09-11 11:37:48.000,,,,http://5.imimg.com/data5/WA_9696/Default/2026/9/643027042/HN/ZM/BB/79859904/image.jpeg
406424822,79859904,7f6b9b71-b845-4030-95e7-ac5258ab8da4,2,WhatsApp,,"{""queryImage"":{""img_src"":""http:\/\/5.imimg.com\/data5\/WA_9696\/Default\/2026\/9\/[phone]\/BV\/SM\/HC\/[phone]\/image.jpeg"",""key"":""img_3191"",""status"":"""",""item_id"":"""",""is_img"":true}}",Photo uploaded but not added as a product as ..,image/jpeg,,,2026-09-11 11:37:49.000,,,,http://5.imimg.com/data5/WA_9696/Default/2026/9/643027049/BV/SM/HC/79859904/image.jpeg
406424829,79859904,7f6b9b71-b845-4030-95e7-ac5258ab8da4,2,WhatsApp,,"{""queryImage"":{""img_src"":""http:\/\/5.imimg.com\/data5\/WA_9696\/Default\/2026\/9\/[phone]\/WW\/DB\/SC\/[phone]\/image.jpeg"",""key"":""img_5347"",""status"":"""",""item_id"":"""",""is_img"":true}}",Photo uploaded but not added as a product as ..,image/jpeg,,,2026-09-11 11:37:50.000,,,,http://5.imimg.com/data5/WA_9696/Default/2026/9/643027054/WW/DB/SC/79859904/image.jpeg
406424834,79859904,7f6b9b71-b845-4030-95e7-ac5258ab8da4,2,WhatsApp,,"{""queryImage"":{""img_src"":""http:\/\/5.imimg.com\/data5\/WA_9696\/Default\/2026\/9\/[phone]\/CD\/GM\/MY\/[phone]\/image.jpeg"",""key"":""img_7214"",""status"":"""",""item_id"":"""",""is_img"":true}}",Photo uploaded but not added as a product as ..,image/jpeg,,,2026-09-11 11:37:50.000,,,,http://5.imimg.com/data5/WA_9696/Default/2026/9/643027055/CD/GM/MY/79859904/image.jpeg
406424856,79859904,7f6b9b71-b845-4030-95e7-ac5258ab8da4,2,WhatsApp,,"{""queryImage"":{""img_src"":""http:\/\/5.imimg.com\/data5\/WA_9696\/Default\/2026\/9\/[phone]\/KO\/FW\/AR\/[phone]\/image.jpeg"",""key"":""img_9748"",""status"":"""",""item_id"":"""",""is_img"":true}}",Photo uploaded but not added as a product as ..,image/jpeg,,,2026-09-11 11:37:51.000,,,,http://5.imimg.com/data5/WA_9696/Default/2026/9/643027063/KO/FW/AR/79859904/image.jpeg
284471273,94579284,8d9df167-c23a-4ab9-92ac-559585f80f3e,,WhatsApp8181,,"Share details for approval.
Delete Requirement
Enter Other Details",Msite_BL_Quantity,clicked,,,2026-04-26 16:25:46.000,,,,
284471286,94579284,8d9df167-c23a-4ab9-92ac-559585f80f3e,,WhatsApp8181,,"Thank you! 

Your requirement for Wood Granular Activated Carbon has been received.",Msite_BL_Quantity,clicked,,,2026-04-26 16:25:47.000,,,,
406665314,131750605,6474037d-5555-4f46-8424-a60d993872e9,,WhatsApp,,"Hi! You just spoke with *Indian Steel Company* 📞
Was the call helpful?",WA_Call_Feedback,nudge,,,2026-09-11 16:33:00.000,,,,
406854351,131750605,6474037d-5555-4f46-8424-a60d993872e9,,WhatsApp,,"Hi! You just spoke with *Maa Anjana Steel* 📞
Was the call helpful?",WA_Call_Feedback,nudge,,,2026-09-11 19:16:07.000,,,,
406858425,131750605,6474037d-5555-4f46-8424-a60d993872e9,,WhatsApp,,"Hi! You just spoke with *BPJ Construction LLP* 📞
Was the call helpful?",WA_Call_Feedback,nudge,,,2026-09-11 19:19:38.000,,,,
406876746,131750605,6474037d-5555-4f46-8424-a60d993872e9,,WhatsApp,,"Hi! You just spoke with *Ferrous Infra Solutions* 📞
Was the call helpful?",WA_Call_Feedback,nudge,,,2026-09-11 19:35:29.000,,,,
407166231,131750605,6474037d-5555-4f46-8424-a60d993872e9,,WhatsApp,,"Hi! *Ruchi Trading Co.* tried to reach you 📞
Did you connect?",WA_Callback_Connect_Q,nudge,,,2026-09-12 01:39:52.000,,,,
364839206,79859904,45145429-b4a6-4ff6-919c-7c19fa061a41,,WhatsApp,"https://m.indiamart.com/pd/[phone]?4899547

Hello *A.K.Industries*,
Need best price for 30 BPM Packaged Drinking Water Machine","Please Enter Prod. Capacity
2400 BPH
3600 BPH
1800 BPH

 More options
1200 BPH
6000 BPH
9000 BPH",Msite_BL_Quantity,pre-filled,,,2026-07-30 15:18:43.000,,,,
364839424,79859904,45145429-b4a6-4ff6-919c-7c19fa061a41,,WhatsApp,2400 BPH,"Please Enter Bottle Size
1 L
500 ml
2 L

 More options
200 ml / 250 ml
330 ml
5 L",Msite_BL_Spec,clicked,,,2026-07-30 15:18:56.000,,,,
364839536,79859904,45145429-b4a6-4ff6-919c-7c19fa061a41,,WhatsApp,1 L,"Please Enter Automation Grade
Fully Automatic
Semi-Automatic
Manual",Msite_BL_Spec,clicked,,,2026-07-30 15:19:03.000,,,,
364839625,79859904,45145429-b4a6-4ff6-919c-7c19fa061a41,,WhatsApp,Fully Automatic,"Please Enter Finance/Loan Requirement
Yes
No",Msite_BL_Spec,clicked,,,2026-07-30 15:19:07.000,,,,
364839756,79859904,45145429-b4a6-4ff6-919c-7c19fa061a41,,WhatsApp,Yes,,Msite_BL_Spec,clicked,,,2026-07-30 15:19:14.000,,,,
364839769,79859904,45145429-b4a6-4ff6-919c-7c19fa061a41,,WhatsApp,Yes,Share photos for your requirements!,Msite_BL,clicked,,,2026-07-30 15:19:15.000,,,,
364844778,79859904,45145429-b4a6-4ff6-919c-7c19fa061a41,,WhatsApp,,Thank you message templated,Msite_BL,clicked,,,2026-07-30 15:24:15.000,,,,
364854187,79859904,45145429-b4a6-4ff6-919c-7c19fa061a41,,WhatsApp,,,Post_Enquiry_Media_Capture,video,,,2026-07-30 15:33:19.000,,,,https://d3jt6ku4g6z5l8.cloudfront.net/video/6665e4ea5aad6a5363342f22/ktmulrvn_4199820946945918
364854203,79859904,45145429-b4a6-4ff6-919c-7c19fa061a41,,WhatsApp,,We currently do not support video messages. Please type your query.,"user tries to upload file other than images, ..",,,,2026-07-30 15:33:20.000,,,,
364905481,79859904,45145429-b4a6-4ff6-919c-7c19fa061a41,,WhatsApp,,Enquiry for 30 BPM Packaged Drinking Water Machine has been sent! Call Now for best price - A.K.Industries,Msite_BL,clicked,,,2026-07-30 16:24:15.000,,,,
407252438,94579284,,,WhatsApp,,"Hi! You just spoke with *Kanakdhara Products* 📞
Was the call helpful?",WA_Call_Feedback,nudge,,,2026-09-12 07:51:47.000,,,,
407257432,94579284,,,WhatsApp,,"Hi! You just spoke with *Bhagwati Food Products* 📞
Was the call helpful?",WA_Call_Feedback,nudge,,,2026-09-12 08:02:40.000,,,,
407263996,94579284,,,WhatsApp,,"Hi! You just spoke with *Reva Impex* 📞
Was the call helpful?",WA_Call_Feedback,nudge,,,2026-09-12 08:16:18.000,,,,
407264761,94579284,,,WhatsApp,,"Hi! You just spoke with *Anant Metal* 📞
Was the call helpful?",WA_Call_Feedback,nudge,,,2026-09-12 08:17:52.000,,,,
407265590,94579284,,,WhatsApp,,"Hi! You just spoke with *F Star Industries* 📞
Was the call helpful?",WA_Call_Feedback,nudge,,,2026-09-12 08:19:31.000,,,,
365091305,79859904,45145429-b4a6-4ff6-919c-7c19fa061a41,,WhatsApp,,How was your chat experience with IndiaMart?,MSITE_CSAT,clicked,,,2026-07-30 19:24:16.000,,,,
282281712,94579284,a60a35d9-2b0e-480b-8f1f-bbfca4fad985,,WhatsApp8181,Yes,"Please Enter Diameter
6 mm
8 mm
16 mm

 More options
10 mm",Msite_BL_Quantity,clicked,,,2026-04-23 19:03:15.000,,,,
282281818,94579284,a60a35d9-2b0e-480b-8f1f-bbfca4fad985,,WhatsApp8181,6 mm,,Msite_BL_Spec,clicked,,,2026-04-23 19:03:23.000,,,,
282281829,94579284,a60a35d9-2b0e-480b-8f1f-bbfca4fad985,,WhatsApp8181,6 mm,How many *Ton*?,Msite_BL,clicked,,,2026-04-23 19:03:24.000,,,,
282281992,94579284,a60a35d9-2b0e-480b-8f1f-bbfca4fad985,,WhatsApp8181,20,"Please Enter Material
Pure Pine Wood
Sawdust
Wood

 More options
Hardwood
Bamboo
Agro-based",Msite_BL_Quantity,clicked,,,2026-04-23 19:03:37.000,,,,
282282090,94579284,a60a35d9-2b0e-480b-8f1f-bbfca4fad985,,WhatsApp8181,Pure Pine Wood,"Please Enter Calorific Value (GCV)
4000 kcal/kg
4200 kcal/kg
3400 kcal/kg

 More options
4500 kcal/kg",Msite_BL_Spec,clicked,,,2026-04-23 19:03:45.000,,,,
282282126,94579284,a60a35d9-2b0e-480b-8f1f-bbfca4fad985,,WhatsApp8181,4500 kcal/kg,,Msite_BL_Spec,clicked,,,2026-04-23 19:03:48.000,,,,
282282135,94579284,a60a35d9-2b0e-480b-8f1f-bbfca4fad985,,WhatsApp8181,4500 kcal/kg,Share photos for your requirements!,Msite_BL,clicked,,,2026-04-23 19:03:49.000,,,,
282282532,94579284,a60a35d9-2b0e-480b-8f1f-bbfca4fad985,,WhatsApp8181,,"{""queryImage"":{""img_src"":""http:\/\/5.imimg.com\/data5\/WA_9696\/Default\/2026\/4\/[phone]\/RR\/IH\/JH\/[phone]\/image.jpeg"",""key"":""img_5444"",""status"":"""",""item_id"":"""",""is_img"":true}}",Photo uploaded but not added as a product as ..,image/jpeg,,,2026-04-23 19:04:23.000,,,,http://5.imimg.com/data5/WA_9696/Default/2026/4/602387460/RR/IH/JH/94579284/image.jpeg
282282543,94579284,a60a35d9-2b0e-480b-8f1f-bbfca4fad985,,WhatsApp8181,,"Thank you! 

Your requirement for Biomass Pellet Pine Wood Dhoraji has been received.",Msite_BL,clicked,,,2026-04-23 19:04:24.000,,,,
282282548,94579284,a60a35d9-2b0e-480b-8f1f-bbfca4fad985,,WhatsApp8181,,"{""queryImage"":{""img_src"":""http:\/\/5.imimg.com\/data5\/WA_9696\/Default\/2026\/4\/[phone]\/VW\/DW\/VD\/[phone]\/image.jpeg"",""key"":""img_932"",""status"":"""",""item_id"":"""",""is_img"":true}}",Photo uploaded but not added as a product as ..,image/jpeg,,,2026-04-23 19:04:25.000,,,,http://5.imimg.com/data5/WA_9696/Default/2026/4/602387464/VW/DW/VD/94579284/image.jpeg
282282553,94579284,a60a35d9-2b0e-480b-8f1f-bbfca4fad985,,WhatsApp8181,,"{""queryImage"":{""img_src"":""http:\/\/5.imimg.com\/data5\/WA_9696\/Default\/2026\/4\/[phone]\/VX\/XS\/JW\/[phone]\/image.jpeg"",""key"":""img_4373"",""status"":"""",""item_id"":"""",""is_img"":true}}",Photo uploaded but not added as a product as ..,image/jpeg,,,2026-04-23 19:04:26.000,,,,http://5.imimg.com/data5/WA_9696/Default/2026/4/602387465/VX/XS/JW/94579284/image.jpeg
324768328,147028331,657f2b5a-15b7-4bb8-b4e1-ba49ce3b85d9,,WhatsApp,"https://m.indiamart.com/pd/2855207000097?7245281

Hello *Bharat Handicraft*,
Need best price for Brass Samai, For Puja","Please Enter Product Type
Aarti Lamp
Akhand Diya
Deepak Stand

 More options
Kerala Style Lamp
Goblet
Pooja Set",Msite_BL_Quantity,pre-filled,,,2026-06-14 14:24:27.000,,,,
324768486,147028331,657f2b5a-15b7-4bb8-b4e1-ba49ce3b85d9,,WhatsApp,Deepak Stand,,Msite_BL_Spec,clicked,,,2026-06-14 14:24:38.000,,,,
324768498,147028331,657f2b5a-15b7-4bb8-b4e1-ba49ce3b85d9,,WhatsApp,Deepak Stand,How many *Piece*?,Msite_BL,clicked,,,2026-06-14 14:24:39.000,,,,
324768914,147028331,657f2b5a-15b7-4bb8-b4e1-ba49ce3b85d9,,WhatsApp,No,,Msite_BL_Quantity,typed,,,2026-06-14 14:25:06.000,,,,
324768918,147028331,657f2b5a-15b7-4bb8-b4e1-ba49ce3b85d9,,WhatsApp,No,Please enter number of *Piece* required. Example: 10 *Piece*.,Msite_BL_Quantity,typed,,,2026-06-14 14:25:06.000,,,,
324769208,147028331,657f2b5a-15b7-4bb8-b4e1-ba49ce3b85d9,,WhatsApp,No,,Msite_BL_Quantity,typed,,,2026-06-14 14:25:27.000,,,,
324769218,147028331,657f2b5a-15b7-4bb8-b4e1-ba49ce3b85d9,,WhatsApp,No,Please enter number of *Piece* required. Example: 10 *Piece*.,Msite_BL_Quantity,typed,,,2026-06-14 14:25:27.000,,,,
324773642,147028331,657f2b5a-15b7-4bb8-b4e1-ba49ce3b85d9,,WhatsApp,,"Your request is waiting, share details to get it approved.",Msite_BL_Quantity,typed,,,2026-06-14 14:30:28.000,,,,
324778233,147028331,657f2b5a-15b7-4bb8-b4e1-ba49ce3b85d9,,WhatsApp,,"Share details for approval.
Delete Requirement
Enter Other Details",Msite_BL_Quantity,typed,,,2026-06-14 14:35:28.000,,,,
324778238,147028331,657f2b5a-15b7-4bb8-b4e1-ba49ce3b85d9,,WhatsApp,,Thank you message templated,Msite_BL_Quantity,typed,,,2026-06-14 14:35:29.000,,,,
324779618,147028331,657f2b5a-15b7-4bb8-b4e1-ba49ce3b85d9,,WhatsApp,Think you,Noted,,typed,,,2026-06-14 14:36:59.000,,1.0,,
324832126,147028331,657f2b5a-15b7-4bb8-b4e1-ba49ce3b85d9,,WhatsApp,,Enquiry for Brass Samai has been sent! Call Now for best price - Bharat Handicraft,Msite_BL_Quantity,typed,,,2026-06-14 15:35:29.000,,,,
409147083,94579284,,,WhatsApp,,"Hi! You just spoke with *The Unique Pet Care* 📞
Was the call helpful?",WA_Call_Feedback,nudge,,,2026-09-13 20:32:23.000,,,,
409147176,94579284,,,WhatsApp,,"Hi! You just spoke with *VG Gruh Udhyog* 📞
Was the call helpful?",WA_Call_Feedback,nudge,,,2026-09-13 20:32:27.000,,,,
409152258,94579284,,,WhatsApp,,"Hi! You just spoke with *Shivam Snacks* 📞
Was the call helpful?",WA_Call_Feedback,nudge,,,2026-09-13 20:37:13.000,,,,
409154720,94579284,,,WhatsApp,,"Hi! You just spoke with *Parmatma Dinanath Gupta* 📞
Was the call helpful?",WA_Call_Feedback,nudge,,,2026-09-13 20:39:21.000,,,,
409156555,94579284,,,WhatsApp,,"Hi! You just spoke with *Kisbis Food Industries* 📞
Was the call helpful?",WA_Call_Feedback,nudge,,,2026-09-13 20:41:01.000,,,,
409160240,94579284,,,WhatsApp,,"Hi! You just spoke with *Ramesh Food Products* 📞
Was the call helpful?",WA_Call_Feedback,nudge,,,2026-09-13 20:44:32.000,,,,
409163762,94579284,,,WhatsApp,,"Hi! You just spoke with *Starlight International* 📞
Was the call helpful?",WA_Call_Feedback,nudge,,,2026-09-13 20:47:47.000,,,,
409167610,94579284,,,WhatsApp,,"Hi! You just spoke with *Riaa Food* 📞
Was the call helpful?",WA_Call_Feedback,nudge,,,2026-09-13 20:51:33.000,,,,
409168879,94579284,,,WhatsApp,,"Hi! You just spoke with *Maa Khodiyar Namkeen And Trading* 📞
Was the call helpful?",WA_Call_Feedback,nudge,,,2026-09-13 20:52:44.000,,,,
409289198,94579284,,,WhatsApp,,"Hi! You just spoke with *Joy Packaging Enterprise* 📞
Was the call helpful?",WA_Call_Feedback,nudge,,,2026-09-13 23:20:15.000,,,,
409371445,94579284,,,WhatsApp,,"Hi! *Ramesh Food Products* tried to reach you 📞
Did you connect?",WA_Callback_Connect_Q,nudge,,,2026-09-14 02:58:24.000,,,,
409378397,94579284,,,WhatsApp,,"Hi! You just spoke with *Cores Poly Print* 📞
Was the call helpful?",WA_Call_Feedback,nudge,,,2026-09-14 03:38:14.000,,,,
409387485,94579284,,,WhatsApp,,"Hi! You just spoke with *Shrushti International* 📞
Was the call helpful?",WA_Call_Feedback,nudge,,,2026-09-14 04:32:38.000,,,,
327204350,43232668,704de139-c949-46ec-828b-e7b55423acab,,WhatsApp8181,YES,"Please Enter Packaging Type
Bottle
Box
Jar",Msite_BL_Quantity,clicked,,,2026-06-17 10:11:10.000,,,,
327205040,43232668,704de139-c949-46ec-828b-e7b55423acab,,WhatsApp8181,Bottle,,Msite_BL_Spec,clicked,,,2026-06-17 10:11:43.000,,,,
327205059,43232668,704de139-c949-46ec-828b-e7b55423acab,,WhatsApp8181,Bottle,How many *Bottle*?,Msite_BL,clicked,,,2026-06-17 10:11:44.000,,,,
327205465,43232668,704de139-c949-46ec-828b-e7b55423acab,,WhatsApp8181,5000,"Please Enter Packaging Size
30 Tablets
60 Tablets
100 Tablets

 More options
500 Tablets",Msite_BL_Quantity,clicked,,,2026-06-17 10:12:02.000,,,,
327205907,43232668,704de139-c949-46ec-828b-e7b55423acab,,WhatsApp8181,30 Tablets,"Please Enter MRP
160 INR
150 INR
200 INR

 More options
250 INR",Msite_BL_Spec,clicked,,,2026-06-17 10:12:20.000,,,,
327206925,43232668,704de139-c949-46ec-828b-e7b55423acab,,WhatsApp8181,160 INR,,Msite_BL_Spec,clicked,,,2026-06-17 10:13:07.000,,,,
327206945,43232668,704de139-c949-46ec-828b-e7b55423acab,,WhatsApp8181,160 INR,Share photos for your requirements!,Msite_BL,clicked,,,2026-06-17 10:13:08.000,,,,
327213860,43232668,704de139-c949-46ec-828b-e7b55423acab,,WhatsApp8181,,"Share details for approval.
Delete Requirement
Enter Other Details",Msite_BL,clicked,,,2026-06-17 10:18:09.000,,,,
327213875,43232668,704de139-c949-46ec-828b-e7b55423acab,,WhatsApp8181,,Thank you message call cta,Msite_BL,clicked,,,2026-06-17 10:18:10.000,,,,
327412822,29384871,cb9ce412-c02f-41e4-8d34-91044b6c0e63,,WhatsApp8181,Yes,"Please Enter Width
1 m
1.5 m
5 ft

 More options
3 ft
40 inch
1.2 m",Msite_BL_Quantity,clicked,,,2026-06-17 12:56:31.000,,,,
327418377,29384871,cb9ce412-c02f-41e4-8d34-91044b6c0e63,,WhatsApp8181,,How many *Roll*?,Msite_BL_Quantity,clicked,,,2026-06-17 13:01:32.000,,,,
327424266,29384871,cb9ce412-c02f-41e4-8d34-91044b6c0e63,,WhatsApp8181,,"Share details for approval.
Delete Requirement
Enter Other Details",Msite_BL_Quantity,clicked,,,2026-06-17 13:06:33.000,,,,
327424281,29384871,cb9ce412-c02f-41e4-8d34-91044b6c0e63,,WhatsApp8181,,Thank you message call cta,Msite_BL_Quantity,clicked,,,2026-06-17 13:06:34.000,,,,
413026363,131750605,8f0b34ef-9f73-4367-ad66-402a2e7b1fa8,,WhatsApp,"https://m.indiamart.com/pd/2858001600397?7545747

Hello *PMT Motors*,
Need best price for White PMT Motors Electric Scooty, Lithium-ion, 100 km","Please Enter Vehicle Type
Electric Loader
Electric Scooter",Msite_BL_Quantity,pre-filled,,,2026-09-17 12:15:54.000,,,,
413032721,131750605,8f0b34ef-9f73-4367-ad66-402a2e7b1fa8,,WhatsApp,,"Enter Vehicle Type to get best quotation
Electric Loader
Electric Scooter",Msite_BL_Quantity,pre-filled,,,2026-09-17 12:20:55.000,,,,
413039339,131750605,8f0b34ef-9f73-4367-ad66-402a2e7b1fa8,,WhatsApp,,"Share details for approval.
Delete Requirement
Enter Other Details",Msite_BL_Quantity,pre-filled,,,2026-09-17 12:25:56.000,,,,
413039342,131750605,8f0b34ef-9f73-4367-ad66-402a2e7b1fa8,,WhatsApp,,Thank you message templated,Msite_BL_Quantity,pre-filled,,,2026-09-17 12:25:56.000,,,,
413118645,131750605,8f0b34ef-9f73-4367-ad66-402a2e7b1fa8,,WhatsApp,,Enquiry for White PMT Motors Electric Scooty has been sent! Call Now for best price - PMT Motors,Msite_BL_Quantity,pre-filled,,,2026-09-17 13:25:56.000,,,,
416029244,131750605,,,WhatsApp,,"Hi! You just spoke with *Ajay Motors Private Limited* 📞
Was the call helpful?",WA_Call_Feedback,nudge,,,2026-09-20 01:08:22.000,,,,
416032163,131750605,,,WhatsApp,,"Hi! *Ajay Motors Private Limited* tried to reach you 📞
Did you connect?",WA_Callback_Connect_Q,nudge,,,2026-09-20 01:16:00.000,,,,
423195782,131750605,,,WhatsApp,,"Hi! *Kaushik Enterprises* tried to reach you 📞
Did you connect?",WA_Callback_Connect_Q,nudge,,,2026-09-24 16:19:51.000,,,,
369608612,43232668,597639b2-4828-48d3-85ee-c3f014f35a5d,,WhatsApp8181,YES,"Please Enter Form
Capsule
Tablet
Oil

 More options
Powder
Gel",Msite_BL_Quantity,clicked,,,2026-08-04 16:12:07.000,,,,
369608864,43232668,597639b2-4828-48d3-85ee-c3f014f35a5d,,WhatsApp8181,Oil,,Msite_BL_Spec,clicked,,,2026-08-04 16:12:20.000,,,,
369608881,43232668,597639b2-4828-48d3-85ee-c3f014f35a5d,,WhatsApp8181,Oil,How many *Box*?,Msite_BL,clicked,,,2026-08-04 16:12:21.000,,,,
369609131,43232668,597639b2-4828-48d3-85ee-c3f014f35a5d,,WhatsApp8181,1000,"Please Enter Packaging Size
60 Capsules
30 Capsules
10 Capsules

 More options
100 Capsules",Msite_BL_Quantity,clicked,,,2026-08-04 16:12:33.000,,,,
369609363,43232668,597639b2-4828-48d3-85ee-c3f014f35a5d,,WhatsApp8181,30 Capsules,"Please Enter Medicine Type
Ayurvedic
Herbal
Unani

 More options
Homeopathic",Msite_BL_Spec,clicked,,,2026-08-04 16:12:48.000,,,,
369609440,43232668,597639b2-4828-48d3-85ee-c3f014f35a5d,,WhatsApp8181,Homeopathic,,Msite_BL_Spec,clicked,,,2026-08-04 16:12:54.000,,,,
369609455,43232668,597639b2-4828-48d3-85ee-c3f014f35a5d,,WhatsApp8181,Homeopathic,Share photos for your requirements!,Msite_BL,clicked,,,2026-08-04 16:12:55.000,,,,
369609770,43232668,597639b2-4828-48d3-85ee-c3f014f35a5d,,WhatsApp8181,,"{""queryImage"":{""img_src"":""http:\/\/5.imimg.com\/data5\/WA_9696\/Default\/2026\/8\/[phone]\/TY\/UG\/MR\/[phone]\/image.jpeg"",""key"":""img_2102"",""status"":"""",""item_id"":"""",""is_img"":true}}",Photo uploaded but not added as a product as ..,image/jpeg,,,2026-08-04 16:13:13.000,,,,http://5.imimg.com/data5/WA_9696/Default/2026/8/631893138/TY/UG/MR/43232668/image.jpeg
369609784,43232668,597639b2-4828-48d3-85ee-c3f014f35a5d,,WhatsApp8181,,"Thank you! 

Your requirement for MH51 Herbal Sexual Wellness Supplement has been received.",Msite_BL,clicked,,,2026-08-04 16:13:14.000,,,,
422931746,131750605,,,WhatsApp,,ON_CALL_ASTBUY_DATA feedback template sent to Umesh,WA_OnCall_Astbuy_Feedback_Template,nudge,,,2026-09-24 12:44:07.000,,,,
423808083,79859904,8a64b139-0a88-4c7a-95bd-d53eded3b82f,2,WhatsApp,"https://m.indiamart.com/pd/[phone]?4953983

Need best price for Hex Nut Bolt
in Noida","Please Enter Diameter
16 mm
12 mm
5/8 inch (5 Soot)

 More options
10 mm
8 mm
6 mm",Msite_BL|Free_FLOW,pre-filled,,,2026-09-25 08:26:03.000,,,,
423808239,79859904,8a64b139-0a88-4c7a-95bd-d53eded3b82f,2,WhatsApp,30 mm,,Msite_BL_Spec,typed,,,2026-09-25 08:26:25.000,,,,
423808242,79859904,8a64b139-0a88-4c7a-95bd-d53eded3b82f,2,WhatsApp,30 mm,How many *Kg*?,Msite_BL,typed,,,2026-09-25 08:26:26.000,,,,
423808321,79859904,8a64b139-0a88-4c7a-95bd-d53eded3b82f,2,WhatsApp,200,"Please Enter Length
50 mm (2 inch)
40 mm
75 mm (3 inch)

 More options
100 mm (4 inch)
25 mm (1 inch)
30 mm",Msite_BL_Quantity,typed,,,2026-09-25 08:26:38.000,,,,
423808392,79859904,8a64b139-0a88-4c7a-95bd-d53eded3b82f,2,WhatsApp,400 mm,"Please Enter Thread Type
Half Thread
Full Thread",Msite_BL_Spec,typed,,,2026-09-25 08:26:49.000,,,,
423808415,79859904,8a64b139-0a88-4c7a-95bd-d53eded3b82f,2,WhatsApp,Half Thread,,Msite_BL_Spec,clicked,,,2026-09-25 08:26:54.000,,,,
423808418,79859904,8a64b139-0a88-4c7a-95bd-d53eded3b82f,2,WhatsApp,Half Thread,Share photos for your requirements!,Msite_BL,clicked,,,2026-09-25 08:26:55.000,,,,
423808690,79859904,8a64b139-0a88-4c7a-95bd-d53eded3b82f,2,WhatsApp,,"{""queryImage"":{""img_src"":""http:\/\/5.imimg.com\/data5\/WA_9696\/Default\/2026\/9\/[phone]\/GQ\/PV\/YC\/[phone]\/image.jpeg"",""key"":""img_4580"",""status"":"""",""item_id"":"""",""is_img"":true}}",Photo uploaded but not added as a product as ..,image/jpeg,,,2026-09-25 08:27:33.000,,,,http://5.imimg.com/data5/WA_9696/Default/2026/9/647305189/GQ/PV/YC/79859904/image.jpeg
423808694,79859904,8a64b139-0a88-4c7a-95bd-d53eded3b82f,2,WhatsApp,,Thank you message templated,Msite_BL,clicked,,,2026-09-25 08:27:33.000,,,,
423808698,79859904,8a64b139-0a88-4c7a-95bd-d53eded3b82f,2,WhatsApp,,"{""queryImage"":{""img_src"":""http:\/\/5.imimg.com\/data5\/WA_9696\/Default\/2026\/9\/[phone]\/WM\/AW\/JT\/[phone]\/image.jpeg"",""key"":""img_450"",""status"":"""",""item_id"":"""",""is_img"":true}}",Photo uploaded but not added as a product as ..,image/jpeg,,,2026-09-25 08:27:34.000,,,,http://5.imimg.com/data5/WA_9696/Default/2026/9/647305190/WM/AW/JT/79859904/image.jpeg
424079696,79859904,8a64b139-0a88-4c7a-95bd-d53eded3b82f,,WhatsApp,,How was your chat experience with IndiaMart?,MSITE_CSAT,clicked,,,2026-09-25 12:27:34.000,,,,
423850830,79859904,8a64b139-0a88-4c7a-95bd-d53eded3b82f,,WhatsApp,,Enquiry for Hex Nut Bolt has been sent! Call Now for best price - Alloy Products of India,Msite_BL,clicked,,,2026-09-25 09:27:33.000,,,,
425225539,94579284,,,WhatsApp,,"Hi! You just spoke with *Focus Traders* 📞
Was the call helpful?",WA_Call_Feedback,nudge,,,2026-09-26 13:10:54.000,,,,
425894212,94579284,,,WhatsApp,,"Hi! You just spoke with *Bhagvathy International* 📞
Was the call helpful?",WA_Call_Feedback,nudge,,,2026-09-26 23:37:56.000,,,,
425897899,94579284,,,WhatsApp,,"Hi! *Bhagvathy International* tried to reach you 📞
Did you connect?",WA_Callback_Connect_Q,nudge,,,2026-09-26 23:44:09.000,,,,
425898414,94579284,,,WhatsApp,,"Hi! You just spoke with *Pakavo Foods & Beverages LLP* 📞
Was the call helpful?",WA_Call_Feedback,nudge,,,2026-09-26 23:45:00.000,,,,
425902727,94579284,,,WhatsApp,,"Hi! You just spoke with *Farmvilla Food Industries Private Limited* 📞
Was the call helpful?",WA_Call_Feedback,nudge,,,2026-09-26 23:52:06.000,,,,
425915476,94579284,,,WhatsApp,,"Hi! You just spoke with *Anubhog Foods LLP* 📞
Was the call helpful?",WA_Call_Feedback,nudge,,,2026-09-27 00:15:23.000,,,,
425922278,94579284,,,WhatsApp,,"Hi! You just spoke with *Kanta Navso Foods* 📞
Was the call helpful?",WA_Call_Feedback,nudge,,,2026-09-27 00:29:08.000,,,,
425931078,94579284,,,WhatsApp,,"Hi! You just spoke with *Babubhai Baijnath Patel* 📞
Was the call helpful?",WA_Call_Feedback,nudge,,,2026-09-27 00:49:12.000,,,,
425937920,94579284,,,WhatsApp,,"Hi! You just spoke with *Rajdeep Sing- Chana Center* 📞
Was the call helpful?",WA_Call_Feedback,nudge,,,2026-09-27 01:06:30.000,,,,
426585420,94579284,,,WhatsApp,,"Hi! You just spoke with *Prime Engineering* 📞
Was the call helpful?",WA_Call_Feedback,nudge,,,2026-09-27 17:07:25.000,,,,
426587010,94579284,3625b959-bc12-4452-8b44-5a26a867017a,,WhatsApp,"https://m.indiamart.com/detail/2853280686355?9124232

Need best price for Stainless Steel Wood Pellet Burner
in Ahmedabad","Please Enter Thermal Capacity
100000 kcal/hr
200000 kcal/hr
150000 kcal/hr

 More options
300000 kcal/hr
400000 kcal/hr
800000 kcal/hr",Msite_BL|Free_FLOW,pre-filled,,,2026-09-27 17:09:02.000,,,,
426591234,94579284,3625b959-bc12-4452-8b44-5a26a867017a,,WhatsApp,,"Hi! You just spoke with *Dev Industries* 📞
Was the call helpful?",WA_Call_Feedback,nudge,,,2026-09-27 17:13:07.000,,,,
426592128,94579284,3625b959-bc12-4452-8b44-5a26a867017a,,WhatsApp,,"Hi! *Dev Industries* tried to reach you 📞
Did you connect?",WA_Callback_Connect_Q,nudge,,,2026-09-27 17:13:54.000,,,,
426592292,94579284,3625b959-bc12-4452-8b44-5a26a867017a,,WhatsApp,,"Enter Thermal Capacity to get best quotation
100000 kcal/hr
200000 kcal/hr
150000 kcal/hr

 More options
300000 kcal/hr
400000 kcal/hr
800000 kcal/hr",Msite_BL_Quantity,pre-filled,,,2026-09-27 17:14:04.000,,,,
426594318,94579284,3625b959-bc12-4452-8b44-5a26a867017a,,WhatsApp,,"Hi! You just spoke with *Burner India* 📞
Was the call helpful?",WA_Call_Feedback,nudge,,,2026-09-27 17:16:11.000,,,,
428668386,94579284,,,WhatsApp,,"Hi! You just spoke with *K.A. Songadhwala* 📞
Was the call helpful?",WA_Call_Feedback,nudge,,,2026-09-29 13:46:58.000,,,,
291881364,49939718,788459cc-35f9-4ed3-baa3-d249b6b4400f,,WhatsApp8181,YES,"Please Enter Material Type
Mild Steel (MS)
Stainless Steel
Wrought Iron

 More options
Galvanized Iron
Aluminum",Msite_BL_Quantity,clicked,,,2026-05-05 20:58:14.000,,,,
291885289,49939718,788459cc-35f9-4ed3-baa3-d249b6b4400f,,WhatsApp8181,,"Enter Material Type to get best quotation
Mild Steel (MS)
Stainless Steel
Wrought Iron

 More options
Galvanized Iron
Aluminum",Msite_BL_Quantity,clicked,,,2026-05-05 21:03:16.000,,,,
291885938,49939718,788459cc-35f9-4ed3-baa3-d249b6b4400f,,WhatsApp8181,Mild Steel (MS),"Please Enter Furniture Type
Racks & Shelving
Desks & Benches
Cabinets & Lockers

 More options
Gates & Grills
Trolleys & Carts
Custom Frameworks",Msite_BL_Spec,clicked,,,2026-05-05 21:04:11.000,,,,
291886052,49939718,788459cc-35f9-4ed3-baa3-d249b6b4400f,,WhatsApp8181,Gates & Grills,"Please Enter Finish Type
Powder Coating
Enamel Paint
Galvanized

 More options
Chrome Plated
Unfinished/Raw",Msite_BL_Spec,clicked,,,2026-05-05 21:04:21.000,,,,
291886289,49939718,788459cc-35f9-4ed3-baa3-d249b6b4400f,,WhatsApp8181,Enamel Paint,,Msite_BL_Spec,clicked,,,2026-05-05 21:04:41.000,,,,
291886294,49939718,788459cc-35f9-4ed3-baa3-d249b6b4400f,,WhatsApp8181,Enamel Paint,Share photos for your requirements!,Msite_BL,clicked,,,2026-05-05 21:04:42.000,,,,
291889912,49939718,788459cc-35f9-4ed3-baa3-d249b6b4400f,,WhatsApp8181,,"Share details for approval.
Delete Requirement
Enter Other Details",Msite_BL,clicked,,,2026-05-05 21:09:43.000,,,,
291889930,49939718,788459cc-35f9-4ed3-baa3-d249b6b4400f,,WhatsApp8181,,"Thank you! 

Your requirement for Steel Furniture Fabrication Service has been received.",Msite_BL,clicked,,,2026-05-05 21:09:44.000,,,,
428634673,94579284,,,WhatsApp,,"Hi! You just spoke with *Cilantro Food Products Private Limited* 📞
Was the call helpful?",WA_Call_Feedback,nudge,,,2026-09-29 13:21:39.000,,,,
428647722,94579284,,,WhatsApp,,"Hi! You just spoke with *Pratap Corporation* 📞
Was the call helpful?",WA_Call_Feedback,nudge,,,2026-09-29 13:31:10.000,,,,
429337032,94579284,,,WhatsApp,,"Hi! You just spoke with *Urmin Products Pvt. Ltd.* 📞
Was the call helpful?",WA_Call_Feedback,nudge,,,2026-09-29 23:51:56.000,,,,
428652460,94579284,,,WhatsApp,,"Hi! You just spoke with *Shree Ram Metals And Engineering* 📞
Was the call helpful?",WA_Call_Feedback,nudge,,,2026-09-29 13:34:38.000,,,,
428664152,94579284,,,WhatsApp,,"Hi! You just spoke with *Thavij Prime* 📞
Was the call helpful?",WA_Call_Feedback,nudge,,,2026-09-29 13:43:32.000,,,,
428664257,94579284,,,WhatsApp,,"Hi! You just spoke with *Kwality Alloys* 📞
Was the call helpful?",WA_Call_Feedback,nudge,,,2026-09-29 13:43:37.000,,,,
377126154,79859904,05b19ce2-0943-489a-ab6a-599715a402eb,,WhatsApp8181,YES,How many *Piece*?,Msite_BL,clicked,,,2026-08-12 10:26:25.000,,,,
377126378,79859904,05b19ce2-0943-489a-ab6a-599715a402eb,,WhatsApp8181,50,,Msite_BL_Quantity,typed,,,2026-08-12 10:26:37.000,,,,
377126396,79859904,05b19ce2-0943-489a-ab6a-599715a402eb,,WhatsApp8181,50,Share photos for your requirements!,Msite_BL,typed,,,2026-08-12 10:26:38.000,,,,
377127621,79859904,05b19ce2-0943-489a-ab6a-599715a402eb,,WhatsApp8181,Joint bolt,"{""queryImage"":{""img_src"":""http:\/\/5.imimg.com\/data5\/WA_9696\/Default\/2026\/8\/[phone]\/HX\/KY\/NO\/[phone]\/joint-bolt.jpeg"",""key"":""img_5989"",""status"":"""",""item_id"":"""",""is_img"":true}}",Photo uploaded but not added as a product as ..,image/jpeg,,,2026-08-12 10:27:52.000,,,,http://5.imimg.com/data5/WA_9696/Default/2026/8/634404791/HX/KY/NO/79859904/joint-bolt.jpeg
377127637,79859904,05b19ce2-0943-489a-ab6a-599715a402eb,,WhatsApp8181,Joint bolt,"Thank you! 

Your requirement for Tower Crane Mast Nut Bolt has been received.",Msite_BL,clicked,,,2026-08-12 10:27:53.000,,,,
377196204,79859904,,,WhatsApp8181,,Enquiry for Tower Crane Mast Nut Bolt has been sent! Call Now for best price - JSR Engineering Solution,no_call_nudge_ccs_seller,,,,2026-08-12 11:28:06.000,,,,
392698326,79859904,362dab94-a9d3-417f-a686-49398c02ee30,,WhatsApp,"https://m.indiamart.com/pd/[phone]?6127578

Hello *Impex Electricals*,
Need best price for 24PIN 440V PLUG AND SOCKET","Please Enter Number of Pins
4
6
10

 More options
16
24
32",Msite_BL_Quantity,pre-filled,,,2026-08-29 12:18:56.000,,,,
392698432,79859904,362dab94-a9d3-417f-a686-49398c02ee30,,WhatsApp,24,,Msite_BL_Spec,clicked,,,2026-08-29 12:19:01.000,,,,
392698448,79859904,362dab94-a9d3-417f-a686-49398c02ee30,,WhatsApp,24,How many *Piece*?,Msite_BL,clicked,,,2026-08-29 12:19:02.000,,,,
392698605,79859904,362dab94-a9d3-417f-a686-49398c02ee30,,WhatsApp,5,,Msite_BL_Quantity,typed,,,2026-08-29 12:19:09.000,,,,
392698627,79859904,362dab94-a9d3-417f-a686-49398c02ee30,,WhatsApp,5,Please confirm your home location.,Msite_BL,typed,,,2026-08-29 12:19:10.000,,,,
392698766,79859904,362dab94-a9d3-417f-a686-49398c02ee30,,WhatsApp,Noida,Share photos for your requirements!,Msite_BL,clicked,,,2026-08-29 12:19:17.000,,,,
392699133,79859904,362dab94-a9d3-417f-a686-49398c02ee30,,WhatsApp,,"{""queryImage"":{""img_src"":""http:\/\/5.imimg.com\/data5\/WA_9696\/Default\/2026\/8\/[phone]\/GM\/AK\/KY\/[phone]\/image.jpeg"",""key"":""img_8651"",""status"":"""",""item_id"":"""",""is_img"":true}}",Photo uploaded but not added as a product as ..,image/jpeg,,,2026-08-29 12:19:36.000,,,,http://5.imimg.com/data5/WA_9696/Default/2026/8/639298167/GM/AK/KY/79859904/image.jpeg
392699135,79859904,362dab94-a9d3-417f-a686-49398c02ee30,,WhatsApp,,Thank you message templated,Msite_BL,clicked,,,2026-08-29 12:19:36.000,,,,
393260313,108096179,8a0cc03d-f281-4212-afca-341a16590b20,,WhatsApp,"https://m.indiamart.com/pd/[phone]?3501286

Need best price for Shutter Fitting
in Fatwa","Please Enter Material
Iron
Mild Steel
Stainless Steel",Msite_BL_Quantity,pre-filled,,,2026-08-29 22:42:05.000,,,,
393260406,108096179,8a0cc03d-f281-4212-afca-341a16590b20,,WhatsApp,Iron,,Msite_BL_Spec,clicked,,,2026-08-29 22:42:13.000,,,,
393260422,108096179,8a0cc03d-f281-4212-afca-341a16590b20,,WhatsApp,Iron,How many *Kg*?,Msite_BL,clicked,,,2026-08-29 22:42:14.000,,,,
393260493,108096179,8a0cc03d-f281-4212-afca-341a16590b20,,WhatsApp,Mild Steel,Noted! Please enter quantity,Msite_BL_Quantity,clicked,,,2026-08-29 22:42:22.000,,,,
392705154,79859904,362dab94-a9d3-417f-a686-49398c02ee30,,WhatsApp,,"Hi! *Anya Electricals* tried to reach you 📞
Did you connect?",WA_Callback_Connect_Q,nudge,,,2026-08-29 12:25:18.000,,,,
392710662,79859904,362dab94-a9d3-417f-a686-49398c02ee30,,WhatsApp,"Yes, we spoke","Great! How was your call with *Anya Electricals*?

Was the call helpful?",callback_feedback_step2,clicked,,,2026-08-29 12:30:23.000,,,,
392717080,79859904,362dab94-a9d3-417f-a686-49398c02ee30,,WhatsApp,Ok,,,typed,,,2026-08-29 12:36:09.000,,,,
392719328,79859904,362dab94-a9d3-417f-a686-49398c02ee30,,WhatsApp,Required full fied,Requirement is active. Sellers will connect,Buy_Product,typed,,,2026-08-29 12:38:04.000,,0.574,,
392763354,79859904,362dab94-a9d3-417f-a686-49398c02ee30,,WhatsApp,,"Hi! Did you connect with *Impex Electricals*?
📞 Call now for best price & quick response

👉 [phone]
✅ GST & TrustSeal Verified 

🛡️ ₹5L Payment Protection

🔗 https://m.indiamart.com/payment-protection?wa",Msite_BL,clicked,,,2026-08-29 13:19:37.000,,,,
393607936,79859904,4efd648f-3f9c-440a-aafb-41d098cab7ad,,WhatsApp,"https://m.indiamart.com/pd/2856453682730?4337968

Need best price for Semi-automatic Bar Bending Machine Spare Parts
in Ghaziabad","Please Enter Type of Requirement
Monthly Repeat Order
Sample Requirement",Msite_BL_Quantity,pre-filled,,,2026-08-30 12:49:08.000,,,,
393608079,79859904,4efd648f-3f9c-440a-aafb-41d098cab7ad,,WhatsApp,Monthly Repeat Order,,Msite_BL_Spec,clicked,,,2026-08-30 12:49:16.000,,,,
393608090,79859904,4efd648f-3f9c-440a-aafb-41d098cab7ad,,WhatsApp,Monthly Repeat Order,How many *Piece*?,Msite_BL,clicked,,,2026-08-30 12:49:17.000,,,,
393608314,79859904,4efd648f-3f9c-440a-aafb-41d098cab7ad,,WhatsApp,2,,Msite_BL_Quantity,clicked,,,2026-08-30 12:49:30.000,,,,
393608340,79859904,4efd648f-3f9c-440a-aafb-41d098cab7ad,,WhatsApp,2 Kg,Share photos for your requirements!,Msite_BL,clicked,,,2026-08-30 12:49:31.000,,,,
393609590,79859904,4efd648f-3f9c-440a-aafb-41d098cab7ad,,WhatsApp,,"{""queryImage"":{""img_src"":""http:\/\/5.imimg.com\/data5\/WA_9696\/Default\/2026\/8\/[phone]\/TQ\/VT\/DL\/[phone]\/image.jpeg"",""key"":""img_84"",""status"":"""",""item_id"":"""",""is_img"":true}}",Photo uploaded but not added as a product as ..,image/jpeg,,,2026-08-30 12:50:45.000,,,,http://5.imimg.com/data5/WA_9696/Default/2026/8/639577255/TQ/VT/DL/79859904/image.jpeg
393609593,79859904,4efd648f-3f9c-440a-aafb-41d098cab7ad,,WhatsApp,,Thank you message templated,Msite_BL,clicked,,,2026-08-30 12:50:45.000,,,,
393617487,79859904,4efd648f-3f9c-440a-aafb-41d098cab7ad,,WhatsApp,"https://m.indiamart.com/pd/2852769271488?4877035

Hello *Om-E-Tech Engineering*,
Need best price for Tower Crane Mast Section",How many *Piece*?,Msite_BL,pre-filled,,,2026-08-30 12:58:05.000,,,,
393617708,79859904,4efd648f-3f9c-440a-aafb-41d098cab7ad,,WhatsApp,2,,Msite_BL_Quantity,clicked,,,2026-08-30 12:58:17.000,,,,
393617740,79859904,4efd648f-3f9c-440a-aafb-41d098cab7ad,,WhatsApp,2 Piece,Share photos for your requirements!,Msite_BL,clicked,,,2026-08-30 12:58:19.000,,,,
393618168,79859904,4efd648f-3f9c-440a-aafb-41d098cab7ad,,WhatsApp,,"{""queryImage"":{""img_src"":""http:\/\/5.imimg.com\/data5\/WA_9696\/Default\/2026\/8\/[phone]\/UO\/YN\/MF\/[phone]\/image.jpeg"",""key"":""img_4179"",""status"":"""",""item_id"":"""",""is_img"":true}}",Photo uploaded but not added as a product as ..,image/jpeg,,,2026-08-30 12:58:43.000,,,,http://5.imimg.com/data5/WA_9696/Default/2026/8/639579872/UO/YN/MF/79859904/image.jpeg
393618174,79859904,4efd648f-3f9c-440a-aafb-41d098cab7ad,,WhatsApp,,Thank you message templated,Msite_BL,clicked,,,2026-08-30 12:58:43.000,,,,
392938076,79859904,362dab94-a9d3-417f-a686-49398c02ee30,,WhatsApp,,How was your chat experience with IndiaMart?,MSITE_CSAT,clicked,,,2026-08-29 16:19:37.000,,,,
392938430,79859904,84707188-f668-4a88-b9b4-5550467bbfdc,,WhatsApp,Good,Thank you for the feedback!,MSITE_CSAT_Good,clicked,,,2026-08-29 16:20:06.000,,,,
393668329,79859904,4efd648f-3f9c-440a-aafb-41d098cab7ad,,WhatsApp,,Enquiry for Tower Crane Mast Section has been sent! Call Now for best price - Om-E-Tech Engineering,Msite_BL,clicked,,,2026-08-30 13:50:46.000,,,,
392630864,131750605,,,WhatsApp,,"Hi! *Krishna Spun Pipe Works* tried to reach you 📞
Did you connect?",WA_Callback_Connect_Q,nudge,,,2026-08-29 11:15:10.000,,,,
338603927,79859904,e64bb39e-1c97-4432-a067-028ed249102a,,WhatsApp,"https://m.indiamart.com/pd/[phone]?5701219

Hello *Lokpal Industries*,
Need best price for Stainless Steel Material Handling Trolley","Please Enter Load Capacity
500 kg
1 Ton
300 kg

 More options
200 kg
250 kg
2 Ton",Msite_BL_Quantity,pre-filled,,,2026-06-30 13:18:29.000,,,,
338605543,79859904,e64bb39e-1c97-4432-a067-028ed249102a,,WhatsApp,200 kg,,Msite_BL_Spec,clicked,,,2026-06-30 13:20:13.000,,,,
338605560,79859904,e64bb39e-1c97-4432-a067-028ed249102a,,WhatsApp,200 kg,How many *Piece*?,Msite_BL,clicked,,,2026-06-30 13:20:14.000,,,,
338605738,79859904,e64bb39e-1c97-4432-a067-028ed249102a,,WhatsApp,20,"Please Enter Material
Mild Steel (MS)
Stainless Steel
Plastic

 More options
SS 304",Msite_BL_Quantity,typed,,,2026-06-30 13:20:25.000,,,,
338608071,79859904,e64bb39e-1c97-4432-a067-028ed249102a,,WhatsApp,Mild Steel (MS),"Please Enter Number of Wheels
4 Wheels
2 Wheels
1 Wheel",Msite_BL_Spec,clicked,,,2026-06-30 13:22:59.000,,,,
338608290,79859904,e64bb39e-1c97-4432-a067-028ed249102a,,WhatsApp,1 Wheel,,Msite_BL_Spec,clicked,,,2026-06-30 13:23:14.000,,,,
338608306,79859904,e64bb39e-1c97-4432-a067-028ed249102a,,WhatsApp,1 Wheel,Share photos for your requirements!,Msite_BL,clicked,,,2026-06-30 13:23:15.000,,,,
338608592,79859904,e64bb39e-1c97-4432-a067-028ed249102a,,WhatsApp,,"{""queryImage"":{""img_src"":""http:\/\/5.imimg.com\/data5\/WA_9696\/Default\/2026\/6\/[phone]\/NU\/IY\/GT\/[phone]\/image.jpeg"",""key"":""img_9452"",""status"":"""",""item_id"":"""",""is_img"":true}}",Photo uploaded but not added as a product as ..,image/jpeg,,,2026-06-30 13:23:31.000,,,,http://5.imimg.com/data5/WA_9696/Default/2026/6/620995848/NU/IY/GT/79859904/image.jpeg
338608595,79859904,e64bb39e-1c97-4432-a067-028ed249102a,,WhatsApp,,Thank you message templated,Msite_BL,clicked,,,2026-06-30 13:23:31.000,,,,
338611497,79859904,e64bb39e-1c97-4432-a067-028ed249102a,,WhatsApp,,"Hi! You just spoke with *Lokpal Industries* 📞
Was the call helpful?",WA_Call_Feedback,nudge,,,2026-06-30 13:26:28.000,,,,
392032807,180758079,ae217b19-640e-495f-8f92-29857f10cf95,,WhatsApp,"https://m.indiamart.com/pd/[phone]?6452689

Need best price for Torque Wrench","Please Enter Torque Range
40-200 Nm
20-100 Nm
50-220 Nm

 More options
70-340 Nm
10-100 Nm
100-1000 Nm",Msite_BL_Quantity,pre-filled,,,2026-08-28 14:11:00.000,,,,
392032836,180758079,ae217b19-640e-495f-8f92-29857f10cf95,,WhatsApp,Hi,,Msite_BL_Spec,typed,,,2026-08-28 14:11:03.000,,,,
392032845,180758079,ae217b19-640e-495f-8f92-29857f10cf95,,WhatsApp,Hi,How many *piece*?,Msite_BL,typed,,,2026-08-28 14:11:04.000,,,,
392032905,180758079,ae217b19-640e-495f-8f92-29857f10cf95,,WhatsApp,100-1000 Nm,Noted! Please enter quantity,Msite_BL_Quantity,clicked,,,2026-08-28 14:11:08.000,,,,
392049727,180758079,ae217b19-640e-495f-8f92-29857f10cf95,,WhatsApp,,"Hi! *Engenius Machineries And Services Private Limited* tried to reach you 📞
Did you connect?",WA_Callback_Connect_Q,nudge,,,2026-08-28 14:32:24.000,,,,
392584043,180758079,ae217b19-640e-495f-8f92-29857f10cf95,,WhatsApp,,"Hi! *Engenius Machineries And Services Private Limited* tried to reach you 📞
Did you connect?",WA_Callback_Connect_Q,nudge,,,2026-08-29 10:27:06.000,,,,
391051066,131750605,,,WhatsApp,,"Hi! *Jai Maa Kaali Enterprises* tried to reach you 📞
Did you connect?",WA_Callback_Connect_Q,nudge,,,2026-08-27 11:02:12.000,,,,
392241391,131750605,,,WhatsApp,,"Hi! *Paviter Metals Private Limited* tried to reach you 📞
Did you connect?",WA_Callback_Connect_Q,nudge,,,2026-08-28 18:53:11.000,,,,
338828897,79859904,e64bb39e-1c97-4432-a067-028ed249102a,,WhatsApp,,How was your chat experience with IndiaMart?,MSITE_CSAT,clicked,,,2026-06-30 17:23:32.000,,,,
362758540,108096179,4684a120-3fcd-48fa-8440-af32beaaf13e,,WhatsApp,"https://m.indiamart.com/detail/[phone]?4145202

Need best price for Rubber Adhesive
in Kolkata","Please Enter Brand
Polygrip
Fevicol
Nerolac

 More options
Turbo Grip
Dunlop",Msite_BL_Quantity,pre-filled,,,2026-07-28 13:05:55.000,,,,
362764078,108096179,4684a120-3fcd-48fa-8440-af32beaaf13e,,WhatsApp,,How many *Litre*?,Msite_BL_Quantity,pre-filled,,,2026-07-28 13:10:57.000,,,,
362769285,108096179,4684a120-3fcd-48fa-8440-af32beaaf13e,,WhatsApp,,"Share details for approval.
Delete Requirement
Enter Other Details",Msite_BL_Quantity,pre-filled,,,2026-07-28 13:15:58.000,,,,
362769313,108096179,4684a120-3fcd-48fa-8440-af32beaaf13e,,WhatsApp,,"Thank You!
Your requirement for Rubber Adhesive has been received. Sellers will connect with you soon.",Msite_BL_Quantity,pre-filled,,,2026-07-28 13:15:59.000,,,,
296714910,49939718,efc95cba-7ebe-4c47-af23-0f695b21c45d,,WhatsApp8181,YES,"Please Enter Material Type
Mild Steel (MS)
Stainless Steel
Wrought Iron

 More options
Galvanized Iron
Aluminum",Msite_BL_Quantity,clicked,,,2026-05-12 09:24:22.000,,,,
296715239,49939718,efc95cba-7ebe-4c47-af23-0f695b21c45d,,WhatsApp8181,Aluminum,"Please Enter Furniture Type
Racks & Shelving
Desks & Benches
Cabinets & Lockers

 More options
Gates & Grills
Trolleys & Carts
Custom Frameworks",Msite_BL_Spec,clicked,,,2026-05-12 09:24:48.000,,,,
296719543,49939718,efc95cba-7ebe-4c47-af23-0f695b21c45d,,WhatsApp8181,,"Enter Furniture Type to get best quotation
Racks & Shelving
Desks & Benches
Cabinets & Lockers

 More options
Gates & Grills
Trolleys & Carts
Custom Frameworks",Msite_BL_Spec,clicked,,,2026-05-12 09:29:49.000,,,,
296724124,49939718,efc95cba-7ebe-4c47-af23-0f695b21c45d,,WhatsApp8181,,"Share details for approval.
Delete Requirement
Enter Other Details",Msite_BL_Spec,clicked,,,2026-05-12 09:34:50.000,,,,
296724138,49939718,efc95cba-7ebe-4c47-af23-0f695b21c45d,,WhatsApp8181,,"Thank you! 

Your requirement for Steel Furniture Fabrication Service has been received.",Msite_BL_Spec,clicked,,,2026-05-12 09:34:51.000,,,,
290246299,146010610,e91a7ae5-ca6f-4bc1-8b11-fe9fe12cd685,,WhatsApp8181,YES,Please Enter Pickup City,Msite_BL_Quantity,clicked,,,2026-05-03 18:46:45.000,,,,
290249953,146010610,e91a7ae5-ca6f-4bc1-8b11-fe9fe12cd685,,WhatsApp8181,,Enter Pickup City to get best quotation,Msite_BL_Quantity,clicked,,,2026-05-03 18:51:46.000,,,,
290253443,146010610,e91a7ae5-ca6f-4bc1-8b11-fe9fe12cd685,,WhatsApp8181,,"Share details for approval.
Delete Requirement
Enter Other Details",Msite_BL_Quantity,clicked,,,2026-05-03 18:56:47.000,,,,
290253450,146010610,e91a7ae5-ca6f-4bc1-8b11-fe9fe12cd685,,WhatsApp8181,,"Thank you! 

Your requirement for Tempo Transportation Service has been received.",Msite_BL_Quantity,clicked,,,2026-05-03 18:56:48.000,,,,
290670787,146010610,b19a3d94-0202-4446-8838-9811c013c540,,WhatsApp,"https://m.indiamart.com/pd/2853434653797?6750261

Hello *Om Shanti Packers And Movers*,
Need best price for OM SHANTI PACKERS AND MOVERS
in Allahabad",Please Enter Pickup City / Location,Msite_BL_Quantity,pre-filled,,,2026-05-04 12:09:22.000,,,,
290674828,146010610,b19a3d94-0202-4446-8838-9811c013c540,,WhatsApp,,Enter Pickup City / Location to get best quotation,Msite_BL_Quantity,pre-filled,,,2026-05-04 12:14:23.000,,,,
290678984,146010610,b19a3d94-0202-4446-8838-9811c013c540,,WhatsApp,,"Share details for approval.
Delete Requirement
Enter Other Details",Msite_BL_Quantity,pre-filled,,,2026-05-04 12:19:24.000,,,,
290678988,146010610,b19a3d94-0202-4446-8838-9811c013c540,,WhatsApp,,Thank you message templated,Msite_BL_Quantity,pre-filled,,,2026-05-04 12:19:24.000,,,,
290679039,146010610,b19a3d94-0202-4446-8838-9811c013c540,,WhatsApp,"Kpr packer and movers [phone]
Packers charge 
Transport charge 
Loading unloading 
Office shifting 
Local shifting 
Household goods 
Kar carier 
Bike career",Noted,BuyLead generation,typed,,,2026-05-04 12:19:28.000,,0.565,,
290730681,146010610,b19a3d94-0202-4446-8838-9811c013c540,,WhatsApp,,"Enquiry for *OM SHANTI PACKERS AND MOVERS* has been sent!
*Call now* for latest price

📞 [phone],1017",Msite_BL_Quantity,pre-filled,,,2026-05-04 13:19:25.000,,,,
306465340,146010610,af2e199c-3699-46d3-9b62-feeebeae2741,,WhatsApp8181,Yes,Please Enter Pickup City / Location,Msite_BL_Quantity,clicked,,,2026-05-23 18:51:14.000,,,,
306468832,146010610,af2e199c-3699-46d3-9b62-feeebeae2741,,WhatsApp8181,,Enter Pickup City / Location to get best quotation,Msite_BL_Quantity,clicked,,,2026-05-23 18:56:14.000,,,,
306472534,146010610,af2e199c-3699-46d3-9b62-feeebeae2741,,WhatsApp8181,,"Share details for approval.
Delete Requirement
Enter Other Details",Msite_BL_Quantity,clicked,,,2026-05-23 19:01:15.000,,,,
306472547,146010610,af2e199c-3699-46d3-9b62-feeebeae2741,,WhatsApp8181,,"Thank you! 

Your requirement for Packers and Movers has been received.",Msite_BL_Quantity,clicked,,,2026-05-23 19:01:16.000,,,,
315812055,146010610,f5b49739-39a7-4ec0-ac6f-2014b0c6e8b1,,WhatsApp8181,YES,Please Enter Pickup City / Location,Msite_BL_Quantity,clicked,,,2026-06-04 15:54:29.000,,,,
315816410,146010610,f5b49739-39a7-4ec0-ac6f-2014b0c6e8b1,,WhatsApp8181,,Enter Pickup City / Location to get best quotation,Msite_BL_Quantity,clicked,,,2026-06-04 15:59:30.000,,,,
315820776,146010610,f5b49739-39a7-4ec0-ac6f-2014b0c6e8b1,,WhatsApp8181,,"Share details for approval.
Delete Requirement
Enter Other Details",Msite_BL_Quantity,clicked,,,2026-06-04 16:04:31.000,,,,
315820787,146010610,f5b49739-39a7-4ec0-ac6f-2014b0c6e8b1,,WhatsApp8181,,Thank you message call cta,Msite_BL_Quantity,clicked,,,2026-06-04 16:04:31.000,,,,
399688825,211860075,30d44f66-96ba-454c-b381-a3733c99ca4e,,WhatsApp8181,Yes,"Please Enter Ply
5 Ply
3 Ply
7 Ply

 More options
2 Ply",Msite_BL_Quantity,clicked,,,2026-09-05 12:58:09.000,,,,
399689045,211860075,30d44f66-96ba-454c-b381-a3733c99ca4e,,WhatsApp8181,5 Ply,,Msite_BL_Spec,clicked,,,2026-09-05 12:58:19.000,,,,
399689062,211860075,30d44f66-96ba-454c-b381-a3733c99ca4e,,WhatsApp8181,5 Ply,How many *Piece*?,Msite_BL,clicked,,,2026-09-05 12:58:20.000,,,,
399694968,211860075,30d44f66-96ba-454c-b381-a3733c99ca4e,,WhatsApp8181,,Seller is waiting for quantity to share price. Enter quantity now.,Msite_BL,clicked,,,2026-09-05 13:03:20.000,,,,
399700823,211860075,30d44f66-96ba-454c-b381-a3733c99ca4e,,WhatsApp8181,,Thank you message call cta,Msite_BL,clicked,,,2026-09-05 13:08:21.000,,,,
399805750,211860075,30d44f66-96ba-454c-b381-a3733c99ca4e,,WhatsApp8181,,"Hi! You just spoke with *Godson Tapes Private Limited* 📞
Was the call helpful?",WA_Call_Feedback,nudge,,,2026-09-05 14:40:08.000,,,,
399808360,211860075,30d44f66-96ba-454c-b381-a3733c99ca4e,,WhatsApp8181,,"Hi! You just spoke with *Shanti Packaging Industries* 📞
Was the call helpful?",WA_Call_Feedback,nudge,,,2026-09-05 14:42:34.000,,,,
399924758,211860075,30d44f66-96ba-454c-b381-a3733c99ca4e,,WhatsApp8181,,"Hi! *Bansal Box And Corrugating Industries* tried to reach you 📞
Did you connect?",WA_Callback_Connect_Q,nudge,,,2026-09-05 16:32:07.000,,,,
399961544,211860075,30d44f66-96ba-454c-b381-a3733c99ca4e,,WhatsApp8181,,How was your chat experience with IndiaMart?,MSITE_CSAT,clicked,,,2026-09-05 17:08:22.000,,,,
351624777,217760886,8b8a87fb-75bf-4e09-ba0a-576c9e844488,,WhatsApp,"https://m.indiamart.com/pd/2858164911691?1357386

Need best price for Black Stainless Steel Skirting
in Mumbai?","Please Enter Grade
304
316
316L

 More options
310
202",Msite_BL_Quantity,pre-filled,,,2026-07-15 15:59:25.000,,,,
351624853,217760886,8b8a87fb-75bf-4e09-ba0a-576c9e844488,,WhatsApp,304,,Msite_BL_Spec,clicked,,,2026-07-15 15:59:30.000,,,,
351624866,217760886,8b8a87fb-75bf-4e09-ba0a-576c9e844488,,WhatsApp,304,How many *Feet*?,Msite_BL,clicked,,,2026-07-15 15:59:31.000,,,,
351625114,217760886,8b8a87fb-75bf-4e09-ba0a-576c9e844488,,WhatsApp,30,"Please Enter Type of Requirement
Monthly
Sample Only",Msite_BL_Quantity,clicked,,,2026-07-15 15:59:46.000,,,,
351625336,217760886,8b8a87fb-75bf-4e09-ba0a-576c9e844488,,WhatsApp,Monthly,,Msite_BL_Spec,clicked,,,2026-07-15 16:00:01.000,,,,
351625345,217760886,8b8a87fb-75bf-4e09-ba0a-576c9e844488,,WhatsApp,Monthly,Share photos for your requirements!,Msite_BL,clicked,,,2026-07-15 16:00:01.000,,,,
351626003,217760886,8b8a87fb-75bf-4e09-ba0a-576c9e844488,,WhatsApp,This,Please share your current location,Msite_BL,typed,,,2026-07-15 16:00:45.000,,,,
351626076,217760886,8b8a87fb-75bf-4e09-ba0a-576c9e844488,,WhatsApp,Hyderabad,Thank you message templated,Msite_BL,clicked,,,2026-07-15 16:00:50.000,,,,
351680804,217760886,8b8a87fb-75bf-4e09-ba0a-576c9e844488,,WhatsApp,Hyderabad,Enquiry for Black Stainless Steel Skirting has been sent! Call Now for best price - Nayan Metal & Alloys,Msite_BL,clicked,,,2026-07-15 17:00:50.000,,,,
351839918,217760886,8b8a87fb-75bf-4e09-ba0a-576c9e844488,,WhatsApp,,How was your chat experience with IndiaMart?,MSITE_CSAT,clicked,,,2026-07-15 20:00:51.000,,,,
402144982,211860075,,,WhatsApp8181,,"Hi! *Mittal Traders* tried to reach you 📞
Did you connect?",WA_Callback_Connect_Q,nudge,,,2026-09-07 18:04:25.000,,,,
321904098,146010610,9389eae0-5060-409f-9809-de8a59e13244,,WhatsApp8181,Yes,Please Enter Pickup City / Location,Msite_BL_Quantity,clicked,,,2026-06-11 12:35:25.000,,,,
321910122,146010610,9389eae0-5060-409f-9809-de8a59e13244,,WhatsApp8181,,Enter Pickup City / Location to get best quotation,Msite_BL_Quantity,clicked,,,2026-06-11 12:40:26.000,,,,
321915844,146010610,9389eae0-5060-409f-9809-de8a59e13244,,WhatsApp8181,,"Share details for approval.
Delete Requirement
Enter Other Details",Msite_BL_Quantity,clicked,,,2026-06-11 12:45:27.000,,,,
321915858,146010610,9389eae0-5060-409f-9809-de8a59e13244,,WhatsApp8181,,Thank you message call cta,Msite_BL_Quantity,clicked,,,2026-06-11 12:45:27.000,,,,
405576192,66179566,d2ac300b-a9f5-4262-9e53-e0a8fecd10b7,,WhatsApp,Thank you for contacting Dee Kay Machinery Store! Please let us know how we can help you.,Thank you for contacting IndiaMART!,Auto Reply,typed,,,2026-09-10 16:03:28.000,,0.778,,
367094949,41440640,74fd8c97-7104-453d-8853-406d6dfc006e,,WhatsApp,"https://m.indiamart.com/pd/2856443969591?8677981

Hello *Chamavliya Stone*,
Need best price for Polished Kota Stone, Surface Finish: Leather Finish","Please Enter Finish
High Polish
Semi-Polished
Polished

 More options
Natural
Unpolished
Honed",Msite_BL_Quantity,pre-filled,,,2026-08-01 21:08:07.000,,,,
367095013,41440640,74fd8c97-7104-453d-8853-406d6dfc006e,,WhatsApp,Polished,,Msite_BL_Spec,clicked,,,2026-08-01 21:08:13.000,,,,
367095021,41440640,74fd8c97-7104-453d-8853-406d6dfc006e,,WhatsApp,Polished,How many *Sq ft*?,Msite_BL,clicked,,,2026-08-01 21:08:13.000,,,,
367095154,41440640,74fd8c97-7104-453d-8853-406d6dfc006e,,WhatsApp,50,"Please Enter Size
22x22 inch
23x23 inch
22.5x22.5 inch

 More options
24x24 inch
36x24 inch
48x24 inch",Msite_BL_Quantity,clicked,,,2026-08-01 21:08:23.000,,,,
367095496,41440640,74fd8c97-7104-453d-8853-406d6dfc006e,,WhatsApp,36x24 inch,"Please Enter Thickness
25 mm (1 inch)
30 mm
20 mm

 More options
18 mm
40 mm
50 mm",Msite_BL_Spec,clicked,,,2026-08-01 21:08:43.000,,,,
367095560,41440640,74fd8c97-7104-453d-8853-406d6dfc006e,,WhatsApp,30 mm,,Msite_BL_Spec,clicked,,,2026-08-01 21:08:49.000,,,,
367095572,41440640,74fd8c97-7104-453d-8853-406d6dfc006e,,WhatsApp,30 mm,Share photos for your requirements!,Msite_BL,clicked,,,2026-08-01 21:08:50.000,,,,
367099760,41440640,74fd8c97-7104-453d-8853-406d6dfc006e,,WhatsApp,,Thank you message templated,Msite_BL,clicked,,,2026-08-01 21:13:51.000,,,,
367146391,41440640,74fd8c97-7104-453d-8853-406d6dfc006e,,WhatsApp,,Enquiry for Polished Kota Stone has been sent! Call Now for best price - Chamavliya Stone,Msite_BL,clicked,,,2026-08-01 22:13:51.000,,,,
326292501,146010610,94be9c35-8c84-40e3-b8d1-2f74aebf847d,,WhatsApp8181,YES,Please Enter Pickup City / Location,Msite_BL_Quantity,typed,,,2026-06-16 09:40:23.000,,,,
326298452,146010610,94be9c35-8c84-40e3-b8d1-2f74aebf847d,,WhatsApp8181,,Enter Pickup City / Location to get best quotation,Msite_BL_Quantity,typed,,,2026-06-16 09:45:24.000,,,,
326304524,146010610,94be9c35-8c84-40e3-b8d1-2f74aebf847d,,WhatsApp8181,,"Share details for approval.
Delete Requirement
Enter Other Details",Msite_BL_Quantity,typed,,,2026-06-16 09:50:25.000,,,,
326304534,146010610,94be9c35-8c84-40e3-b8d1-2f74aebf847d,,WhatsApp8181,,Thank you message call cta,Msite_BL_Quantity,typed,,,2026-06-16 09:50:25.000,,,,
326446955,146010610,94be9c35-8c84-40e3-b8d1-2f74aebf847d,,WhatsApp8181,,"Hi! You just spoke with *Chaturvedi Packers And Movers Private Limited* 📞
Was the call helpful?",WA_Call_Feedback,nudge,,,2026-06-16 11:54:03.000,,,,
416049942,211860075,,,WhatsApp8181,,"Hi! You just spoke with *Hanu Industries Private Limited* 📞
Was the call helpful?",WA_Call_Feedback,nudge,,,2026-09-20 02:12:28.000,,,,
417998437,211860075,,,WhatsApp8181,,"Hi! You just spoke with *Ganpati Casting Pvt. Ltd.* 📞
Was the call helpful?",WA_Call_Feedback,nudge,,,2026-09-21 20:40:28.000,,,,
418822754,211860075,,,WhatsApp8181,,"Hi! You just spoke with *V5 Trade & Services Private Limited* 📞
Was the call helpful?",WA_Call_Feedback,nudge,,,2026-09-22 15:02:00.000,,,,
419711758,146010610,b29c52a0-a0f4-4cc2-82a6-33f74478dffc,,WhatsApp,Hello sir,"Hello, how can we help you today?
Buy
Paid Services
Update Company Info
More Options
Raise a Complaint
Call IndiaMART
Deactivate account
View Help Videos",Default Welcome Intent,typed,,,2026-09-23 10:43:38.000,,1.0,,
419712044,146010610,b29c52a0-a0f4-4cc2-82a6-33f74478dffc,,WhatsApp,Mere ko packer and movers ki business chalana hai aapke company se type karna,"Update Company Details
Update Company:https://seller.indiamart.com/companyprofile/manageprofile",update_company_details,typed,,,2026-09-23 10:43:50.000,,0.572,,
419713028,146010610,b29c52a0-a0f4-4cc2-82a6-33f74478dffc,,WhatsApp,ECS plan chahie mere ko,"Sorry, didnt understand
Buy
Paid Services
Update Company Info
More Options
Raise a Complaint
Call IndiaMART
Deactivate account
View Help Videos",Others,typed,,,2026-09-23 10:44:36.000,,0.937,,
419713215,146010610,b29c52a0-a0f4-4cc2-82a6-33f74478dffc,,WhatsApp,Iske mamle mein jankari ki jarurat rahegi mere,"Sorry, didnt understand
Buy
Paid Services
Update Company Info
More Options
Raise a Complaint
Call IndiaMART
Deactivate account
View Help Videos",Others,typed,,,2026-09-23 10:44:45.000,,0.937,,
419713991,146010610,b29c52a0-a0f4-4cc2-82a6-33f74478dffc,,WhatsApp,Prayagraj Uttar Pradesh,"Sorry, didnt understand
Buy
Paid Services
Update Company Info
More Options
Raise a Complaint
Call IndiaMART
Deactivate account
View Help Videos",Others,typed,,,2026-09-23 10:45:18.000,,0.937,,
419714341,146010610,b29c52a0-a0f4-4cc2-82a6-33f74478dffc,,WhatsApp,Paid Services,,Paid Services of Indiamart,clicked,,,2026-09-23 10:45:32.000,,1.0,,https://newsletters.indiamart.com/mailer/images/card-annual-01-blue-Sep%2725-option.jpg
430435313,211860075,cd766582-8d9f-4f23-9f4f-ec0c3bcf80d8,,WhatsApp8181,Yes,"Please Enter Width
1280 mm
288 mm
980 mm

 More options
430 mm
1620 mm",Msite_BL_Quantity,clicked,,,2026-09-30 21:10:50.000,,,,
430440137,211860075,cd766582-8d9f-4f23-9f4f-ec0c3bcf80d8,,WhatsApp8181,,How many *Piece*?,Msite_BL_Quantity,clicked,,,2026-09-30 21:15:51.000,,,,
430444825,211860075,cd766582-8d9f-4f23-9f4f-ec0c3bcf80d8,,WhatsApp8181,,"Share details for approval.
Delete Requirement
Enter Other Details",Msite_BL_Quantity,clicked,,,2026-09-30 21:20:52.000,,,,
430444846,211860075,cd766582-8d9f-4f23-9f4f-ec0c3bcf80d8,,WhatsApp8181,,Thank you message call cta,Msite_BL_Quantity,clicked,,,2026-09-30 21:20:52.000,,,,
431459016,211860075,,,WhatsApp,,"Hi! *Competition Packaging Private Limited* tried to reach you 📞
Did you connect?",WA_Callback_Connect_Q,nudge,,,2026-10-01 19:15:13.000,,,,
431704608,211860075,,,WhatsApp,,"Hi! *Turbo Tapes Industries* tried to reach you 📞
Did you connect?",WA_Callback_Connect_Q,nudge,,,2026-10-01 23:14:42.000,,,,
373517623,108829176,423ce054-b2db-4822-8935-d63df607c4b8,,WhatsApp,"https://m.indiamart.com/pd/2856195434573?8361323

Hello *Santosh Paper Mart*,
Need best price for Sunshine Gift Wrapping Paper (80 GSM)","Please Enter Product Form
Sheet
Roll",Msite_BL_Quantity,pre-filled,,,2026-08-08 14:08:46.000,,,,
373517800,108829176,423ce054-b2db-4822-8935-d63df607c4b8,,WhatsApp,Sheet,,Msite_BL_Spec,clicked,,,2026-08-08 14:08:56.000,,,,
373517808,108829176,423ce054-b2db-4822-8935-d63df607c4b8,,WhatsApp,Sheet,How many *Piece*?,Msite_BL,clicked,,,2026-08-08 14:08:57.000,,,,
373522718,108829176,423ce054-b2db-4822-8935-d63df607c4b8,,WhatsApp,,"Price depends on quantity.
How many *Piece*?",Msite_BL,clicked,,,2026-08-08 14:13:57.000,,,,
373527868,108829176,423ce054-b2db-4822-8935-d63df607c4b8,,WhatsApp,,Thank you message templated,Msite_BL,clicked,,,2026-08-08 14:18:58.000,,,,
373590856,108829176,423ce054-b2db-4822-8935-d63df607c4b8,,WhatsApp,,Enquiry for Sunshine Gift Wrapping Paper has been sent! Call Now for best price - Santosh Paper Mart,Msite_BL,clicked,,,2026-08-08 15:18:58.000,,,,
392074477,108829176,,,WhatsApp,,"Hi! *A One Paper Tube Factory* tried to reach you 📞
Did you connect?",WA_Callback_Connect_Q,nudge,,,2026-08-28 15:05:36.000,,,,
360061254,211860075,77980b29-65ec-443d-aadf-96956c842fd6,,WhatsApp,,Enquiry for Bopp Self Adhesive Tapes Jumbo Rolls has been sent! Call Now for best price - Dhanlaxmi Packaging Industries,Msite_BL_Quantity,pre-filled,,,2026-07-25 12:43:33.000,,,,
356687210,66179566,5043c73e-9003-4a28-b1e3-71f7609a93e3,,WhatsApp,Thank you for contacting Dee Kay Machinery Store! Please let us know how we can help you.,Thank you for contacting IndiaMART!,Auto Reply,typed,,,2026-07-21 14:31:38.000,,0.778,,
360126549,210867787,261ef93c-dcbf-45aa-b937-4f2308d82ae3,,WhatsApp8181,YES,"Please Enter Brand
MYK Laticrete
Roff
Kerakoll

 More options
UltraTech
Weber
JK",Msite_BL_Quantity,clicked,,,2026-07-25 13:48:04.000,,,,
360131136,210867787,261ef93c-dcbf-45aa-b937-4f2308d82ae3,,WhatsApp8181,,How many *Bag*?,Msite_BL_Quantity,clicked,,,2026-07-25 13:53:05.000,,,,
360135827,210867787,261ef93c-dcbf-45aa-b937-4f2308d82ae3,,WhatsApp8181,,"Share details for approval.
Delete Requirement
Enter Other Details",Msite_BL_Quantity,clicked,,,2026-07-25 13:58:06.000,,,,
360135834,210867787,261ef93c-dcbf-45aa-b937-4f2308d82ae3,,WhatsApp8181,,Thank you message call cta,Msite_BL_Quantity,clicked,,,2026-07-25 13:58:06.000,,,,
363968414,217760886,fb44c46a-041c-4a93-a4bd-fe3b61f8699d,,WhatsApp8181,YES / అవును,"Please Enter Panel Material
HPL
Boilo
HDF

 More options
Chemical Board
Wood
Stainless Steel",Msite_BL_Quantity,clicked,,,2026-07-29 17:06:59.000,,,,
363968512,217760886,fb44c46a-041c-4a93-a4bd-fe3b61f8699d,,WhatsApp8181,HPL,,Msite_BL_Spec,clicked,,,2026-07-29 17:07:05.000,,,,
363968525,217760886,fb44c46a-041c-4a93-a4bd-fe3b61f8699d,,WhatsApp8181,HPL,How many *Piece*?,Msite_BL,clicked,,,2026-07-29 17:07:06.000,,,,
363970905,217760886,fb44c46a-041c-4a93-a4bd-fe3b61f8699d,,WhatsApp8181,8,"Please Enter Hardware Material
Nylon
Stainless Steel
Aluminum

 More options
SS 304
SS 316",Msite_BL_Quantity,clicked,,,2026-07-29 17:09:30.000,,,,
363976425,217760886,fb44c46a-041c-4a93-a4bd-fe3b61f8699d,,WhatsApp8181,,How many *Piece*?,Msite_BL_Quantity,clicked,,,2026-07-29 17:14:29.000,,,,
359989009,211860075,77980b29-65ec-443d-aadf-96956c842fd6,,WhatsApp,"https://m.indiamart.com/pd/2852611023888?9393895

Need best price for Bopp Self Adhesive Tapes Jumbo Rolls","Please Enter Thickness
8 micron
18 micron
10 micron

 More options
25 micron
50 micron
12 micron",Msite_BL_Quantity,pre-filled,,,2026-07-25 11:33:31.000,,,,
359993912,211860075,77980b29-65ec-443d-aadf-96956c842fd6,,WhatsApp,,How many *Kg*?,Msite_BL_Quantity,pre-filled,,,2026-07-25 11:38:32.000,,,,
359998729,211860075,77980b29-65ec-443d-aadf-96956c842fd6,,WhatsApp,,"Share details for approval.
Delete Requirement
Enter Other Details",Msite_BL_Quantity,pre-filled,,,2026-07-25 11:43:32.000,,,,
359998732,211860075,77980b29-65ec-443d-aadf-96956c842fd6,,WhatsApp,,Thank you message templated,Msite_BL_Quantity,pre-filled,,,2026-07-25 11:43:33.000,,,,
